Date,Antinflam,Analg,Anxio,Hypnotics,Obst_airway,Antihis
1/2/2014,0.0,3.4,7.0,0.0,0.0,2.0
1/3/2014,8.0,4.4,16.0,0.0,20.0,4.0
1/4/2014,2.0,6.5,10.0,0.0,9.0,1.0
1/5/2014,4.0,7.0,8.0,0.0,3.0,0.0
1/6/2014,5.0,4.5,16.0,2.0,6.0,2.0
1/7/2014,0.0,0.0,0.0,0.0,0.0,0.0
1/8/2014,5.33,10.5,19.0,1.0,10.0,0.0
1/9/2014,7.0,8.0,16.0,0.0,3.0,2.0
1/10/2014,5.0,2.0,15.0,2.0,0.0,2.0
1/11/2014,5.0,10.4,14.0,0.0,1.0,0.2
1/12/2014,2.0,2.5,8.0,0.0,1.0,1.0
1/13/2014,7.34,6.2,9.0,0.0,7.0,1.0
1/14/2014,6.0,12.3,6.0,1.0,0.0,2.0
1/15/2014,4.0,5.0,12.0,2.0,3.0,3.0
1/16/2014,6.0,4.3,19.0,1.0,5.0,0.0
1/17/2014,2.0,8.3,15.0,0.0,6.0,3.0
1/18/2014,1.0,5.8,15.0,4.0,7.0,2.0
1/19/2014,4.33,4.0,4.0,0.0,1.0,1.0
1/20/2014,6.0,3.3,18.0,2.0,12.0,3.0
1/21/2014,2.0,4.0,15.0,2.0,0.0,1.0
1/22/2014,7.0,7.0,10.0,0.0,5.0,2.0
1/23/2014,4.0,5.2,2.0,3.0,1.0,3.0
1/24/2014,4.67,7.0,13.0,1.0,0.0,0.0
1/25/2014,6.0,5.0,18.0,0.0,5.0,1.0
1/26/2014,4.33,0.0,4.0,0.0,0.0,0.0
1/27/2014,4.34,1.2,17.0,2.0,1.0,3.0
1/28/2014,6.0,2.8,22.0,5.0,1.0,5.0
1/29/2014,5.33,2.0,10.0,1.0,1.0,2.0
1/30/2014,3.02,2.4,7.0,1.0,3.0,2.0
1/31/2014,1.0,7.1,9.0,0.0,1.0,0.0
2/1/2014,4.33,5.0,13.0,1.0,14.0,0.0
2/2/2014,7.0,0.2,6.0,2.0,8.0,0.0
2/3/2014,5.0,8.5,16.0,1.0,1.0,0.0
2/4/2014,1.33,7.0,8.0,1.0,17.0,2.0
2/5/2014,3.0,6.2,15.0,1.0,1.0,1.0
2/6/2014,3.33,3.5,17.0,2.0,5.0,2.0
2/7/2014,2.66,11.7,19.0,1.0,0.0,0.0
2/8/2014,3.33,14.4,13.0,1.0,1.0,1.0
2/9/2014,4.0,2.0,10.0,0.0,6.0,0.0
2/10/2014,5.0,8.5,20.0,3.0,3.0,1.0
2/11/2014,10.0,13.3,20.0,2.0,6.0,2.2
2/12/2014,9.0,9.1,9.0,0.0,5.0,0.0
2/13/2014,4.33,10.0,13.0,3.0,0.0,1.0
2/14/2014,4.0,3.2,13.0,4.0,0.0,6.0
2/15/2014,1.0,2.0,9.0,0.0,1.0,5.0
2/16/2014,0.0,1.2,5.0,2.0,3.0,1.0
2/17/2014,7.34,12.7,13.0,1.0,7.0,0.0
2/18/2014,7.34,6.1,14.0,0.0,13.0,5.0
2/19/2014,3.33,5.5,17.0,1.0,6.0,1.0
2/20/2014,7.0,3.2,16.0,3.0,8.0,1.0
2/21/2014,6.0,9.0,17.0,0.0,0.0,0.0
2/22/2014,7.0,5.7,12.0,0.0,1.0,0.0
2/23/2014,1.0,2.0,10.0,0.0,0.0,0.0
2/24/2014,7.0,5.5,4.0,0.0,0.0,3.0
2/25/2014,5.0,11.2,13.0,0.0,0.0,2.0
2/26/2014,5.0,1.0,5.0,0.0,12.0,1.0
2/27/2014,3.0,4.0,8.0,1.0,2.0,1.0
2/28/2014,7.0,5.3,12.0,1.0,2.0,0.0
3/1/2014,6.34,11.355,8.0,0.0,0.0,2.1
3/2/2014,3.34,2.0,2.0,0.0,0.0,1.0
3/3/2014,4.0,1.6,1.0,2.0,0.0,2.2
3/4/2014,5.34,7.2,9.0,0.0,5.0,4.0
3/5/2014,3.34,3.0,4.0,0.0,1.0,0.0
3/6/2014,3.0,5.5,17.0,1.0,5.0,1.0
3/7/2014,4.0,9.5,3.0,1.0,0.0,2.0
3/8/2014,4.34,1.0,11.0,0.0,0.0,0.0
3/9/2014,1.0,4.0,3.0,0.0,5.0,0.0
3/10/2014,6.68,3.8,11.0,0.0,0.0,2.0
3/11/2014,6.0,7.0,12.0,1.0,1.0,5.0
3/12/2014,6.34,6.5,22.0,3.0,2.0,2.0
3/13/2014,2.31,5.3,10.0,0.0,26.0,2.0
3/14/2014,4.34,1.2,11.0,0.0,1.0,2.0
3/15/2014,4.0,11.0,18.0,1.0,6.0,2.0
3/16/2014,2.68,1.4,6.0,0.0,0.0,4.0
3/17/2014,8.68,7.0,6.0,1.0,0.0,1.0
3/18/2014,8.0,5.0,9.0,0.0,0.0,4.0
3/19/2014,4.0,4.0,2.0,0.0,0.0,2.0
3/20/2014,3.0,1.6,5.0,0.0,7.0,4.2
3/21/2014,6.0,4.5,4.0,0.0,2.0,1.0
3/22/2014,3.34,0.0,10.0,2.0,18.0,8.4
3/23/2014,6.34,4.0,0.0,1.0,0.0,3.0
3/24/2014,5.68,4.0,7.0,0.0,6.0,3.5
3/25/2014,4.0,9.0,7.0,0.0,1.0,1.0
3/26/2014,2.34,9.0,7.0,3.0,3.0,0.0
3/27/2014,4.0,2.0,6.0,1.0,1.0,5.0
3/28/2014,2.67,8.0,3.0,0.0,9.0,5.0
3/29/2014,4.0,4.2,8.0,2.0,9.0,3.0
3/30/2014,3.0,0.0,4.0,0.0,0.0,7.0
3/31/2014,5.34,4.0,6.0,1.0,4.0,6.0
4/1/2014,4.34,6.5,5.0,3.0,3.0,1.0
4/2/2014,2.0,8.9,1.0,0.0,7.0,3.0
4/3/2014,1.0,3.0,4.0,0.0,0.0,4.0
4/4/2014,3.0,3.0,9.0,3.0,8.0,2.0
4/5/2014,2.0,10.0,5.0,0.0,5.0,3.0
4/6/2014,2.0,1.0,1.0,0.0,0.0,1.0
4/7/2014,6.34,6.5,4.0,0.0,0.0,1.0
4/8/2014,4.34,1.7,6.0,1.0,0.0,4.7
4/9/2014,6.0,1.0,2.0,1.0,2.0,2.6
4/10/2014,3.33,1.0,10.0,0.0,4.0,4.0
4/11/2014,6.0,3.0,2.0,2.0,0.0,2.0
4/12/2014,7.02,6.0,19.0,0.0,11.0,4.0
4/13/2014,3.0,2.0,3.0,0.0,5.0,2.0
4/14/2014,1.34,5.35,10.0,0.0,5.0,5.0
4/15/2014,4.34,6.4,12.0,0.0,10.0,1.0
4/16/2014,2.0,4.2,1.0,0.0,6.0,4.0
4/17/2014,5.34,7.2,19.0,0.0,0.0,0.0
4/18/2014,7.0,8.0,10.0,1.0,0.0,5.0
4/19/2014,7.34,4.0,7.0,0.0,3.0,5.0
4/20/2014,0.0,0.0,0.0,0.0,0.0,0.0
4/21/2014,1.34,2.1,8.0,0.0,0.0,1.0
4/22/2014,5.34,3.3,8.0,1.0,0.0,1.0
4/23/2014,6.34,3.0,8.0,1.0,2.0,1.0
4/24/2014,2.0,1.1,6.0,0.0,6.0,2.0
4/25/2014,3.0,5.0,10.0,1.0,1.0,3.0
4/26/2014,4.34,5.5,12.0,1.0,6.0,4.0
4/27/2014,4.0,2.0,2.0,0.0,1.0,1.0
4/28/2014,1.34,3.0,8.0,2.0,0.0,2.0
4/29/2014,3.33,4.4,6.0,1.0,5.0,0.4
4/30/2014,4.34,7.0,11.0,0.0,7.0,4.0
5/1/2014,0.0,0.0,0.0,0.0,0.0,0.0
5/2/2014,7.34,6.3,16.0,1.0,12.0,2.0
5/3/2014,4.0,2.0,5.0,2.0,0.0,2.5
5/4/2014,1.67,1.2,3.0,0.0,0.0,3.0
5/5/2014,3.0,5.0,7.0,0.0,3.0,4.0
5/6/2014,7.34,4.0,10.0,2.0,6.0,5.0
5/7/2014,3.33,3.0,8.0,1.0,3.0,11.0
5/8/2014,2.0,3.4,10.0,3.0,0.0,5.0
5/9/2014,2.0,4.2,12.0,2.0,1.0,2.0
5/10/2014,5.0,9.0,15.0,3.0,1.0,5.0
5/11/2014,2.0,1.0,7.0,0.0,1.0,4.0
5/12/2014,4.34,9.0,8.0,0.0,5.0,2.0
5/13/2014,3.68,6.2,7.0,0.0,25.0,7.5
5/14/2014,1.0,6.0,4.0,0.0,0.0,3.0
5/15/2014,2.34,3.0,7.0,0.0,1.0,2.0
5/16/2014,5.34,3.0,10.0,1.0,11.0,1.0
5/17/2014,2.34,3.0,14.0,1.0,0.0,2.0
5/18/2014,3.34,5.0,6.0,0.0,0.0,1.0
5/19/2014,8.34,6.1,5.0,0.0,3.0,9.0
5/20/2014,1.0,7.0,10.0,1.0,0.0,3.6
5/21/2014,2.0,9.5,6.0,1.0,0.0,3.0
5/22/2014,3.68,1.2,8.0,0.0,2.0,4.0
5/23/2014,5.0,3.9,8.0,2.0,10.0,7.0
5/24/2014,3.0,5.0,11.0,1.0,0.0,9.0
5/25/2014,2.0,1.0,8.0,0.0,5.0,1.0
5/26/2014,2.68,7.4,7.0,1.0,0.0,5.0
5/27/2014,0.0,5.0,12.0,1.0,1.0,6.0
5/28/2014,1.34,1.4,9.0,0.0,2.0,5.1
5/29/2014,4.0,6.3,13.0,0.0,0.0,2.0
5/30/2014,3.02,2.0,14.0,0.0,0.0,5.0
5/31/2014,5.67,2.0,10.0,0.0,15.0,2.0
6/1/2014,1.0,1.0,4.0,1.0,1.0,3.0
6/2/2014,4.0,10.0,16.0,3.0,0.0,3.0
6/3/2014,3.0,2.4,7.0,2.0,5.0,3.0
6/4/2014,1.0,3.5,6.0,0.0,1.0,2.5
6/5/2014,0.34,4.5,4.0,0.0,0.0,5.0
6/6/2014,5.0,3.0,15.0,2.0,1.0,5.0
6/7/2014,9.0,7.5,8.0,1.0,6.0,7.0
6/8/2014,1.0,3.0,8.0,0.0,6.0,2.0
6/9/2014,6.33,5.0,17.0,4.0,0.0,11.0
6/10/2014,8.68,4.3,16.0,2.0,2.0,6.5
6/11/2014,4.34,2.3,16.0,2.0,12.0,9.0
6/12/2014,4.34,1.0,12.0,0.0,2.0,3.0
6/13/2014,1.0,5.0,11.0,0.0,3.0,1.0
6/14/2014,4.0,6.0,10.0,0.0,1.0,3.0
6/15/2014,0.34,0.0,5.0,0.0,0.0,3.3
6/16/2014,4.34,7.4,11.0,0.0,5.0,5.0
6/17/2014,5.0,4.0,12.0,2.0,0.0,3.0
6/18/2014,2.0,4.7,6.0,0.0,1.0,3.0
6/19/2014,3.0,1.0,8.0,0.0,0.0,1.0
6/20/2014,7.34,3.0,9.0,0.0,3.0,6.0
6/21/2014,6.0,2.0,12.0,3.0,0.0,3.0
6/22/2014,4.0,4.0,8.0,0.0,2.0,3.0
6/23/2014,2.34,3.0,12.0,0.0,2.0,3.0
6/24/2014,3.0,4.0,23.0,0.0,2.0,4.0
6/25/2014,8.0,7.0,19.0,0.0,0.0,1.0
6/26/2014,3.0,11.3,14.0,0.0,0.0,1.0
6/27/2014,4.34,6.0,13.0,0.0,1.0,3.0
6/28/2014,0.34,5.0,14.0,1.0,1.0,5.0
6/29/2014,0.0,1.0,1.0,0.0,0.0,1.0
6/30/2014,6.0,1.0,6.0,0.0,0.0,0.0
7/1/2014,4.34,2.0,10.0,0.0,0.0,2.0
7/2/2014,3.0,4.0,7.0,0.0,6.0,3.0
7/3/2014,2.33,7.0,7.0,2.0,0.0,2.0
7/4/2014,4.34,7.0,14.0,0.0,2.0,3.0
7/5/2014,3.34,6.0,11.0,1.0,0.0,0.0
7/6/2014,4.0,3.0,9.0,0.0,0.0,0.0
7/7/2014,2.0,4.0,11.0,0.0,0.0,4.0
7/8/2014,6.34,3.0,3.0,0.0,5.0,1.0
7/9/2014,3.0,5.0,6.0,4.0,0.0,2.2
7/10/2014,2.33,8.0,32.0,0.0,5.0,4.0
7/11/2014,2.0,3.2,17.0,0.0,5.0,1.0
7/12/2014,8.34,10.5,12.0,3.0,12.0,4.0
7/13/2014,2.0,1.0,2.0,0.0,0.0,0.0
7/14/2014,5.0,3.0,19.0,1.0,2.0,2.0
7/15/2014,3.34,1.0,18.0,0.0,0.0,1.3
7/16/2014,4.0,3.0,12.0,1.0,4.0,0.0
7/17/2014,2.0,5.0,14.0,1.0,0.0,1.0
7/18/2014,9.0,1.5,6.0,3.0,0.0,4.0
7/19/2014,7.33,6.0,10.0,0.0,6.0,6.0
7/20/2014,3.0,1.0,5.0,0.0,0.0,0.1
7/21/2014,3.0,8.0,13.0,1.0,0.0,2.0
7/22/2014,5.0,3.0,7.0,0.0,1.0,2.0
7/23/2014,2.67,2.0,19.0,0.0,0.0,3.0
7/24/2014,5.34,4.4,5.0,0.0,0.0,2.0
7/25/2014,5.0,7.5,15.0,1.0,1.0,2.0
7/26/2014,4.0,6.2,13.0,0.0,0.0,4.0
7/27/2014,3.0,2.0,5.0,0.0,6.0,1.0
7/28/2014,2.0,2.0,9.0,0.0,0.0,2.0
7/29/2014,2.34,1.0,15.0,3.0,0.0,5.0
7/30/2014,0.68,5.0,14.0,0.0,6.0,4.5
7/31/2014,3.0,4.0,8.0,0.0,0.0,1.0
8/1/2014,2.0,2.2,17.0,1.0,0.0,1.0
8/2/2014,5.0,6.0,12.0,0.0,5.0,3.0
8/3/2014,5.0,3.0,5.0,5.0,0.0,0.0
8/4/2014,4.0,6.0,14.0,0.0,0.0,4.0
8/5/2014,2.0,3.0,9.0,0.0,0.0,0.0
8/6/2014,6.0,1.4,7.0,1.0,1.0,1.0
8/7/2014,3.34,3.0,13.0,1.0,0.0,2.0
8/8/2014,5.02,5.0,12.0,3.0,2.0,2.0
8/9/2014,4.0,6.0,24.0,3.0,0.0,5.9
8/10/2014,4.0,4.0,4.0,0.0,0.0,2.0
8/11/2014,8.0,9.2,18.0,0.0,0.0,2.0
8/12/2014,0.0,4.5,8.0,1.0,0.0,4.6
8/13/2014,1.34,1.0,11.0,0.0,0.0,7.0
8/14/2014,4.0,6.0,13.0,0.0,0.0,6.0
8/15/2014,4.34,7.0,15.0,2.0,3.0,2.0
8/16/2014,8.0,5.0,27.0,2.0,0.0,1.0
8/17/2014,0.34,2.0,7.0,0.0,0.0,1.0
8/18/2014,4.34,3.1,21.0,3.0,10.0,2.0
8/19/2014,11.34,5.0,13.0,1.0,3.0,1.1
8/20/2014,5.34,1.4,10.0,2.0,0.0,1.0
8/21/2014,3.0,2.0,16.0,1.0,0.0,2.2
8/22/2014,6.34,5.0,15.0,0.0,0.0,1.0
8/23/2014,3.0,1.0,5.0,0.0,0.0,4.0
8/24/2014,3.0,3.0,12.0,0.0,1.0,0.0
8/25/2014,4.01,3.0,21.0,0.0,0.0,0.0
8/26/2014,2.34,3.0,14.0,1.0,1.0,3.0
8/27/2014,3.34,4.0,14.0,0.0,0.0,3.0
8/28/2014,2.34,6.0,19.0,0.0,4.0,0.0
8/29/2014,6.34,5.0,18.0,1.0,0.0,3.0
8/30/2014,3.68,7.0,13.0,1.0,0.0,4.0
8/31/2014,0.0,1.0,13.0,0.0,7.0,2.0
9/1/2014,3.34,1.0,15.0,0.0,0.0,5.5
9/2/2014,2.34,5.2,7.0,0.0,2.0,3.0
9/3/2014,7.0,4.0,12.0,0.0,2.0,3.0
9/4/2014,5.68,3.0,21.0,1.0,0.0,1.0
9/5/2014,4.0,3.0,15.0,2.0,0.0,2.0
9/6/2014,5.34,2.4,30.0,2.0,5.0,3.1
9/7/2014,2.0,5.0,9.0,0.0,0.0,1.0
9/8/2014,1.0,3.5,15.0,0.0,1.0,4.0
9/9/2014,6.34,4.0,17.0,0.0,2.0,1.2
9/10/2014,4.34,3.5,12.0,0.0,0.0,1.0
9/11/2014,0.0,4.0,15.0,0.0,10.0,0.0
9/12/2014,2.68,1.0,19.0,0.0,8.0,1.0
9/13/2014,3.0,4.4,20.0,0.0,1.0,3.0
9/14/2014,1.34,2.0,6.0,0.0,6.0,0.0
9/15/2014,1.34,5.4,9.0,0.0,1.0,0.0
9/16/2014,4.0,0.0,13.0,0.0,0.0,0.0
9/17/2014,2.34,4.0,11.0,2.0,19.0,4.0
9/18/2014,3.0,1.0,7.0,0.0,0.0,1.0
9/19/2014,2.0,7.8,8.0,0.0,22.0,0.0
9/20/2014,4.34,4.5,14.0,1.0,2.0,0.0
9/21/2014,1.0,6.0,7.0,0.0,0.0,3.0
9/22/2014,3.34,5.5,10.0,1.0,0.0,2.0
9/23/2014,3.0,5.5,10.0,0.0,1.0,2.0
9/24/2014,6.0,1.4,14.0,0.0,0.0,0.0
9/25/2014,4.68,8.2,15.0,1.0,1.0,5.0
9/26/2014,4.0,3.5,22.0,2.0,0.0,1.0
9/27/2014,4.0,6.0,18.0,0.0,0.0,4.0
9/28/2014,0.34,1.0,6.0,0.0,0.0,2.0
9/29/2014,7.0,2.3,12.0,0.0,10.0,4.0
9/30/2014,10.0,4.0,10.0,2.0,22.0,2.0
10/1/2014,2.34,2.4,15.0,0.0,11.0,2.0
10/2/2014,2.0,5.0,11.0,0.0,2.0,1.0
10/3/2014,4.33,5.9,12.0,0.0,11.0,2.0
10/4/2014,4.68,8.0,12.0,1.0,25.0,0.0
10/5/2014,2.0,3.0,1.0,0.0,0.0,3.0
10/6/2014,5.34,2.4,13.0,1.0,0.0,1.0
10/7/2014,3.0,2.2,17.0,1.0,5.0,0.0
10/8/2014,3.68,7.0,17.0,0.0,0.0,2.0
10/9/2014,1.0,6.0,10.0,2.0,5.0,0.0
10/10/2014,4.34,9.0,24.0,3.0,6.0,0.5
10/11/2014,3.34,5.0,15.0,0.0,0.0,5.0
10/12/2014,3.0,1.5,7.0,0.0,5.0,2.0
10/13/2014,1.68,6.2,11.0,0.0,1.0,2.0
10/14/2014,3.0,4.8,7.0,0.0,11.0,0.0
10/15/2014,1.33,3.5,14.0,1.0,2.0,4.0
10/16/2014,6.775,2.9375,9.0625,0.625,5.0,2.1875
10/17/2014,3.0,3.4,22.0,3.0,0.0,2.0
10/18/2014,4.0,5.5,24.0,0.0,3.0,2.0
10/19/2014,3.33,2.0,9.0,0.0,6.0,1.0
10/20/2014,3.34,7.3,25.0,2.0,0.0,1.0
10/21/2014,2.34,6.4,11.0,0.0,20.0,1.0
10/22/2014,3.33,2.6,7.0,0.0,2.0,1.0
10/23/2014,1.34,0.0,7.0,1.0,0.0,0.0
10/24/2014,3.67,6.3,18.0,0.0,5.0,1.0
10/25/2014,2.33,1.0,21.0,0.0,2.0,5.0
10/26/2014,3.34,1.6,6.0,0.0,1.0,1.0
10/27/2014,8.34,4.0,17.0,1.0,3.0,0.0
10/28/2014,4.0,10.0,23.0,0.0,0.0,2.0
10/29/2014,5.0,6.6,20.0,2.0,27.0,1.0
10/30/2014,0.0,5.0,11.0,1.0,2.0,0.0
10/31/2014,2.0,4.0,16.0,0.0,0.0,2.0
11/1/2014,2.33,3.5,22.0,0.0,7.0,1.0
11/2/2014,4.0,1.0,3.5,0.0,0.0,1.0
11/3/2014,7.0,1.0,19.0,0.0,5.0,1.0
11/4/2014,6.33,5.2,15.0,0.0,0.0,1.0
11/5/2014,0.0,4.0,19.0,3.0,1.0,0.0
11/6/2014,6.0,5.2,23.0,1.0,0.0,0.0
11/7/2014,6.0,5.5,32.0,1.0,0.0,1.0
11/8/2014,12.0,6.0,24.0,0.0,17.0,2.2
11/9/2014,3.34,2.9,20.0,0.0,2.0,1.0
11/10/2014,1.0,3.3,13.0,0.0,7.0,1.0
11/11/2014,8.0,2.0,18.0,0.0,8.0,2.0
11/12/2014,3.0,4.0,16.0,0.0,3.0,0.0
11/13/2014,8.0,5.0,10.0,0.0,0.0,2.2
11/14/2014,5.34,6.0,20.0,1.0,2.0,3.0
11/15/2014,4.33,5.0,20.0,2.0,2.0,2.0
11/16/2014,2.0,6.0,13.0,1.0,0.0,0.0
11/17/2014,9.0,5.5,23.0,1.0,10.0,0.2
11/18/2014,2.67,5.0,10.5,1.0,0.0,1.0
11/19/2014,1.34,10.0,17.0,0.0,10.0,4.0
11/20/2014,4.0,5.0,13.0,0.0,8.0,0.0
11/21/2014,1.34,3.0,16.0,0.0,2.0,1.0
11/22/2014,6.0,3.0,15.0,1.0,8.0,1.4
11/23/2014,4.0,6.0,11.0,0.0,0.0,1.1
11/24/2014,4.0,6.0,19.0,1.0,1.0,2.1
11/25/2014,5.36,2.0,18.0,0.0,2.0,3.0
11/26/2014,3.0,6.0,13.0,3.0,11.0,2.0
11/27/2014,7.0,2.3,9.0,1.0,4.0,3.0
11/28/2014,3.02,15.0,12.0,1.0,2.0,1.0
11/29/2014,3.0,3.3,16.0,0.0,0.0,5.0
11/30/2014,5.68,5.0,9.0,1.0,0.0,2.0
12/1/2014,4.34,0.0,19.0,0.0,2.0,2.0
12/2/2014,6.99,3.7,26.0,0.0,4.0,1.0
12/3/2014,4.0,5.0,23.0,2.0,13.0,3.2
12/4/2014,3.0,3.6,16.0,1.0,1.0,0.0
12/5/2014,2.02,1.0,15.0,1.0,1.0,2.2
12/6/2014,3.34,1.0,9.0,0.0,7.0,1.0
12/7/2014,5.0,4.0,6.0,0.0,12.0,0.0
12/8/2014,1.0,2.0,9.0,0.0,0.0,0.0
12/9/2014,1.0,7.0,12.0,1.0,0.0,2.0
12/10/2014,3.34,2.0,28.0,3.0,6.0,0.0
12/11/2014,2.34,7.0,21.0,2.0,0.0,0.0
12/12/2014,6.34,5.6,18.0,0.0,2.0,0.0
12/13/2014,1.0,2.4,11.0,1.0,7.0,0.0
12/14/2014,10.0,4.4,10.0,0.0,6.0,1.0
12/15/2014,5.34,7.64,14.0,1.0,9.0,1.0
12/16/2014,6.34,6.2,23.0,3.0,4.0,1.0
12/17/2014,3.0,3.5,17.0,2.0,8.0,0.0
12/18/2014,5.0,3.0,9.0,0.0,0.0,0.0
12/19/2014,0.0,0.0,0.0,0.0,0.0,0.0
12/20/2014,1.0,2.0,9.0,0.0,0.0,3.0
12/21/2014,4.33,2.0,6.0,0.0,10.0,1.0
12/22/2014,3.34,2.2840000000000003,43.0,1.0,13.0,4.0
12/23/2014,10.5,4.6,13.0,2.0,15.0,0.0
12/24/2014,1.0,1.0,16.0,0.0,2.0,2.0
12/25/2014,8.34,9.5,16.0,0.0,2.0,2.0
12/26/2014,3.33,3.0,25.0,1.0,0.0,0.0
12/27/2014,7.33,4.4,26.0,0.0,9.0,3.0
12/28/2014,2.34,3.0,15.0,0.0,13.0,1.0
12/29/2014,2.33,4.0,5.0,1.0,2.0,0.0
12/30/2014,9.0,3.8,18.0,0.0,5.0,2.0
12/31/2014,5.67,2.5,14.0,3.0,10.0,1.0
1/1/2015,0.0,0.0,0.0,0.0,0.0,0.0
1/2/2015,6.0,4.9,13.0,0.0,6.25,2.0
1/3/2015,9.0,6.0,11.0,3.0,0.0,4.0
1/4/2015,4.68,3.5,4.0,0.0,2.0,1.0
1/5/2015,2.34,1.0,14.0,0.0,16.0,3.0
1/6/2015,3.0,7.3,13.0,0.0,3.0,0.0
1/7/2015,0.0,0.0,0.0,0.0,0.0,0.0
1/8/2015,2.0,1.2,13.0,1.0,1.0,2.0
1/9/2015,3.0,9.4,33.0,2.0,7.0,2.0
1/10/2015,6.0,7.0,14.0,3.0,1.0,1.0
1/11/2015,3.0,7.0,11.0,1.0,11.0,2.0
1/12/2015,2.33,7.5,18.0,0.0,6.0,1.0
1/13/2015,10.34,10.0,14.0,2.0,4.0,2.0
1/14/2015,3.0,5.0,20.0,0.0,1.0,0.0
1/15/2015,6.67,1.0,13.0,0.0,15.0,2.0
1/16/2015,6.33,3.8,16.0,2.0,6.0,2.0
1/17/2015,6.68,7.0,18.0,0.0,0.0,0.0
1/18/2015,4.0,4.5,16.0,0.0,0.0,2.0
1/19/2015,5.34,1.1,12.0,0.0,20.0,2.0
1/20/2015,4.34,6.0,24.0,1.0,4.0,1.0
1/21/2015,4.0,2.0,17.0,1.0,0.0,1.0
1/22/2015,4.0,4.0,19.0,0.0,0.0,1.0
1/23/2015,3.67,8.0,14.0,0.0,7.0,2.0
1/24/2015,4.34,9.2,31.0,0.0,22.0,1.0
1/25/2015,4.0,1.9,11.0,1.0,5.0,0.0
1/26/2015,8.5,4.0,15.0,0.0,13.0,0.0
1/27/2015,2.67,1.0,14.0,0.0,0.0,0.0
1/28/2015,3.0,3.0,18.0,3.0,5.0,3.0
1/29/2015,4.34,8.7,16.0,3.0,11.0,3.0
1/30/2015,1.0,1.0,19.0,1.0,0.0,0.0
1/31/2015,8.34,5.0,12.0,0.0,11.0,2.0
2/1/2015,4.34,7.0,7.0,1.0,0.0,1.0
2/2/2015,6.0,5.1,14.0,0.0,3.0,2.0
2/3/2015,3.33,6.2,18.0,0.0,6.0,5.0
2/4/2015,2.34,2.4,6.0,0.0,12.0,0.0
2/5/2015,2.0,3.0,12.0,0.0,2.0,1.0
2/6/2015,3.33,7.3,7.0,1.0,13.0,1.0
2/7/2015,2.0,1.9,9.0,0.0,0.0,2.0
2/8/2015,1.34,5.7,8.0,0.0,0.0,0.0
2/9/2015,3.33,9.6,8.0,1.0,0.0,1.0
2/10/2015,3.66,7.0,11.0,0.0,6.0,3.0
2/11/2015,3.0,3.6,16.0,0.0,20.0,2.0
2/12/2015,3.0,6.0,11.0,1.0,5.0,0.0
2/13/2015,6.01,7.0,11.0,1.0,22.0,1.0
2/14/2015,4.33,6.7,13.0,1.0,5.0,4.0
2/15/2015,11.68,4.3,7.0,0.0,7.0,2.0
2/16/2015,3.01,4.0,4.0,0.0,10.0,0.0
2/17/2015,5.33,4.0,3.0,0.0,6.0,1.0
2/18/2015,1.0,1.33,4.0,0.0,11.0,0.0
2/19/2015,2.0,4.0,2.0,2.0,6.0,3.0
2/20/2015,5.33,0.5,5.0,0.0,25.0,6.0
2/21/2015,3.0,4.8,9.0,0.0,0.0,3.0
2/22/2015,2.0,2.0,7.0,0.0,11.0,1.0
2/23/2015,5.0,7.5,9.0,0.0,20.0,0.0
2/24/2015,3.68,6.2,11.0,0.0,11.0,2.0
2/25/2015,7.0,6.1,8.0,0.0,2.0,2.0
2/26/2015,6.0,2.0,13.0,0.0,1.0,1.0
2/27/2015,6.33,5.0,1.0,1.0,0.0,0.0
2/28/2015,6.34,1.6,9.0,0.0,4.0,3.0
3/1/2015,9.0,2.7,3.0,4.0,0.0,4.0
3/2/2015,6.67,3.5,6.0,1.0,2.0,3.0
3/3/2015,8.0,4.5,14.0,0.0,1.0,4.0
3/4/2015,9.68,3.3,4.0,0.0,11.0,1.0
3/5/2015,6.0,3.0,2.0,0.0,0.0,0.0
3/6/2015,2.0,6.0,4.0,0.0,1.0,1.0
3/7/2015,3.33,1.0,0.0,0.0,0.0,0.0
3/8/2015,6.0,2.4,9.0,0.0,2.0,1.0
3/9/2015,2.0,5.0,10.0,0.0,1.0,1.0
3/10/2015,1.34,5.0,6.0,0.0,6.0,3.0
3/11/2015,11.0,3.2,9.0,0.0,4.0,0.0
3/12/2015,2.68,6.1,5.0,0.0,2.0,3.0
3/13/2015,4.0,6.7,11.0,2.0,1.0,0.0
3/14/2015,2.66,4.0,9.0,0.0,9.0,3.0
3/15/2015,3.34,3.0,3.0,0.0,12.0,3.0
3/16/2015,8.0,4.9,8.0,0.0,0.0,1.0
3/17/2015,5.0,4.6,9.0,1.0,2.0,0.0
3/18/2015,7.33,5.3,5.0,0.0,20.0,2.0
3/19/2015,2.0,1.5,7.0,0.0,15.0,0.0
3/20/2015,1.0,3.0,13.0,1.0,5.0,1.0
3/21/2015,10.33,3.0,4.0,0.0,6.0,2.0
3/22/2015,8.34,2.0,9.0,0.0,10.0,0.0
3/23/2015,2.0,7.0,5.0,0.0,0.0,2.0
3/24/2015,4.0,5.2,8.0,2.0,9.0,4.0
3/25/2015,3.68,6.4,10.0,2.0,13.0,1.0
3/26/2015,5.0,3.0,10.0,0.0,6.0,5.0
3/27/2015,3.0,2.0,3.0,0.0,22.0,1.0
3/28/2015,1.33,3.0,6.0,0.0,0.0,2.0
3/29/2015,6.0,2.3,7.0,0.0,8.0,2.0
3/30/2015,6.33,10.0,4.0,0.0,0.0,0.0
3/31/2015,5.0,11.2,5.0,0.0,2.0,4.0
4/1/2015,6.34,1.0,7.0,2.0,5.0,1.0
4/2/2015,5.0,5.4,3.0,0.0,3.0,5.0
4/3/2015,5.33,4.0,12.0,0.0,0.0,4.0
4/4/2015,3.67,6.0,7.0,1.0,5.0,6.0
4/5/2015,3.34,4.5,4.0,0.0,0.0,1.0
4/6/2015,7.33,5.3,4.0,0.0,3.0,2.0
4/7/2015,6.0,6.7,8.0,0.0,8.0,1.0
4/8/2015,4.0,3.0,11.0,0.0,10.0,4.0
4/9/2015,1.33,8.0,8.0,0.0,6.0,1.0
4/10/2015,9.84,4.0,5.0,2.0,8.0,5.0
4/11/2015,11.68,3.4,9.0,0.0,5.0,6.0
4/12/2015,0.0,0.0,0.0,0.0,0.0,0.0
4/13/2015,6.67,7.0,5.0,0.0,3.0,7.0
4/14/2015,4.66,7.0,5.0,0.0,5.0,2.0
4/15/2015,2.0,3.0,15.0,0.0,0.0,2.0
4/16/2015,2.34,7.2,7.0,0.0,9.0,4.0
4/17/2015,9.33,3.0,6.0,0.0,1.0,5.0
4/18/2015,7.33,1.0,1.0,0.0,1.0,4.0
4/19/2015,9.32,3.8,3.0,0.0,0.0,2.0
4/20/2015,3.0,3.7,13.0,0.0,1.0,3.0
4/21/2015,6.33,2.0,9.0,0.0,0.0,6.0
4/22/2015,1.33,3.2,3.0,0.0,1.0,2.0
4/23/2015,4.0,1.0,8.0,0.0,1.0,4.0
4/24/2015,10.0,4.0,5.0,0.0,1.0,5.0
4/25/2015,5.0,8.0,3.0,0.0,1.0,3.0
4/26/2015,7.0,3.0,5.0,0.0,1.0,1.0
4/27/2015,3.0,4.0,10.0,0.0,0.0,10.0
4/28/2015,4.33,3.1,7.0,0.0,5.0,6.0
4/29/2015,2.0,4.2,2.0,0.0,11.0,3.0
4/30/2015,3.0,2.6,7.0,0.0,3.0,7.0
5/1/2015,5.34,4.94,4.0,0.0,0.0,4.7
5/2/2015,5.0,3.0,6.0,2.0,0.0,5.0
5/3/2015,6.67,2.1,4.0,0.0,1.0,6.0
5/4/2015,4.0,8.6,5.0,1.0,10.0,3.3
5/5/2015,3.34,2.0,6.0,0.0,5.0,2.5
5/6/2015,4.66,2.0,11.0,0.0,0.0,6.0
5/7/2015,2.0,2.0,4.0,1.0,5.0,10.0
5/8/2015,1.0,5.0,8.0,0.0,4.0,1.0
5/9/2015,3.66,7.4,11.0,1.0,1.0,6.0
5/10/2015,3.34,3.8,3.0,0.0,1.0,10.0
5/11/2015,3.33,5.9,3.0,0.0,6.0,4.0
5/12/2015,7.33,8.2,13.0,0.0,0.0,8.0
5/13/2015,8.0,9.0,5.0,0.0,2.0,4.5
5/14/2015,3.0,3.0,1.0,0.0,0.0,5.0
5/15/2015,3.34,4.3,8.0,0.0,4.0,3.2
5/16/2015,5.0,4.1,4.0,0.0,0.0,4.0
5/17/2015,5.0,5.0,0.0,0.0,0.0,8.0
5/18/2015,7.0,5.2,6.0,1.0,2.0,2.2
5/19/2015,3.0,3.0,8.0,0.0,0.0,3.0
5/20/2015,5.67,2.0,12.0,1.0,5.0,6.0
5/21/2015,6.0,3.0,5.0,0.0,1.0,3.3
5/22/2015,3.0,2.0,8.0,0.0,0.0,7.0
5/23/2015,5.68,5.0,10.0,0.0,2.0,7.0
5/24/2015,5.33,3.0,5.0,0.0,0.0,1.3
5/25/2015,9.66,4.0,11.0,3.0,0.0,3.0
5/26/2015,7.34,4.5,11.0,0.0,22.0,10.0
5/27/2015,4.0,2.0,7.0,0.0,0.0,1.0
5/28/2015,6.0,6.7,3.0,0.0,20.0,3.0
5/29/2015,6.33,3.0,6.0,0.0,5.0,3.0
5/30/2015,14.0,6.0,4.0,0.0,4.0,8.0
5/31/2015,3.0,6.3,2.0,0.0,0.0,10.5
6/1/2015,4.66,2.5,12.0,0.0,2.0,3.0
6/2/2015,8.33,7.9,10.0,4.0,3.0,6.0
6/3/2015,5.0,5.3,9.0,0.0,6.0,2.0
6/4/2015,2.33,3.0,5.0,0.0,2.0,2.0
6/5/2015,5.0,5.0,6.0,0.0,1.0,7.0
6/6/2015,3.68,2.0,6.0,0.0,17.0,2.0
6/7/2015,6.34,2.0,6.0,1.0,22.0,6.0
6/8/2015,6.0,2.5,10.0,1.0,3.0,7.0
6/9/2015,3.0,4.0,14.0,0.0,0.0,4.6
6/10/2015,4.34,8.0,6.0,0.0,7.0,2.0
6/11/2015,6.0,5.1,11.0,0.0,1.0,3.0
6/12/2015,1.67,2.0,2.0,2.0,0.0,5.0
6/13/2015,2.33,7.3,6.0,0.0,12.0,4.0
6/14/2015,5.0,1.6,6.0,0.0,3.0,2.0
6/15/2015,4.0,5.0,9.0,0.0,6.0,9.0
6/16/2015,7.0,4.0,6.0,0.0,8.0,5.0
6/17/2015,3.66,8.66,10.0,1.0,20.0,2.0
6/18/2015,3.0,7.0,4.0,0.0,23.0,3.6
6/19/2015,5.33,3.1,13.0,2.0,10.0,6.3
6/20/2015,9.34,3.0,5.0,0.0,10.0,7.0
6/21/2015,9.34,5.0,5.0,0.0,6.0,2.0
6/22/2015,5.17,9.6,0.0,0.0,1.0,5.0
6/23/2015,4.67,3.5,7.0,0.0,5.0,5.0
6/24/2015,3.83,7.0,5.0,1.0,4.0,3.0
6/25/2015,6.33,6.0,4.0,0.0,0.0,3.0
6/26/2015,7.17,2.0,3.0,0.0,1.0,4.0
6/27/2015,7.33,6.0,10.0,0.0,1.0,2.0
6/28/2015,5.34,7.4,0.0,0.0,6.0,6.0
6/29/2015,5.68,4.0,15.0,0.0,11.0,3.0
6/30/2015,1.0,6.0,12.0,0.0,2.0,4.3
7/1/2015,8.83,5.4,14.0,1.0,12.0,10.0
7/2/2015,3.0,1.0,3.0,0.0,1.0,2.0
7/3/2015,5.5,3.5,10.0,0.0,8.0,4.0
7/4/2015,7.35,4.2,2.0,0.0,0.0,3.0
7/5/2015,5.0,4.2,10.0,0.0,1.0,4.0
7/6/2015,5.5,2.0,8.0,0.0,3.0,3.0
7/7/2015,4.84,2.3,5.0,0.0,3.0,7.0
7/8/2015,2.0,3.0,6.0,0.0,5.0,3.0
7/9/2015,2.34,2.0,4.0,0.0,0.0,5.0
7/10/2015,5.5,5.0,15.0,0.0,8.0,6.0
7/11/2015,4.0,4.9,9.0,0.0,2.0,10.0
7/12/2015,6.33,5.0,5.0,0.0,0.0,6.5
7/13/2015,3.68,8.0,5.0,0.0,0.0,3.0
7/14/2015,0.34,5.0,1.0,0.0,2.0,2.0
7/15/2015,8.49,4.0,5.0,0.0,1.0,9.0
7/16/2015,8.34,1.0,3.0,0.0,2.0,4.0
7/17/2015,2.5,1.0,3.0,0.0,0.0,2.3
7/18/2015,3.68,2.0,8.0,3.0,1.0,3.0
7/19/2015,11.68,2.0,1.0,0.0,1.0,3.0
7/20/2015,5.84,5.0,4.0,0.0,0.0,2.0
7/21/2015,4.68,3.2,7.0,0.0,1.0,4.0
7/22/2015,9.33,5.0,10.0,0.0,5.0,3.0
7/23/2015,1.5,3.0,3.0,0.0,0.0,2.0
7/24/2015,6.0,3.6,9.0,1.0,1.0,10.0
7/25/2015,4.0,5.0,7.0,1.0,0.0,4.0
7/26/2015,5.0,3.0,4.0,0.0,0.0,0.0
7/27/2015,7.34,7.0,9.0,0.0,0.0,1.5
7/28/2015,14.18,1.0,14.0,0.0,1.0,3.0
7/29/2015,10.34,4.0,8.0,0.0,2.0,1.0
7/30/2015,3.0,14.0,3.0,0.0,0.0,4.0
7/31/2015,5.5,6.2,8.0,0.0,0.0,6.0
8/1/2015,5.0,4.0,14.0,0.0,0.0,2.0
8/2/2015,5.0,4.0,9.0,0.0,0.0,2.0
8/3/2015,1.5,1.5,3.5,1.0,5.0,1.0
8/4/2015,6.34,3.0,5.0,1.0,0.0,4.0
8/5/2015,5.0,4.2,3.5,0.0,0.0,1.0
8/6/2015,5.33,8.0,11.0,0.0,3.0,2.0
8/7/2015,4.33,6.0,9.0,2.0,1.0,6.0
8/8/2015,6.33,7.0,5.0,0.0,0.0,0.7
8/9/2015,5.0,2.0,5.0,0.0,2.0,3.0
8/10/2015,3.67,4.2,12.5,0.0,1.0,5.0
8/11/2015,12.33,7.4,10.0,0.0,0.0,4.0
8/12/2015,8.67,4.0,9.5,0.0,1.0,1.0
8/13/2015,8.0,6.0,9.0,0.0,3.0,3.0
8/14/2015,3.0,4.0,5.0,0.0,1.0,4.0
8/15/2015,3.34,6.0,14.0,1.0,1.0,1.0
8/16/2015,2.0,2.0,4.0,2.0,0.0,2.0
8/17/2015,8.0,3.0,6.0,0.0,0.0,2.0
8/18/2015,6.01,3.0,16.0,0.0,3.0,1.0
8/19/2015,6.33,8.0,15.0,0.0,3.0,3.0
8/20/2015,3.5,5.0,6.0,1.0,0.0,0.0
8/21/2015,6.0,3.0,8.0,1.0,1.0,4.0
8/22/2015,2.34,4.0,6.0,3.0,1.0,6.0
8/23/2015,8.99,3.0,8.0,0.0,2.0,2.0
8/24/2015,8.5,3.4,8.0,0.0,0.0,1.0
8/25/2015,2.34,4.0,20.0,0.0,1.0,3.0
8/26/2015,2.67,7.3,7.0,0.0,1.0,6.0
8/27/2015,9.33,4.5,8.0,0.0,0.0,3.0
8/28/2015,7.0,1.0,12.0,0.0,0.0,3.0
8/29/2015,10.84,4.0,4.0,3.0,3.0,2.0
8/30/2015,11.0,3.5,3.0,0.0,6.0,4.0
8/31/2015,4.0,3.4,9.5,0.0,6.0,2.0
9/1/2015,8.18,4.4,8.0,0.0,0.0,3.0
9/2/2015,5.33,3.0,9.5,0.0,5.0,5.0
9/3/2015,1.34,2.2,13.0,0.0,4.0,2.0
9/4/2015,3.34,3.1,8.0,1.0,1.0,2.0
9/5/2015,8.83,3.2,10.5,1.0,6.0,4.0
9/6/2015,8.33,6.0,8.0,1.0,0.0,3.0
9/7/2015,4.34,2.5,7.0,1.0,5.0,2.0
9/8/2015,2.67,5.0,4.0,0.0,2.0,4.0
9/9/2015,2.0,1.0,8.0,0.0,2.0,2.0
9/10/2015,6.0,4.2,18.0,0.0,2.0,2.0
9/11/2015,11.33,9.0,9.0,0.0,2.0,2.0
9/12/2015,4.66,5.2,6.0,3.0,0.0,2.0
9/13/2015,7.33,7.2,4.0,0.0,11.0,3.0
9/14/2015,4.68,1.0,14.0,0.0,0.0,0.0
9/15/2015,3.33,4.2,7.5,0.0,6.0,5.0
9/16/2015,0.67,2.2,6.0,0.0,2.0,1.0
9/17/2015,9.83,0.0,3.0,0.0,1.0,2.0
9/18/2015,3.34,3.0,4.0,0.0,4.0,3.0
9/19/2015,6.83,7.0,7.0,0.0,4.0,5.0
9/20/2015,9.99,6.5,15.0,0.0,0.0,2.0
9/21/2015,2.0,2.0,6.0,0.0,0.0,2.0
9/22/2015,6.99,4.0,10.0,2.0,5.0,5.0
9/23/2015,6.16,3.3,7.0,0.0,2.0,1.0
9/24/2015,2.99,4.2,7.0,0.0,0.0,0.0
9/25/2015,4.83,5.2,11.0,0.0,1.0,3.0
9/26/2015,12.42,2.5,6.0,1.0,7.0,2.0
9/27/2015,5.83,2.3,3.0,1.0,2.0,1.0
9/28/2015,1.0,2.0,8.0,0.0,17.0,2.0
9/29/2015,6.33,1.0,7.0,0.0,0.0,0.0
9/30/2015,5.32,4.0,9.0,0.0,0.0,1.0
10/1/2015,9.66,4.0,2.0,0.0,5.0,2.0
10/2/2015,5.0,4.0,5.0,0.0,5.0,1.0
10/3/2015,10.34,3.0,7.0,0.0,7.0,2.0
10/4/2015,7.0,4.0,3.0,0.0,16.0,2.0
10/5/2015,5.0,2.2,11.0,1.0,7.0,5.0
10/6/2015,5.69,5.5,9.0,1.0,5.0,4.0
10/7/2015,7.33,6.0,8.0,0.0,5.0,2.0
10/8/2015,8.82,3.0,5.0,0.0,20.0,0.0
10/9/2015,2.0,7.6,13.0,2.0,10.0,2.0
10/10/2015,6.16,3.0,19.5,0.0,1.0,0.0
10/11/2015,10.33,7.1,8.0,0.0,3.0,5.0
10/12/2015,9.66,6.0,12.0,0.0,5.0,3.0
10/13/2015,3.83,5.2,5.5,0.0,5.0,1.0
10/14/2015,4.66,3.9,7.0,0.0,0.0,1.0
10/15/2015,5.16,7.3,4.0,0.0,9.0,1.0
10/16/2015,1.67,5.2,2.0,0.0,5.0,1.0
10/17/2015,10.34,3.4,8.0,0.0,0.0,1.0
10/18/2015,7.34,4.9,3.0,1.0,8.0,8.0
10/19/2015,12.0,3.0,3.0,0.0,17.0,0.0
10/20/2015,3.34,2.3,6.0,0.0,10.0,5.0
10/21/2015,8.66,3.2,9.0,1.0,1.0,4.0
10/22/2015,4.33,0.0,9.0,0.0,2.0,2.0
10/23/2015,7.0,10.2,3.0,0.0,6.0,2.0
10/24/2015,9.84,9.1,8.0,0.0,4.0,2.0
10/25/2015,3.0,3.1,4.0,0.0,0.0,4.0
10/26/2015,9.0,8.0,8.0,1.0,2.0,2.0
10/27/2015,4.33,8.5,7.0,0.0,8.0,3.0
10/28/2015,1.0,1.0,11.0,1.0,6.0,2.0
10/29/2015,2.33,1.3,8.0,0.0,0.0,1.0
10/30/2015,5.33,3.2,8.0,0.0,5.0,3.0
10/31/2015,5.66,8.0,6.0,0.0,7.0,1.0
11/1/2015,2.33,5.6,11.0,0.0,5.0,0.0
11/2/2015,4.66,4.0,7.0,0.0,7.0,2.0
11/3/2015,1.34,4.3,5.0,0.0,3.0,0.0
11/4/2015,8.5,3.0,18.0,3.0,3.0,4.0
11/5/2015,4.33,7.4,3.0,0.0,0.0,2.0
11/6/2015,3.33,4.0,5.0,2.0,1.0,0.0
11/7/2015,4.0,4.8,15.0,1.0,6.0,1.0
11/8/2015,6.33,7.2,7.0,0.0,13.0,1.0
11/9/2015,3.66,4.2,3.0,1.0,12.0,1.0
11/10/2015,6.33,10.0,8.0,0.0,9.0,2.0
11/11/2015,9.66,7.2,4.0,0.0,12.0,3.0
11/12/2015,6.0,6.0,11.0,0.0,20.0,0.0
11/13/2015,5.0,2.0,13.0,0.0,0.0,0.0
11/14/2015,4.99,3.7,5.0,1.0,0.0,1.0
11/15/2015,1.33,9.3,8.0,2.0,17.0,0.0
11/16/2015,5.67,6.0,9.0,0.0,3.0,2.0
11/17/2015,6.34,4.7,1.0,0.0,0.0,2.0
11/18/2015,6.34,5.5,11.0,0.0,0.0,2.0
11/19/2015,2.0,2.1,22.0,0.0,0.0,0.0
11/20/2015,5.66,3.8,2.0,2.0,10.0,3.0
11/21/2015,4.0,5.2,4.0,0.0,17.0,3.0
11/22/2015,2.0,2.6,6.0,2.0,2.0,1.0
11/23/2015,3.0,4.7,3.0,0.0,1.0,2.0
11/24/2015,5.0,6.4,12.0,3.0,1.0,5.0
11/25/2015,5.66,3.2,11.0,0.0,3.0,3.0
11/26/2015,4.33,2.0,8.0,0.0,0.0,0.0
11/27/2015,0.67,2.0,7.0,0.0,0.0,0.0
11/28/2015,6.33,4.0,3.0,0.0,10.0,1.0
11/29/2015,6.66,6.0,1.0,0.0,4.0,0.0
11/30/2015,7.33,5.0,5.0,1.0,6.0,3.0
12/1/2015,1.99,6.3,4.0,1.0,5.0,1.0
12/2/2015,1.0,2.4,23.0,4.0,0.0,0.0
12/3/2015,4.0,5.6,6.0,1.0,1.0,1.0
12/4/2015,3.33,4.7,9.0,3.0,3.0,1.0
12/5/2015,8.0,2.0,2.0,0.0,7.0,2.33
12/6/2015,5.67,3.4,5.0,2.0,3.0,1.0
12/7/2015,3.0,2.2,6.0,1.0,11.0,6.0
12/8/2015,2.0,2.0,8.0,0.0,0.0,0.0
12/9/2015,3.34,7.0,16.0,0.0,3.0,1.0
12/10/2015,11.66,16.0,9.0,0.0,9.0,2.1
12/11/2015,5.84,3.0,9.0,0.0,16.0,1.0
12/12/2015,6.34,3.0,5.0,2.0,6.0,1.0
12/13/2015,9.33,7.0,5.0,0.0,27.0,0.0
12/14/2015,5.0,6.6,11.0,0.0,21.0,1.0
12/15/2015,4.99,5.0,3.0,1.0,2.0,1.0
12/16/2015,6.67,4.0,11.0,1.0,11.0,0.0
12/17/2015,9.0,3.0,7.0,0.0,0.0,2.0
12/18/2015,4.33,4.3,12.0,4.0,2.0,1.0
12/19/2015,0.0,0.0,0.0,0.0,0.0,0.0
12/20/2015,3.0,2.2,3.0,0.0,16.0,1.0
12/21/2015,5.0,2.0,14.0,0.0,6.0,0.4
12/22/2015,5.66,5.0,6.0,0.0,13.0,1.0
12/23/2015,3.33,2.3,3.0,0.0,0.0,0.0
12/24/2015,7.33,5.0,5.0,0.0,16.0,0.0
12/25/2015,0.66,2.0,28.0,2.0,1.0,1.0
12/26/2015,4.67,5.0,15.0,3.0,0.0,4.3
12/27/2015,5.33,5.2,4.0,0.0,14.0,4.6
12/28/2015,4.0,9.2,18.0,3.0,26.0,1.0
12/29/2015,10.67,2.0,9.0,0.0,2.0,3.0
12/30/2015,6.66,2.0,12.0,0.0,4.0,2.0
12/31/2015,7.66,7.6,18.0,0.0,6.0,1.0
1/1/2016,0.0,0.0,0.0,0.0,0.0,0.0
1/2/2016,0.34,1.0,0.0,1.0,5.0,5.0
1/3/2016,4.0,2.5,1.0,0.0,5.0,1.0
1/4/2016,7.33,6.0,6.0,0.0,12.0,1.0
1/5/2016,5.33,4.6,15.0,0.0,5.0,1.0
1/6/2016,6.66,6.0,2.0,0.0,12.0,2.0
1/7/2016,0.0,0.0,0.0,0.0,0.0,0.0
1/8/2016,8.0,7.7,8.0,3.0,2.0,2.0
1/9/2016,7.33,5.0,9.0,0.0,3.0,3.0
1/10/2016,7.0,12.0,8.0,1.0,1.0,0.0
1/11/2016,9.34,7.0,18.0,0.0,0.0,4.0
1/12/2016,12.0,12.0,8.0,0.0,0.0,0.0
1/13/2016,9.0,5.0,15.0,0.0,1.0,2.0
1/14/2016,2.0,6.0,18.0,0.0,8.0,2.0
1/15/2016,8.98,10.6,8.0,0.0,10.0,2.0
1/16/2016,3.34,6.0,11.0,0.0,2.0,1.0
1/17/2016,7.01,3.9,4.0,0.0,0.0,1.0
1/18/2016,3.5,4.3,3.0,2.0,9.0,2.0
1/19/2016,6.0,6.0,7.0,0.0,0.0,3.0
1/20/2016,2.32,3.0,29.0,3.0,3.0,2.0
1/21/2016,5.0,1.0,8.0,4.0,6.0,5.0
1/22/2016,0.83,7.0,11.0,0.0,10.0,0.0
1/23/2016,6.33,7.1,4.0,0.0,6.0,2.0
1/24/2016,4.0,11.3,3.0,0.0,12.0,3.0
1/25/2016,10.33,4.0,12.0,2.0,10.0,1.5
1/26/2016,5.68,8.0,9.0,0.0,15.0,0.0
1/27/2016,4.34,3.4,18.0,5.0,5.0,2.0
1/28/2016,7.33,4.4,4.0,0.0,4.0,3.0
1/29/2016,5.0,8.6,3.0,1.0,17.0,2.0
1/30/2016,9.0,5.3,3.0,2.0,5.0,2.0
1/31/2016,4.33,3.8,3.0,0.0,6.0,2.0
2/1/2016,6.34,7.1,7.0,0.0,6.0,1.0
2/2/2016,14.33,1.3,6.0,0.0,0.0,1.0
2/3/2016,8.0,11.5,11.0,5.0,0.0,0.0
2/4/2016,8.34,4.2,5.0,0.0,4.0,4.0
2/5/2016,5.66,3.0,7.0,0.0,3.0,1.0
2/6/2016,5.33,3.0,1.0,0.0,11.0,2.0
2/7/2016,3.66,4.5,2.0,0.0,13.0,1.0
2/8/2016,6.33,5.5,5.0,0.0,23.0,1.0
2/9/2016,7.0,4.4,16.0,2.0,1.0,2.0
2/10/2016,4.34,7.2,29.0,0.0,4.0,2.0
2/11/2016,1.66,2.7,10.0,1.0,13.0,4.0
2/12/2016,5.99,8.5,4.0,0.0,20.0,1.0
2/13/2016,2.67,5.0,2.0,0.0,10.0,2.0
2/14/2016,5.84,3.8,5.0,0.0,7.0,4.0
2/15/2016,5.33,5.3,6.0,0.0,0.0,0.0
2/16/2016,7.33,3.0,3.0,2.0,9.0,3.0
2/17/2016,3.0,4.0,12.0,1.0,1.0,0.0
2/18/2016,2.34,4.3,3.0,0.0,9.0,1.0
2/19/2016,4.0,4.0,18.0,2.0,26.0,1.0
2/20/2016,10.33,4.0,5.0,0.0,8.0,3.0
2/21/2016,6.34,0.0,5.0,2.0,7.0,4.0
2/22/2016,3.0,3.0,10.0,0.0,12.0,4.0
2/23/2016,3.0,2.6,11.0,0.0,15.0,3.0
2/24/2016,7.66,2.1,6.0,2.0,5.0,1.0
2/25/2016,7.99,5.0,22.0,1.0,4.0,3.0
2/26/2016,5.0,4.5,6.0,2.0,0.0,1.0
2/27/2016,8.0,6.6,3.0,0.0,5.0,2.0
2/28/2016,8.0,10.1,6.0,0.0,26.0,5.0
2/29/2016,7.0,4.0,13.0,0.0,3.0,1.0
3/1/2016,10.0,2.2,11.0,2.0,0.0,2.0
3/2/2016,3.33,5.3,15.0,2.0,1.0,0.0
3/3/2016,2.83,5.0,2.0,0.0,9.0,4.0
3/4/2016,5.0,4.4,3.0,0.0,0.0,0.0
3/5/2016,5.0,8.0,9.0,0.0,10.0,5.0
3/6/2016,5.0,4.9,2.0,0.0,5.0,7.0
3/7/2016,5.33,4.0,3.0,1.0,6.0,1.0
3/8/2016,4.0,3.0,7.0,0.0,3.0,3.0
3/9/2016,4.34,7.0,7.0,1.0,6.0,4.0
3/10/2016,6.33,2.0,8.0,0.0,2.0,2.0
3/11/2016,3.33,6.2,8.0,0.0,18.0,1.0
3/12/2016,3.0,1.4,4.0,0.0,23.0,1.0
3/13/2016,2.5,1.5,4.0,0.0,4.0,0.34
3/14/2016,4.33,10.0,12.0,0.0,23.0,1.0
3/15/2016,5.33,2.0,7.0,0.0,18.0,3.0
3/16/2016,5.33,5.7,16.0,0.0,4.0,4.0
3/17/2016,5.66,5.0,10.0,0.0,8.0,5.0
3/18/2016,3.34,5.2,15.0,2.0,8.0,3.0
3/19/2016,10.66,2.8,6.0,1.0,5.0,5.0
3/20/2016,7.99,2.2,1.0,0.0,15.0,5.0
3/21/2016,5.0,6.0,11.0,0.0,36.0,7.0
3/22/2016,2.33,5.0,12.0,2.0,4.0,2.0
3/23/2016,4.0,6.0,22.0,1.0,0.0,3.0
3/24/2016,6.84,3.0,4.0,0.0,8.0,2.0
3/25/2016,7.0,4.2,8.0,0.0,3.0,3.0
3/26/2016,2.5,7.5,4.0,0.0,0.0,5.0
3/27/2016,7.83,13.7,11.0,1.0,1.0,4.0
3/28/2016,3.34,1.7,20.0,0.0,4.0,4.5
3/29/2016,5.68,3.2,4.0,0.0,12.0,1.0
3/30/2016,7.16,7.4,3.0,0.0,12.0,5.0
3/31/2016,2.33,2.9,1.0,0.0,5.0,5.0
4/1/2016,6.33,2.7,4.0,0.0,16.0,10.5
4/2/2016,3.67,7.0,4.0,0.0,19.0,7.4
4/3/2016,9.67,5.3,5.0,0.0,6.0,11.0
4/4/2016,7.0,5.0,3.0,1.0,11.0,2.0
4/5/2016,6.0,4.0,5.0,1.0,11.0,12.0
4/6/2016,6.66,2.0,7.0,0.0,6.0,3.0
4/7/2016,6.33,4.0,7.0,2.0,4.0,8.2
4/8/2016,7.67,5.0,2.0,1.0,3.0,4.4
4/9/2016,9.0,3.1,7.0,0.0,14.0,3.0
4/10/2016,5.0,5.15,4.0,1.0,11.0,8.0
4/11/2016,0.33,3.0,11.0,2.0,17.0,6.0
4/12/2016,4.34,6.0,19.0,1.0,2.0,5.0
4/13/2016,6.33,3.0,22.33333333,0.0,2.0,3.0
4/14/2016,2.66,8.5,9.0,0.0,4.0,6.0
4/15/2016,4.33,2.7,6.0,0.0,10.0,4.2
4/16/2016,5.34,5.3,11.0,0.0,8.0,8.5
4/17/2016,4.33,3.0,2.0,0.0,7.0,7.2
4/18/2016,3.66,5.0,15.0,3.0,7.0,7.0
4/19/2016,3.0,8.3,7.0,0.0,6.0,4.0
4/20/2016,2.66,2.4,11.0,5.0,15.0,3.0
4/21/2016,3.0,3.0,6.0,0.0,0.0,2.3
4/22/2016,6.0,4.0,4.0,0.0,6.0,1.0
4/23/2016,13.66,8.0,8.0,0.0,0.0,4.5
4/24/2016,1.0,5.5,3.0,0.0,6.0,5.0
4/25/2016,6.67,7.25,20.0,1.0,3.0,2.5
4/26/2016,5.33,7.0,19.0,0.0,7.0,2.0
4/27/2016,5.66,7.0,27.0,0.0,1.0,2.0
4/28/2016,4.66,6.0,17.66666667,0.0,12.0,12.0
4/29/2016,6.66,2.5,15.0,0.0,1.0,3.2
4/30/2016,9.66,7.0,11.0,0.0,1.0,4.5
5/1/2016,0.0,0.0,0.0,0.0,0.0,0.0
5/2/2016,4.0,1.0,7.0,0.0,5.0,2.0
5/3/2016,6.33,3.0,3.0,0.0,0.0,2.0
5/4/2016,7.34,5.0,4.0,0.0,1.0,2.0
5/5/2016,4.66,6.0,16.0,3.0,1.0,2.0
5/6/2016,4.0,1.0,7.0,0.0,1.0,3.0
5/7/2016,3.99,4.0,5.0,1.0,0.0,10.0
5/8/2016,5.0,1.0,12.0,0.0,1.0,11.0
5/9/2016,5.67,5.0,3.0,0.0,2.0,5.0
5/10/2016,7.33,7.0,4.0,0.0,2.0,3.5
5/11/2016,5.33,4.0,13.0,0.0,3.0,2.0
5/12/2016,3.01,8.0,8.0,1.0,2.0,0.0
5/13/2016,2.33,3.0,9.0,0.0,0.0,5.0
5/14/2016,5.34,5.55,13.0,0.0,21.0,1.0
5/15/2016,5.33,1.2,6.0,0.0,5.0,4.0
5/16/2016,5.0,2.0,17.0,0.0,2.0,3.0
5/17/2016,4.0,7.1,4.0,0.0,1.0,3.2
5/18/2016,4.0,5.25,7.0,0.0,1.0,5.0
5/19/2016,6.34,2.0,10.0,0.0,16.0,3.0
5/20/2016,3.0,3.0,14.0,2.0,9.0,5.0
5/21/2016,2.0,5.2,3.0,0.0,17.0,5.0
5/22/2016,4.34,9.05,6.0,1.0,0.0,10.0
5/23/2016,5.0,5.0,19.0,0.0,7.0,4.0
5/24/2016,12.0,4.0,3.0,0.0,3.0,2.0
5/25/2016,8.34,6.0,16.0,1.0,0.0,1.2
5/26/2016,4.67,5.35,20.0,1.0,0.0,9.0
5/27/2016,8.67,5.25,14.0,7.0,2.0,6.0
5/28/2016,12.33,3.0,4.0,0.0,4.0,9.0
5/29/2016,8.67,6.0,2.0,1.0,5.0,9.2
5/30/2016,3.34,4.1,3.0,0.0,7.0,8.0
5/31/2016,6.0,3.5,3.0,0.0,13.0,2.0
6/1/2016,9.0,2.0,11.0,0.0,7.0,5.0
6/2/2016,2.33,1.05,18.0,3.0,4.0,1.0
6/3/2016,7.33,4.0,8.0,0.0,1.0,7.0
6/4/2016,3.33,3.3,2.0,0.0,0.0,4.0
6/5/2016,10.34,4.3,5.0,0.0,3.0,4.0
6/6/2016,5.33,4.0,5.0,0.0,6.0,6.0
6/7/2016,6.0,4.1,13.0,0.0,10.0,3.0
6/8/2016,8.66,5.5,10.0,0.0,5.0,6.0
6/9/2016,8.67,2.0,7.0,0.0,1.0,4.2
6/10/2016,8.33,4.0,11.0,2.0,0.0,5.0
6/11/2016,10.66,2.0,4.0,1.0,10.0,8.0
6/12/2016,8.34,3.4,8.0,0.0,4.0,6.0
6/13/2016,5.66,1.0,7.0,0.0,1.0,2.0
6/14/2016,2.33,6.1,17.0,1.0,2.0,3.0
6/15/2016,5.0,7.0,22.0,1.0,1.0,6.0
6/16/2016,4.0,1.0,4.0,0.0,22.0,3.0
6/17/2016,3.34,3.65,8.0,0.0,4.0,4.0
6/18/2016,2.0,6.5,1.0,0.0,5.0,4.0
6/19/2016,6.34,3.0,1.0,0.0,7.0,15.0
6/20/2016,7.34,6.0,5.0,0.0,8.0,6.0
6/21/2016,7.33,9.0,15.0,0.0,7.0,5.6
6/22/2016,2.0,2.3,6.0,0.0,2.0,2.0
6/23/2016,3.0,2.3,5.0,0.0,1.0,3.0
6/24/2016,6.0,3.05,15.0,0.0,1.0,2.0
6/25/2016,5.68,8.0,5.0,0.0,1.0,4.0
6/26/2016,3.0,2.0,20.0,0.0,2.0,3.0
6/27/2016,6.0,5.25,9.0,0.0,9.0,2.0
6/28/2016,1.33,2.25,20.0,5.0,2.0,7.0
6/29/2016,7.0,6.5,12.5,7.0,1.0,2.0
6/30/2016,4.0,3.2,6.0,0.0,0.0,2.0
7/1/2016,4.0,5.5,1.0,0.0,20.0,7.0
7/2/2016,4.66,6.0,9.0,0.0,2.0,3.0
7/3/2016,6.67,5.4,4.0,0.0,11.0,5.0
7/4/2016,8.34,1.15,8.0,3.0,7.0,6.0
7/5/2016,6.0,2.0,10.0,0.0,0.0,3.0
7/6/2016,9.33,5.0,5.0,0.0,8.0,4.0
7/7/2016,7.34,1.0,11.0,1.0,0.0,2.0
7/8/2016,1.34,9.2,12.0,1.0,0.0,4.3
7/9/2016,3.33,4.5,12.0,0.0,0.0,2.0
7/10/2016,5.66,4.2,6.0,0.0,0.0,3.0
7/11/2016,6.33,3.0,9.0,0.0,4.0,6.2
7/12/2016,5.67,4.0,14.0,0.0,3.0,4.0
7/13/2016,6.2183333329999995,5.0,11.0,0.0,3.0,2.0
7/14/2016,2.34,5.0,3.0,0.0,3.0,5.0
7/15/2016,3.0,2.0,4.0,0.0,0.0,3.33
7/16/2016,9.33,3.0,6.0,0.0,1.0,8.0
7/17/2016,9.01,3.0,3.0,0.0,7.0,4.0
7/18/2016,6.0,8.0,2.0,0.0,3.0,4.0
7/19/2016,7.34,6.0,5.0,0.0,1.0,2.0
7/20/2016,10.33,7.1,6.0,0.0,5.0,5.0
7/21/2016,5.66,4.1,15.0,0.0,1.0,2.0
7/22/2016,3.33,7.0,4.0,0.0,0.0,2.0
7/23/2016,4.66,2.1,6.0,0.0,0.0,5.0
7/24/2016,2.33,4.0,4.0,0.0,0.0,2.0
7/25/2016,13.0,7.0,9.0,0.0,4.0,4.0
7/26/2016,8.32,1.0,16.0,0.0,0.0,2.0
7/27/2016,3.0,4.15,4.0,1.0,9.0,2.0
7/28/2016,9.67,4.0,12.0,1.0,5.0,3.0
7/29/2016,9.99,6.0,17.0,1.0,11.0,2.0
7/30/2016,6.33,4.0,7.0,0.0,1.0,6.0
7/31/2016,6.0,4.5,5.0,0.0,0.0,4.0
8/1/2016,8.33,5.0,7.5,1.0,1.0,6.0
8/2/2016,8.33,5.0,12.0,0.0,1.0,1.0
8/3/2016,8.0,3.5,11.0,0.0,13.0,3.0
8/4/2016,8.0,2.0,12.0,0.0,17.0,4.0
8/5/2016,10.33,3.7,24.0,0.0,24.0,1.3
8/6/2016,3.0,5.0,33.0,0.0,1.0,2.0
8/7/2016,8.0,8.2,12.0,0.0,5.0,3.0
8/8/2016,8.34,5.5,36.0,0.0,1.0,4.0
8/9/2016,6.33,7.0,26.0,1.0,2.0,4.0
8/10/2016,11.34,7.0,11.0,0.0,3.0,2.0
8/11/2016,5.67,0.0,1.0,0.0,0.0,2.0
8/12/2016,8.66,6.1,6.0,4.0,0.0,2.0
8/13/2016,8.0,5.0,2.0,0.0,0.0,5.0
8/14/2016,5.0,4.5,2.0,0.0,7.0,0.0
8/15/2016,5.0,2.0,11.0,0.0,0.0,2.0
8/16/2016,10.0,3.0,4.0,0.0,11.0,3.5
8/17/2016,8.66,4.0,7.0,0.0,5.0,5.0
8/18/2016,6.99,4.0,7.0,0.0,0.0,1.0
8/19/2016,1.0,0.6,12.0,0.0,0.0,4.0
8/20/2016,4.33,6.0,1.0,0.0,0.0,6.0
8/21/2016,8.0,7.4,3.0,4.0,1.0,1.0
8/22/2016,3.34,0.0,3.0,0.0,0.0,6.0
8/23/2016,3.0,4.0,7.0,1.0,0.0,1.2
8/24/2016,9.33,8.0,2.0,0.0,0.0,3.0
8/25/2016,4.33,8.0,4.0,1.0,4.0,5.0
8/26/2016,4.0,2.0,3.0,0.0,0.0,0.0
8/27/2016,8.83,1.0,2.0,0.0,11.0,0.0
8/28/2016,7.33,6.2,3.0,0.0,6.0,2.0
8/29/2016,9.0,2.0,4.0,0.0,1.0,1.3
8/30/2016,4.66,2.0,4.0,0.0,1.0,0.0
8/31/2016,6.0,5.0,3.0,0.0,1.0,5.0
9/1/2016,5.0,5.0,2.0,0.0,0.0,3.0
9/2/2016,9.34,5.0,25.0,0.0,5.0,2.0
9/3/2016,5.33,6.5,5.0,0.0,4.0,4.0
9/4/2016,8.33,0.0,10.0,0.0,4.0,5.0
9/5/2016,3.32,2.0,8.0,2.0,2.0,4.0
9/6/2016,5.0,1.0,14.0,3.0,0.0,3.0
9/7/2016,2.33,3.0,14.0,0.0,0.0,3.0
9/8/2016,6.0,4.0,8.0,1.0,0.0,0.0
9/9/2016,4.99,3.25,11.0,2.0,10.0,3.0
9/10/2016,8.33,10.0,9.0,0.0,4.0,3.0
9/11/2016,2.66,7.1,8.0,0.0,10.0,4.0
9/12/2016,7.0,4.0,10.0,0.0,8.0,4.0
9/13/2016,7.0,4.0,13.0,0.0,2.0,0.0
9/14/2016,6.0,2.5,7.0,0.0,8.0,2.0
9/15/2016,3.0,2.0,31.0,0.0,3.0,1.0
9/16/2016,2.0,4.0,17.0,0.0,3.0,0.0
9/17/2016,6.67,2.4,11.0,0.0,5.0,4.1
9/18/2016,5.99,2.0,4.0,0.0,8.0,1.0
9/19/2016,4.0,2.15,11.0,2.0,0.0,1.0
9/20/2016,4.67,3.0,14.0,0.0,4.0,1.0
9/21/2016,8.34,3.05,12.0,0.0,3.0,2.0
9/22/2016,6.33,2.1,6.0,0.0,4.0,3.0
9/23/2016,2.33,6.0,13.0,3.0,7.0,1.0
9/24/2016,2.0,6.2,8.0,0.0,1.0,1.0
9/25/2016,6.0,3.0,3.0,0.0,10.0,2.0
9/26/2016,5.99,4.0,4.0,2.0,4.0,1.0
9/27/2016,7.0,7.4,17.0,3.0,1.0,3.0
9/28/2016,13.68,5.45,3.0,0.0,0.0,4.0
9/29/2016,7.33,4.0,4.0,0.0,1.0,1.2
9/30/2016,7.0,2.6,5.0,0.0,10.0,3.0
10/1/2016,7.33,1.2,5.0,0.0,4.0,2.0
10/2/2016,17.0,9.7,6.0,0.0,18.0,3.0
10/3/2016,3.33,3.0,2.0,2.0,17.0,3.0
10/4/2016,6.33,6.0,8.0,0.0,10.0,2.5
10/5/2016,4.0,4.0,8.0,0.0,1.0,1.0
10/6/2016,4.33,6.0,4.0,0.0,3.0,0.0
10/7/2016,4.34,6.0,4.0,0.0,0.0,1.0
10/8/2016,7.34,5.0,2.0,0.0,6.0,5.0
10/9/2016,6.68,5.5,2.0,0.0,9.0,1.0
10/10/2016,2.0,5.0,1.0,0.0,3.0,1.0
10/11/2016,7.33,11.65,54.83333333,1.0,8.0,1.0
10/12/2016,8.33,2.0,18.0,1.0,17.0,2.0
10/13/2016,4.66,3.2,20.0,0.0,3.0,2.3
10/14/2016,7.0,3.0,22.0,0.0,9.0,1.0
10/15/2016,4.0,3.35,16.0,1.0,13.0,1.0
10/16/2016,8.33,10.0,3.0,0.0,6.0,5.0
10/17/2016,2.0,5.0,1.0,0.0,9.0,1.0
10/18/2016,3.0,9.0,9.0,3.0,7.0,3.1
10/19/2016,4.33,5.0,11.0,0.0,2.0,1.0
10/20/2016,1.64,6.0,2.0,0.0,2.0,2.0
10/21/2016,8.66,0.0,5.0,0.0,6.0,2.0
10/22/2016,7.0,4.0,3.0,0.0,10.0,4.0
10/23/2016,12.33,3.8,10.0,0.0,11.0,2.0
10/24/2016,2.66,7.5,1.0,1.0,2.0,1.0
10/25/2016,4.33,5.4,10.0,0.0,7.0,0.0
10/26/2016,2.33,6.0,10.0,0.0,2.0,1.0
10/27/2016,6.5,3.0,10.0,2.0,4.0,0.0
10/28/2016,7.0,6.0,9.0,0.0,5.0,0.0
10/29/2016,15.33,6.1,23.0,0.0,9.0,5.0
10/30/2016,4.66,5.75,5.0,0.0,0.0,2.0
10/31/2016,2.66,3.0,6.0,0.0,17.0,5.0
11/1/2016,2.33,4.0,18.0,0.0,6.0,3.0
11/2/2016,4.0,4.1,1.0,0.0,2.0,3.0
11/3/2016,2.0,3.0,3.0,0.0,0.0,1.0
11/4/2016,8.33,3.6,14.0,1.0,6.0,4.2
11/5/2016,7.666666667,5.8,9.0,0.0,0.0,2.0
11/6/2016,8.0,3.0,3.0,2.0,11.0,5.0
11/7/2016,5.0,6.3,9.0,0.0,5.0,1.0
11/8/2016,7.0,8.0,19.16666667,2.0,8.0,3.0
11/9/2016,2.34,1.4,18.0,0.0,4.0,0.0
11/10/2016,7.33,7.0,5.0,2.0,12.0,3.4
11/11/2016,10.66,4.0,6.0,0.0,1.0,1.0
11/12/2016,8.0,7.0,10.0,0.0,1.0,1.2
11/13/2016,6.0,3.6,0.0,0.0,5.0,1.0
11/14/2016,10.0,3.8,5.0,3.0,1.0,1.0
11/15/2016,5.33,4.0,27.0,5.0,5.0,1.0
11/16/2016,4.0,4.0,5.0,0.0,10.0,1.0
11/17/2016,5.0,5.7,0.0,0.0,1.0,1.4
11/18/2016,1.33,6.25,7.0,1.0,2.0,2.0
11/19/2016,5.0,4.0,3.0,0.0,3.0,2.0
11/20/2016,7.0,5.0,3.0,0.0,0.0,2.0
11/21/2016,1.34,5.25,1.0,0.0,13.0,3.0
11/22/2016,4.01,1.1,3.0,2.0,7.0,2.0
11/23/2016,3.0,3.7,5.0,0.0,0.0,1.0
11/24/2016,8.67,6.0,2.0,0.0,10.0,3.0
11/25/2016,7.34,7.0,20.0,4.0,5.0,1.0
11/26/2016,3.33,4.0,9.0,3.0,12.0,2.0
11/27/2016,9.33,3.9,5.0,0.0,1.0,0.0
11/28/2016,4.5,2.05,5.0,0.0,12.0,0.0
11/29/2016,5.68,3.0,6.0,2.0,0.0,0.0
11/30/2016,3.33,4.3,13.0,0.0,7.0,0.0
12/1/2016,4.5,1.5,8.0,0.0,9.0,0.0
12/2/2016,6.0,3.2,14.0,0.0,26.0,0.2
12/3/2016,3.17,3.0,2.0,0.0,1.0,4.0
12/4/2016,7.0,2.9,4.0,0.0,0.0,0.0
12/5/2016,9.5,4.0,6.0,1.0,13.0,2.0
12/6/2016,6.0,4.4,4.0,0.0,20.0,1.0
12/7/2016,4.34,1.7,8.0,3.0,7.0,3.0
12/8/2016,5.67,5.0,9.0,0.0,2.0,0.0
12/9/2016,5.66,4.0,2.0,0.0,0.0,2.0
12/10/2016,7.34,10.1,1.0,0.0,15.0,2.0
12/11/2016,3.34,8.55,7.0,0.0,14.0,1.0
12/12/2016,3.66,3.1,28.33333333,3.0,21.0,4.0
12/13/2016,1.0,5.1,0.0,0.0,18.0,0.0
12/14/2016,5.83,5.65,21.0,0.0,10.0,1.2
12/15/2016,9.66,1.0,8.0,0.0,5.0,1.0
12/16/2016,7.33,2.2,8.0,3.0,23.0,1.0
12/17/2016,5.99,4.15,10.0,0.0,6.0,1.0
12/18/2016,1.67,4.2,13.0,0.0,5.0,1.0
12/19/2016,0.0,0.0,0.0,0.0,0.0,0.0
12/20/2016,6.33,4.0,12.0,2.0,1.0,0.0
12/21/2016,1.34,0.25,5.0,0.0,6.0,2.5
12/22/2016,4.34,3.8,1.0,0.0,5.0,0.0
12/23/2016,5.33,1.15,6.0,0.0,8.0,2.0
12/24/2016,6.33,4.2,4.0,1.0,2.0,1.0
12/25/2016,2.33,5.7,0.0,0.0,9.0,1.0
12/26/2016,10.33,2.0,6.0,0.0,2.0,2.0
12/27/2016,6.0,0.41666666700000005,8.0,2.0,13.0,0.0
12/28/2016,4.34,6.45,7.0,0.0,13.0,0.0
12/29/2016,11.0,6.35,4.0,3.0,6.0,2.0
12/30/2016,5.66,7.3,13.0,0.0,3.0,0.0
12/31/2016,8.33,7.45,7.0,0.0,12.0,0.0
1/1/2017,3.54375,1.5625,8.75,1.875,6.25,0.625
1/2/2017,0.2125,0.625,0.0,0.625,3.125,3.125
1/3/2017,6.25,4.625,8.75,0.0,7.03125,1.875
1/4/2017,6.8041666670000005,6.416666667,10.0,1.25,5.0,2.916666667
1/5/2017,7.504166667000001,5.208333333,14.58333333,0.0,11.25,2.5
1/6/2017,4.583333333,5.625,10.83333333,0.0,15.41666667,2.5
1/7/2017,2.916666667,5.958333333,8.75,0.0,2.5,0.0
1/8/2017,5.416666667,5.083333333,10.0,2.083333333,3.333333333,1.6666666669999999
1/9/2017,3.8875,2.583333333,9.166666667000001,0.41666666700000005,1.6666666669999999,2.083333333
1/10/2017,6.3875,13.29166667,25.0,1.6666666669999999,7.5,0.833333333
1/11/2017,9.308333333,9.166666667000001,20.0,1.25,1.6666666669999999,2.916666667
1/12/2017,8.333333332999999,8.75,14.16666667,1.25,4.583333333,1.6666666669999999
1/13/2017,6.8041666670000005,9.541666667000001,19.58333333,0.0,3.333333333,1.333333333
1/14/2017,5.975,7.708333333,16.66666667,0.833333333,5.416666667,2.083333333
1/15/2017,8.05,9.083333332999999,15.41666667,0.0,7.5,1.25
1/16/2017,6.670833332999999,8.041666667000001,12.5,0.41666666700000005,7.083333333,2.083333333
1/17/2017,7.225,5.291666667,13.33333333,1.6666666669999999,3.75,2.5
1/18/2017,6.7416666670000005,6.5,16.66666667,1.25,5.833333333,0.833333333
1/19/2017,5.0,7.833333333,15.83333333,0.0,2.5,3.333333333
1/20/2017,3.608333333,4.125,23.33333333,2.916666667,12.5,2.5
1/21/2017,5.6958333329999995,4.583333333,15.0,2.083333333,4.583333333,2.916666667
1/22/2017,4.5125,5.125,19.16666667,1.25,9.166666667000001,1.6666666669999999
1/23/2017,5.1375,6.291666667,15.83333333,0.833333333,2.5,1.6666666669999999
1/24/2017,6.1125,10.95833333,11.25,0.0,10.0,2.916666667
1/25/2017,7.779166667,7.666666667,18.75,2.083333333,13.75,2.291666667
1/26/2017,5.979166667,7.041666667,13.75,0.833333333,8.333333332999999,0.0
1/27/2017,7.85,5.166666667,21.25,2.083333333,9.583333332999999,1.25
1/28/2017,5.970833333,2.25,9.166666667000001,0.0,1.6666666669999999,1.25
1/29/2017,5.141666667,5.333333333,15.83333333,2.5,9.583333332999999,3.333333333
1/30/2017,8.058333333,7.0,17.08333333,4.166666667,7.083333333,4.166666667
1/31/2017,4.441666667,2.833333333,13.33333333,0.833333333,2.916666667,1.6666666669999999
2/1/2017,7.375,6.041666667,10.83333333,0.41666666700000005,8.333333332999999,2.083333333
2/2/2017,8.195833333,6.416666667,9.166666667000001,0.41666666700000005,0.41666666700000005,0.833333333
2/3/2017,7.6375,9.0,15.83333333,2.5,7.083333333,0.833333333
2/4/2017,7.779166667,4.416666667,12.08333333,0.833333333,7.5,3.75
2/5/2017,10.67,5.0,1.0,0.0,11.0,1.1
2/6/2017,10.0,4.4,3.0,2.0,5.0,0.0
2/7/2017,3.0,3.5,3.0,0.0,7.0,2.0
2/8/2017,11.0,4.0,7.0,0.0,10.0,2.0
2/9/2017,3.9825,4.0,6.0,0.0,0.0,1.0
2/10/2017,4.01,4.75,5.0,0.0,2.0,0.0
2/11/2017,5.33,5.1,11.0,1.0,1.0,3.0
2/12/2017,10.0,7.8,4.0,0.0,2.0,1.0
2/13/2017,0.0,0.0,0.0,0.0,0.0,0.0
2/14/2017,4.33,2.1,0.0,0.0,1.0,1.0
2/15/2017,6.0,2.0,1.0,0.0,1.0,1.0
2/16/2017,3.66,1.0,2.0,0.0,0.0,3.0
2/17/2017,3.0,2.1,4.0,0.0,8.0,1.2
2/18/2017,7.0,2.35,10.0,0.0,0.0,3.1
2/19/2017,3.34,2.2,1.0,0.0,8.0,1.0
2/20/2017,5.0,4.5,2.0,0.0,1.0,3.0
2/21/2017,5.0,4.0,14.0,0.0,8.0,1.0
2/22/2017,3.67,7.2,9.0,0.0,5.0,0.0
2/23/2017,6.67,4.05,5.0,1.0,8.0,2.0
2/24/2017,1.0,4.0,10.0,1.0,7.0,1.0
2/25/2017,6.0,5.25,6.875,0.0,2.0,0.0
2/26/2017,5.33,3.2,3.0,0.0,5.0,1.2
2/27/2017,5.67,7.0,14.0,0.0,7.0,2.0
2/28/2017,5.34,7.5,9.0,2.0,18.0,0.0
3/1/2017,4.0,5.0,17.0,0.0,5.0,2.0
3/2/2017,5.0,3.0,1.0,1.0,1.0,2.0
3/3/2017,9.0,4.0,9.0,1.0,6.0,4.0
3/4/2017,5.01,3.1,0.0,0.0,5.0,4.5
3/5/2017,12.33,5.0,3.0,0.0,6.0,5.0
3/6/2017,6.83,1.1,1.0,0.0,0.0,3.0
3/7/2017,2.34,6.5,4.0,0.0,0.0,2.0
3/8/2017,1.0,0.0,4.0,0.0,0.0,3.0
3/9/2017,11.33,6.0,6.0,1.0,0.0,2.5
3/10/2017,2.0,4.6,8.0,1.0,0.0,1.0
3/11/2017,6.33,6.0,2.0,1.0,5.0,3.5
3/12/2017,7.68,2.0,6.0,4.0,15.0,2.0
3/13/2017,2.33,2.7,2.0,0.0,10.0,0.0
3/14/2017,2.67,3.0,5.0,0.0,5.0,1.0
3/15/2017,3.66,2.5,4.0,0.0,0.0,0.0
3/16/2017,6.0,4.75,4.0,0.0,1.0,3.0
3/17/2017,4.33,0.0,14.0,0.0,3.0,3.0
3/18/2017,5.0,4.25,3.0,0.0,1.0,1.0
3/19/2017,10.0,2.0,3.0,0.0,5.0,3.0
3/20/2017,1.66,4.7,3.0,0.0,7.0,3.0
3/21/2017,9.16,2.2,4.0,0.0,1.0,5.3
3/22/2017,1.66,2.0,7.0,0.0,2.0,2.0
3/23/2017,7.34,1.0,8.0,0.0,6.0,3.5
3/24/2017,1.67,4.5,7.0,0.0,5.0,6.3
3/25/2017,10.0,1.0,3.0,0.0,0.0,4.0
3/26/2017,5.34,3.45,4.0,0.0,10.0,8.0
3/27/2017,4.84,3.5,5.0,0.0,1.0,4.0
3/28/2017,2.67,7.0,14.0,0.0,0.0,6.0
3/29/2017,6.34,4.0,3.0,0.0,7.0,4.5
3/30/2017,1.33,5.0,9.0,0.0,0.0,2.0
3/31/2017,4.0,3.5,2.0,0.0,2.0,6.0
4/1/2017,2.33,2.0,2.0,0.0,1.0,3.0
4/2/2017,6.67,4.0,4.0,0.0,9.0,12.4
4/3/2017,6.33,5.6,8.0,0.0,20.0,3.0
4/4/2017,0.33,2.2,2.0,0.0,5.0,5.5
4/5/2017,5.0,0.2,9.0,2.0,6.0,1.0
4/6/2017,5.0,3.1,4.0,1.0,0.0,1.0
4/7/2017,3.5,2.0,5.0,0.0,5.0,5.0
4/8/2017,7.51,2.05,3.0,0.0,11.0,6.0
4/9/2017,4.99,8.25,3.0,0.0,0.0,1.0
4/10/2017,8.66,1.05,1.0,0.0,4.0,4.0
4/11/2017,4.0,3.0,5.0,0.0,11.0,1.0
4/12/2017,11.99,3.35,10.0,2.0,10.0,4.0
4/13/2017,5.0,2.0,1.0,0.0,2.0,5.0
4/14/2017,7.34,5.0,3.0,0.0,16.0,4.0
4/15/2017,11.67,4.0,1.0,0.0,15.0,5.2
4/16/2017,0.0,0.0,0.0,0.0,0.0,0.0
4/17/2017,4.0,1.9,1.0,0.0,5.0,1.0
4/18/2017,7.33,6.3,8.0,1.0,2.0,2.0
4/19/2017,1.0,5.0,2.0,0.0,0.0,1.0
4/20/2017,4.66,5.0,10.0,0.0,7.0,2.0
4/21/2017,3.67,2.4,3.0,0.0,1.875,3.0
4/22/2017,2.64,2.8,7.0,1.0,1.0,2.0
4/23/2017,9.0,3.6,7.0,0.0,1.0,5.0
4/24/2017,9.33,8.0,9.0,0.0,1.0,5.0
4/25/2017,8.0,2.2,4.0,0.0,26.0,5.0
4/26/2017,3.0,3.5,3.0,0.0,1.0,8.3
4/27/2017,3.33,2.3,10.0,1.0,0.0,10.0
4/28/2017,3.33,5.1,2.0,0.0,7.0,7.0
4/29/2017,5.0,2.3,3.0,1.0,1.0,8.0
4/30/2017,1.0,2.3,2.0,0.0,12.0,2.0
5/1/2017,0.34,1.0,0.0,0.0,0.0,1.0
5/2/2017,2.0,1.0,5.0,0.0,6.0,5.0
5/3/2017,1.33,6.0,6.0,0.0,20.0,2.0
5/4/2017,5.67,1.0,4.0,0.0,2.0,4.1
5/5/2017,2.34,1.15,8.0,0.0,12.0,3.0
5/6/2017,7.33,4.4,4.0,0.0,0.0,6.0
5/7/2017,6.33,4.5,3.0,0.0,4.0,4.0
5/8/2017,2.33,1.0,8.0,3.0,1.0,5.6
5/9/2017,7.33,4.1,4.0,0.0,2.0,3.0
5/10/2017,8.66,9.0,4.0,0.0,14.0,7.0
5/11/2017,6.0,3.0,6.0,2.0,1.0,10.0
5/12/2017,4.99,6.0,4.0,9.0,0.0,6.0
5/13/2017,5.0,6.0,4.0,0.0,1.0,7.0
5/14/2017,4.67,2.85,6.0,0.0,5.0,2.1
5/15/2017,5.34,2.0,0.0,3.0,3.0,7.0
5/16/2017,2.33,1.5,2.0,0.0,6.0,7.0
5/17/2017,6.34,0.0,5.0,0.0,0.0,2.0
5/18/2017,3.33,4.0,4.0,0.0,0.0,3.0
5/19/2017,4.34,2.2,11.0,0.0,0.0,10.0
5/20/2017,3.99,0.25,5.0,0.0,6.0,6.0
5/21/2017,6.0,1.25,5.0,0.0,12.0,4.0
5/22/2017,5.33,4.4,5.0,0.0,7.0,11.0
5/23/2017,3.0,5.0,9.0,0.0,2.0,7.0
5/24/2017,6.68,3.0,9.0,0.0,4.0,4.71
5/25/2017,5.66,2.0,3.0,0.0,2.0,4.3
5/26/2017,2.34,5.0,4.0,0.0,8.0,2.0
5/27/2017,7.33,2.0,5.0,0.0,0.0,10.0
5/28/2017,1.99,2.45,2.0,0.0,0.0,3.0
5/29/2017,3.34,1.6,4.0,2.0,4.0,5.0
5/30/2017,8.0,4.3,3.0,0.0,5.0,5.0
5/31/2017,4.0,7.0,6.0,4.0,1.0,5.0
6/1/2017,1.34,2.0,10.0,0.0,2.0,2.0
6/2/2017,2.33,4.0,9.0,1.0,5.0,3.0
6/3/2017,5.0,3.0,3.0,1.0,22.0,2.0
6/4/2017,7.0,2.25,3.0,1.0,5.0,4.0
6/5/2017,3.33,4.5,5.0,0.0,0.0,8.0
6/6/2017,1.0,0.0,3.0,0.0,6.0,7.5
6/7/2017,5.33,4.0,13.0,0.0,20.0,7.0
6/8/2017,5.0,3.15,4.0,0.0,2.0,4.2
6/9/2017,1.33,3.1,2.0,0.0,0.0,6.0
6/10/2017,9.0,4.0,2.0,0.0,7.0,3.0
6/11/2017,5.5,8.5,8.0,0.0,2.0,3.0
6/12/2017,4.34,1.0,3.0,0.0,13.0,12.0
6/13/2017,2.99,3.0,9.0,0.0,0.0,9.1
6/14/2017,1.33,1.0,6.0,3.0,5.0,3.0
6/15/2017,3.0,3.15,10.0,0.0,5.0,6.5
6/16/2017,4.0,0.0,6.0,0.0,0.0,5.44
6/17/2017,2.0,5.0,4.0,0.0,5.0,5.0
6/18/2017,4.0,1.1,2.0,0.0,12.0,3.33
6/19/2017,1.33,1.0,1.0,1.0,8.0,3.0
6/20/2017,9.33,5.1,5.0,0.0,5.0,8.63
6/21/2017,4.0,2.0,4.0,0.0,2.0,5.4
6/22/2017,1.0,0.0,4.0,0.0,8.0,11.0
6/23/2017,1.0,2.0,5.0,0.0,0.0,1.2
6/24/2017,5.0,6.0,8.0,1.0,0.0,1.0
6/25/2017,6.5,6.0,4.0,0.0,0.0,4.6
6/26/2017,7.68,6.25,11.0,0.0,0.0,3.0
6/27/2017,4.0,6.0,9.0,0.0,3.0,6.0
6/28/2017,4.0,4.5,7.0,0.0,5.0,3.0
6/29/2017,4.0,6.0,1.0,0.0,21.0,5.0
6/30/2017,6.67,2.0,2.0,0.0,0.0,6.0
7/1/2017,3.33,1.0,5.0,0.0,10.0,4.0
7/2/2017,5.0,2.0,6.0,0.0,0.0,4.0
7/3/2017,3.67,1.5,11.0,0.0,11.0,0.0
7/4/2017,10.67,5.0,7.0,0.0,0.0,6.0
7/5/2017,4.5,2.0,20.0,0.0,22.0,6.0
7/6/2017,4.33,4.0,3.0,1.0,1.0,1.0
7/7/2017,5.0,4.1,6.0,0.0,1.0,0.0
7/8/2017,4.99,5.0,12.0,0.0,1.0,3.0
7/9/2017,2.33,0.5,4.0,0.0,1.0,4.0
7/10/2017,2.0,4.0,5.0,2.0,7.0,3.0
7/11/2017,3.34,0.0,2.0,0.0,7.0,2.0
7/12/2017,2.0,0.0,12.0,0.0,3.0,0.0
7/13/2017,3.33,2.15,5.0,3.0,3.0,2.0
7/14/2017,2.33,2.0,8.0,0.0,5.0,3.0
7/15/2017,3.33,3.0,3.0,0.0,0.0,2.0
7/16/2017,11.34,3.0,6.0,0.0,0.0,1.0
7/17/2017,9.0,3.0,6.0,2.0,4.0,3.0
7/18/2017,9.67,1.5,8.0,0.0,20.0,4.0
7/19/2017,6.33,4.0,6.0,3.0,1.0,6.0
7/20/2017,5.0,3.0,11.0,2.0,2.0,2.0
7/21/2017,2.33,3.0,5.0,0.0,0.0,3.0
7/22/2017,3.0,5.0,3.0,1.0,0.0,2.0
7/23/2017,6.5,2.0,4.0,0.0,4.0,5.0
7/24/2017,3.84,2.1,6.0,0.0,0.0,3.0
7/25/2017,6.34,2.0,5.0,0.0,6.0,0.1
7/26/2017,3.33,3.0,11.0,1.0,1.0,1.0
7/27/2017,5.0,0.0,8.0,0.0,0.0,1.0
7/28/2017,4.0,1.1,10.0,0.0,0.0,3.0
7/29/2017,3.0,2.0,1.0,0.0,0.0,4.0
7/30/2017,4.125,2.0,11.0,0.0,0.0,1.0
7/31/2017,7.34,2.25,9.0,0.0,5.0,2.0
8/1/2017,7.33,2.0,3.0,0.0,1.0,1.0
8/2/2017,6.0,1.0,2.0,0.0,1.0,4.0
8/3/2017,6.33,4.0,8.0,0.0,1.0,3.0
8/4/2017,8.0,1.0,11.0,2.0,5.0,2.0
8/5/2017,4.66,2.0,2.0,0.0,0.0,2.0
8/6/2017,2.0,1.0,6.0,0.0,0.0,3.0
8/7/2017,1.0,3.1,9.0,2.0,0.0,0.0
8/8/2017,6.0,2.1,8.0,0.0,0.0,4.2
8/9/2017,2.33,3.15,15.0,0.0,2.0,2.2
8/10/2017,0.0,4.0,19.0,0.0,3.0,1.1
8/11/2017,4.33,5.1,6.0,3.0,0.0,0.0
8/12/2017,2.69,2.5,4.0,0.0,6.0,2.0
8/13/2017,3.66,2.05,5.0,0.0,1.0,1.0
8/14/2017,11.34,4.0,4.0,0.0,0.0,2.0
8/15/2017,2.33,2.15,11.0,0.0,2.0,3.0
8/16/2017,5.33,1.0,13.0,0.0,4.0,2.0
8/17/2017,5.16,5.0,8.0,0.0,1.0,1.5
8/18/2017,2.33,3.0,4.0,0.0,0.0,3.0
8/19/2017,5.0,3.0,10.0,0.0,11.0,2.0
8/20/2017,4.33,6.0,6.0,0.0,2.0,1.0
8/21/2017,9.33,2.4,4.0,0.0,0.0,0.0
8/22/2017,6.0,3.15,3.0,0.0,0.0,2.0
8/23/2017,3.33,2.0,8.0,0.0,9.0,3.0
8/24/2017,8.0,2.0,13.0,0.0,1.0,3.0
8/25/2017,6.0,1.0,17.0,0.0,0.0,1.0
8/26/2017,4.99,1.0,10.0,0.0,6.0,2.0
8/27/2017,3.0,1.0,5.0,2.0,7.0,1.0
8/28/2017,8.0,5.0,12.0,0.0,1.0,3.0
8/29/2017,7.0,3.5,5.0,0.0,11.0,2.1
8/30/2017,7.67,3.15,4.0,3.0,0.0,2.0
8/31/2017,16.68,3.05,4.0,0.0,0.0,1.0
9/1/2017,3.34,5.0,8.0,0.0,2.0,0.0
9/2/2017,6.34,6.0,8.0,0.0,1.0,3.0
9/3/2017,6.83,2.0,7.0,0.0,1.0,3.0
9/4/2017,6.5,6.0,7.0,0.0,0.0,3.0
9/5/2017,6.17,4.0,7.0,1.0,2.0,1.3
9/6/2017,4.33,5.0,6.0,0.0,3.0,3.0
9/7/2017,3.0,3.2,2.0,0.0,0.0,2.0
9/8/2017,8.83,3.1,8.0,0.0,3.0,4.0
9/9/2017,6.0,2.5,7.0,0.0,0.0,4.0
9/10/2017,3.34,1.0,7.0,0.0,0.0,4.2
9/11/2017,2.0,2.0,16.0,0.0,0.0,2.0
9/12/2017,1.0,5.2,6.0,1.0,1.0,2.2
9/13/2017,4.0,2.0,16.0,0.0,5.0,0.0
9/14/2017,5.0,5.0,6.0,0.0,9.0,5.0
9/15/2017,3.0,3.0,12.0,1.0,8.0,3.0
9/16/2017,7.0,3.45,11.0,0.0,0.0,1.2
9/17/2017,5.0,4.0,6.0,1.0,7.0,5.0
9/18/2017,9.0,1.0,7.0,0.0,1.0,2.0
9/19/2017,3.33,1.0,6.0,2.0,6.0,9.0
9/20/2017,2.0,0.1,6.0,0.0,6.0,0.0
9/21/2017,7.34,1.0,8.0,2.0,0.0,1.0
9/22/2017,4.66,3.0,2.0,0.0,0.0,3.0
9/23/2017,9.99,3.0,12.0,2.0,0.0,2.0
9/24/2017,3.66,2.0,7.0,1.0,6.0,1.0
9/25/2017,1.0,1.0,7.0,3.0,26.0,1.0
9/26/2017,2.0,2.1,4.0,0.0,6.0,1.0
9/27/2017,4.0,3.0,7.0,3.0,3.0,0.0
9/28/2017,3.34,2.5,3.0,0.0,10.0,0.0
9/29/2017,1.0,3.0,8.0,6.0,5.0,1.0
9/30/2017,5.33,3.0,6.0,0.0,28.0,0.0
10/1/2017,4.0,3.0,7.0,1.0,20.0,1.0
10/2/2017,8.33,3.15,3.0,1.0,0.0,0.0
10/3/2017,0.34,3.15,21.0,3.0,5.0,2.0
10/4/2017,2.0,4.0,6.0,0.0,2.0,1.0
10/5/2017,5.33,5.0,5.0,0.0,11.0,2.0
10/6/2017,3.99,1.0,7.0,0.0,6.0,2.0
10/7/2017,4.0,2.0,4.0,0.0,10.0,1.0
10/8/2017,8.67,5.2,2.0,0.0,15.0,4.0
10/9/2017,0.0,0.0,0.0,0.0,0.0,0.0
10/10/2017,10.0,2.0,8.0,0.0,11.0,3.0
10/11/2017,3.5,4.6,2.0,0.0,6.0,2.5
10/12/2017,4.0,2.3,9.0,0.0,1.0,2.0
10/13/2017,5.33,0.6,8.0,2.0,3.0,4.0
10/14/2017,4.84,4.0,9.0,1.0,20.0,0.0
10/15/2017,6.0,1.0,5.0,0.0,11.0,2.0
10/16/2017,2.33,0.0,9.0,0.0,2.0,2.0
10/17/2017,3.34,6.0,9.0,2.0,6.0,1.0
10/18/2017,5.34,1.0,15.0,0.0,1.0,1.0
10/19/2017,4.33,4.7,8.0,0.0,13.0,0.0
10/20/2017,2.83,3.0,15.0,0.0,8.0,0.0
10/21/2017,3.33,3.3,9.0,3.0,5.0,4.0
10/22/2017,8.0,5.0,8.0,0.0,9.0,2.0
10/23/2017,3.33,2.0,4.0,0.0,28.0,1.0
10/24/2017,2.0,10.0,3.0,0.0,10.0,1.0
10/25/2017,6.34,5.35,4.0,0.0,1.0,1.0
10/26/2017,1.33,2.0,9.0,1.0,5.0,2.3
10/27/2017,6.32,6.0,14.0,1.0,21.0,2.0
10/28/2017,5.0,4.0,11.0,0.0,7.0,3.0
10/29/2017,7.66,1.05,3.0,0.0,1.0,2.2
10/30/2017,1.5,2.0,7.0,0.0,9.0,1.0
10/31/2017,4.33,4.0,2.0,0.0,0.0,1.0
11/1/2017,0.67,2.0,5.0,0.0,3.0,1.0
11/2/2017,4.0,1.55,5.0,0.0,11.0,3.0
11/3/2017,2.33,4.4,10.0,3.0,6.0,1.0
11/4/2017,10.34,6.0,5.0,0.0,1.0,3.2
11/5/2017,6.33,1.1,1.0,0.0,5.0,2.0
11/6/2017,8.34,2.0,11.0,3.0,8.0,1.0
11/7/2017,0.67,7.0,4.0,0.0,0.0,1.5
11/8/2017,6.0,2.0,1.0,0.0,5.0,1.0
11/9/2017,2.67,0.0,2.0,0.0,11.0,1.0
11/10/2017,9.34,6.2,9.0,0.0,22.0,2.0
11/11/2017,8.5,4.1,8.0,0.0,2.0,0.0
11/12/2017,5.0,6.15,9.0,0.0,3.0,2.0
11/13/2017,9.33,4.2,5.0,0.0,5.0,0.2
11/14/2017,3.0,2.0,14.0,0.0,19.0,1.0
11/15/2017,5.33,7.7,8.0,3.0,0.0,1.0
11/16/2017,5.33,3.0,3.0,0.0,1.0,1.0
11/17/2017,3.0,3.0,5.0,0.0,30.0,2.0
11/18/2017,5.33,2.0,2.0,0.0,8.0,1.2
11/19/2017,4.0,1.0,3.0,0.0,6.0,2.5
11/20/2017,2.34,2.4,10.0,0.0,2.0,0.0
11/21/2017,13.33,1.0,5.0,0.0,2.0,1.0
11/22/2017,2.0,1.0,20.0,0.0,1.0,1.0
11/23/2017,9.33,6.0,14.0,0.0,0.0,3.0
11/24/2017,8.0,5.0,5.0,2.0,2.0,0.0
11/25/2017,5.33,4.1,8.0,0.0,2.0,0.0
11/26/2017,5.66,1.0,2.0,1.0,12.0,2.0
11/27/2017,1.34,6.1,4.0,0.0,7.0,3.0
11/28/2017,5.0,5.35,5.0,3.0,8.0,3.0
11/29/2017,6.34,4.1,7.0,0.0,5.0,3.0
11/30/2017,5.67,3.0,2.0,0.0,9.0,3.0
12/1/2017,10.33,1.0,3.0,0.0,5.0,2.0
12/2/2017,4.33,5.0,11.0,0.0,0.0,1.5
12/3/2017,5.33,3.0,3.0,0.0,6.0,2.0
12/4/2017,1.0,4.0,3.0,0.0,13.0,3.0
12/5/2017,3.68,4.05,1.0,0.0,6.0,2.0
12/6/2017,4.0,2.1,12.0,0.0,6.0,1.0
12/7/2017,3.0,5.45,8.0,0.0,7.0,1.0
12/8/2017,5.33,3.5,5.0,1.0,7.0,2.0
12/9/2017,5.0,5.4,14.0,0.0,7.0,2.0
12/10/2017,5.0,5.0,7.0,0.0,18.0,2.0
12/11/2017,8.0,5.5,10.0,0.0,6.0,1.0
12/12/2017,1.33,3.0,6.0,1.0,12.0,2.0
12/13/2017,4.0,2.3,9.0,0.0,0.0,1.0
12/14/2017,3.0,3.0,5.0,0.0,0.0,3.0
12/15/2017,4.18,2.5,6.0,0.0,0.0,1.0
12/16/2017,11.0,3.0,6.0,1.0,1.0,2.0
12/17/2017,7.0,5.1,11.0,0.0,15.0,2.0
12/18/2017,0.66,6.0,7.0,0.0,8.0,0.0
12/19/2017,0.0,0.0,0.0,0.0,0.0,0.0
12/20/2017,2.0,3.0,3.0,0.0,11.0,2.0
12/21/2017,2.02,4.0,5.0,0.0,6.0,0.0
12/22/2017,5.99,1.5,13.0,0.0,1.0,1.6
12/23/2017,6.0,6.1,6.0,0.0,1.0,1.0
12/24/2017,7.66,2.0,4.0,0.0,5.0,1.0
12/25/2017,1.0,4.1,4.0,0.0,6.0,2.0
12/26/2017,2.99,3.5,9.0,0.0,9.0,2.0
12/27/2017,7.0,5.15,9.0,0.0,3.0,0.0
12/28/2017,7.33,5.1,12.0,3.0,24.0,1.0
12/29/2017,9.34,2.5,17.0,0.0,11.0,2.0
12/30/2017,8.68,4.0,8.0,0.0,10.0,3.0
12/31/2017,13.83,5.3,9.0,0.0,0.0,1.0
1/1/2018,0.0,0.0,0.0,0.0,0.0,0.0
1/2/2018,1.0,2.25,3.0,0.0,2.0,2.0
1/3/2018,4.67,3.0,4.0,0.0,10.0,3.0
1/4/2018,6.0,1.0,9.0,0.0,1.0,2.0
1/5/2018,12.0,3.0,11.0,0.0,21.0,1.0
1/6/2018,4.66,2.2,4.0,0.0,5.0,8.0
1/7/2018,0.0,0.0,0.0,0.0,0.0,0.0
1/8/2018,2.33,4.2,5.0,0.0,0.0,1.0
1/9/2018,5.33,5.0,9.0,6.0,10.0,1.0
1/10/2018,9.33,6.0,12.0,0.0,6.0,2.0
1/11/2018,4.0,5.5,7.0,0.0,5.0,0.0
1/12/2018,5.66,3.0,11.0,0.0,10.0,0.0
1/13/2018,3.5,3.2,6.0,0.0,8.0,1.0
1/14/2018,4.33,1.2,2.0,0.0,5.0,1.0
1/15/2018,6.99,5.1,8.0,0.0,15.0,2.0
1/16/2018,6.34,3.0,2.0,0.0,8.0,0.0
1/17/2018,6.67,2.0,10.0,2.0,41.0,2.0
1/18/2018,4.33,4.0,9.0,0.0,2.0,1.0
1/19/2018,6.33,3.0,12.0,0.0,3.0,1.0
1/20/2018,2.66,2.0,2.0,0.0,5.0,0.0
1/21/2018,3.33,3.4,6.0,0.0,1.0,3.5
1/22/2018,6.0,6.0,5.0,0.0,6.0,1.0
1/23/2018,1.0,4.6,4.0,0.0,5.0,1.0
1/24/2018,7.33,4.0,13.0,0.0,4.0,1.0
1/25/2018,3.66,4.2,15.0,0.0,7.0,3.0
1/26/2018,3.0,0.4,9.0,0.0,12.0,1.0
1/27/2018,3.34,3.0,7.0,0.0,3.0,4.0
1/28/2018,1.5,5.65,11.0,0.0,10.0,2.0
1/29/2018,2.33,4.25,10.0,3.0,4.0,1.0
1/30/2018,4.33,3.0,11.0,0.0,4.0,3.0
1/31/2018,0.33,4.0,12.0,0.0,6.0,1.0
2/1/2018,5.34,6.0,7.0,0.0,6.0,3.0
2/2/2018,2.33,4.0,6.0,0.0,6.0,4.4
2/3/2018,4.33,3.3,12.0,0.0,5.0,2.0
2/4/2018,7.99,2.0,6.0,0.0,3.0,3.0
2/5/2018,7.33,3.0,18.0,0.0,6.0,0.66
2/6/2018,4.34,6.85,8.0,0.0,5.0,1.0
2/7/2018,4.84,3.2,8.0,0.0,23.0,0.0
2/8/2018,6.33,3.0,7.0,0.0,1.25,0.0
2/9/2018,3.0,4.25,17.0,0.0,11.0,0.0
2/10/2018,10.01,3.5,6.0,0.0,15.0,3.0
2/11/2018,6.33,7.8,12.0,0.0,10.0,2.0
2/12/2018,8.0,10.0,14.0,1.0,1.0,1.0
2/13/2018,6.0,5.0,10.0,0.0,10.0,3.0
2/14/2018,1.0,2.1,15.0,0.0,14.0,0.0
2/15/2018,1.5,0.85,6.0,0.0,10.0,0.0
2/16/2018,7.68,1.2,10.0,0.0,0.0,1.0
2/17/2018,1.33,2.0,5.0,0.0,9.0,0.0
2/18/2018,6.0,7.55,2.0,0.0,4.0,1.0
2/19/2018,1.0,1.7,6.0,0.0,12.0,2.0
2/20/2018,4.18,4.2,6.0,0.0,2.0,3.0
2/21/2018,1.34,9.5,5.0,0.0,6.0,1.0
2/22/2018,5.0,3.15,6.0,0.0,20.0,0.0
2/23/2018,5.83,1.0,6.0,0.0,12.0,0.0
2/24/2018,8.0,7.0,10.0,0.0,8.0,3.0
2/25/2018,4.0,2.0,10.0,0.0,10.0,2.0
2/26/2018,1.0,2.0,9.0,0.0,7.0,1.0
2/27/2018,3.33,3.4,20.0,9.0,8.0,1.0
2/28/2018,1.0,5.1,21.0,2.0,0.0,1.0
3/1/2018,1.0,1.05,26.0,1.0,12.0,1.0
3/2/2018,4.0,9.5,24.0,3.0,17.0,5.5
3/3/2018,8.0,8.15,12.0,1.0,10.0,4.0
3/4/2018,1.0,4.0,3.0,0.0,14.0,1.0
3/5/2018,4.33,6.1,6.0,0.0,17.0,1.0
3/6/2018,9.5,5.85,22.0,8.0,2.0,1.0
3/7/2018,4.5,4.0,31.0,5.0,11.0,1.4
3/8/2018,1.33,4.0,10.0,0.0,0.0,4.0
3/9/2018,6.33,4.2,11.0,1.0,10.0,0.0
3/10/2018,6.0,4.0,11.0,3.0,17.0,6.0
3/11/2018,4.66,5.6,0.0,0.0,11.0,3.0
3/12/2018,9.0,3.0,9.0,0.0,13.0,8.0
3/13/2018,2.0,5.2,18.0,0.0,21.0,5.0
3/14/2018,2.34,0.0,14.0,2.0,8.0,4.0
3/15/2018,3.34,3.0,10.0,0.0,10.0,0.0
3/16/2018,3.33,1.0,7.0,0.0,2.0,1.0
3/17/2018,3.99,3.15,11.0,0.0,5.0,4.0
3/18/2018,7.33,4.3,8.0,0.0,2.0,2.0
3/19/2018,4.34,0.0,11.0,2.0,18.0,1.0
3/20/2018,2.67,9.0,7.0,0.0,15.0,5.0
3/21/2018,2.0,2.0,4.0,0.0,9.0,0.0
3/22/2018,3.0,1.55,4.0,0.0,0.0,1.0
3/23/2018,5.0,5.15,8.0,0.0,11.0,8.5
3/24/2018,7.0,5.0,7.0,1.0,2.0,0.0
3/25/2018,4.0,3.2,9.0,0.0,3.0,2.0
3/26/2018,5.0,0.2,15.0,4.0,5.0,3.3
3/27/2018,4.34,5.1,14.0,1.0,5.0,2.0
3/28/2018,5.5,1.0,23.0,2.0,6.0,1.5
3/29/2018,7.0,3.0,5.0,0.0,7.0,3.3
3/30/2018,5.33,9.0,33.0,8.0,3.0,2.0
3/31/2018,9.0,2.0,8.0,0.0,3.0,4.0
4/1/2018,6.83,0.0,19.0,1.0,22.0,5.0
4/2/2018,5.66,6.3,31.0,0.0,10.0,10.0
4/3/2018,1.0,2.0,10.0,6.0,5.0,3.5
4/4/2018,6.01,3.0,9.0,0.0,1.0,8.0
4/5/2018,6.33,5.4,16.0,1.0,16.0,3.0
4/6/2018,3.67,4.2,13.0,0.0,23.0,5.0
4/7/2018,16.18,2.0,4.0,0.0,5.0,7.0
4/8/2018,0.0,0.0,0.0,0.0,0.0,0.0
4/9/2018,5.0,6.0,6.0,0.0,10.0,6.0
4/10/2018,2.0,2.0,18.0,3.0,7.0,10.0
4/11/2018,6.67,2.0,12.0,0.0,3.0,11.0
4/12/2018,5.0,3.5,9.0,0.0,6.0,4.5
4/13/2018,4.5,5.0,12.0,0.0,23.0,4.0
4/14/2018,8.0,2.0,2.0,0.0,3.0,12.0
4/15/2018,7.66,3.0,5.0,0.0,0.0,6.0
4/16/2018,2.0,0.25,9.0,0.0,4.0,3.0
4/17/2018,3.34,0.15,10.0,0.0,6.0,6.0
4/18/2018,5.0,3.25,5.0,0.0,7.0,1.0
4/19/2018,5.0,1.0,3.0,0.0,1.0,7.0
4/20/2018,5.0,0.0,10.0,0.0,6.0,9.0
4/21/2018,3.5,2.0,7.0,0.0,4.0,6.2
4/22/2018,6.0,3.5,7.0,0.0,0.0,6.5
4/23/2018,7.0,1.0,7.0,0.0,2.0,9.0
4/24/2018,6.0,6.0,9.0,0.0,1.0,12.0
4/25/2018,9.0,5.0,8.0,2.0,30.0,9.0
4/26/2018,5.33,2.0,8.0,0.0,7.0,5.0
4/27/2018,6.68,3.0,12.0,0.0,6.0,4.0
4/28/2018,9.33,2.05,11.0,1.0,6.0,7.0
4/29/2018,7.33,6.0,5.0,0.0,14.0,10.4
4/30/2018,5.0,3.0,12.0,0.0,1.0,7.0
5/1/2018,2.34,1.0,0.0,0.0,1.0,8.0
5/2/2018,6.0,2.0,7.0,0.0,3.0,9.0
5/3/2018,2.33,2.0,10.0,0.0,16.0,10.0
5/4/2018,1.0,5.0,6.0,0.0,2.0,10.5
5/5/2018,9.0,5.0,9.0,0.0,0.0,7.0
5/6/2018,3.34,0.25,9.0,0.0,3.0,13.5
5/7/2018,9.66,0.0,13.0,0.0,7.0,3.0
5/8/2018,10.5,1.0,14.0,2.0,1.0,9.0
5/9/2018,9.34,7.0,8.0,2.0,2.0,5.0
5/10/2018,8.5,6.0,12.0,0.0,1.0,6.0
5/11/2018,9.33,3.0,6.0,0.0,2.0,10.0
5/12/2018,1.33,5.15,10.0,0.0,11.0,8.0
5/13/2018,5.16,3.0,3.0,0.0,7.0,10.0
5/14/2018,6.0,1.0,4.0,1.0,37.0,3.0
5/15/2018,4.0,2.0,11.0,0.0,5.0,7.0
5/16/2018,4.01,2.5,9.0,0.0,2.0,8.0
5/17/2018,2.0,3.5,11.0,0.0,1.0,4.0
5/18/2018,2.34,6.0,11.0,0.0,2.0,2.4
5/19/2018,2.34,1.0,7.0,5.0,0.0,5.0
5/20/2018,7.0,1.0,6.0,1.0,0.0,10.0
5/21/2018,12.0,2.15,18.0,0.0,11.0,5.0
5/22/2018,3.67,3.0,7.0,0.0,6.0,6.0
5/23/2018,1.5,0.0,7.0,0.0,0.0,7.0
5/24/2018,2.0,5.0,6.0,1.0,10.0,1.0
5/25/2018,2.33,2.0,9.0,0.0,1.0,2.0
5/26/2018,3.33,7.0,7.0,0.0,3.0,5.0
5/27/2018,6.33,5.0,6.0,1.0,0.0,11.0
5/28/2018,7.0,1.2,7.0,0.0,7.0,6.0
5/29/2018,9.0,3.3,7.0,0.0,4.0,6.0
5/30/2018,4.34,2.0,9.0,0.0,14.0,10.0
5/31/2018,3.5,1.35,10.0,0.0,8.0,5.64
6/1/2018,12.33,4.0,9.0,0.0,5.0,3.0
6/2/2018,8.0,4.0,9.0,3.0,7.0,9.0
6/3/2018,5.0,1.0,8.0,1.0,0.0,2.0
6/4/2018,3.33,6.0,3.0,0.0,6.0,6.0
6/5/2018,4.33,1.05,7.0,2.0,0.0,7.0
6/6/2018,6.0,0.15,16.0,3.0,0.0,2.0
6/7/2018,2.0,0.25,11.0,1.0,10.0,2.0
6/8/2018,4.0,2.0,6.0,0.0,2.0,4.4
6/9/2018,8.0,3.0,11.0,0.0,5.0,0.0
6/10/2018,2.66,5.0,7.0,0.0,0.0,3.0
6/11/2018,8.0,3.1,17.0,0.0,0.0,6.0
6/12/2018,2.34,4.0,3.0,0.0,1.0,7.4
6/13/2018,12.0,1.2,1.0,0.0,0.0,2.0
6/14/2018,0.0,1.0,11.0,0.0,0.0,2.0
6/15/2018,1.0,0.3,10.0,0.0,8.0,2.0
6/16/2018,3.34,5.0,5.0,0.0,2.0,7.0
6/17/2018,4.84,6.0,10.0,0.0,5.0,4.0
6/18/2018,4.5,2.1,4.0,0.0,1.0,6.0
6/19/2018,4.0,4.0,8.0,0.0,5.0,3.0
6/20/2018,3.66,2.5,8.0,3.0,11.0,2.6
6/21/2018,3.35,4.0,5.0,0.0,5.0,10.5
6/22/2018,5.0,4.15,3.0,0.0,6.0,5.5
6/23/2018,5.33,2.0,7.0,0.0,1.0,2.0
6/24/2018,1.67,2.0,10.0,0.0,0.0,3.0
6/25/2018,3.33,0.0,12.0,3.0,5.0,2.0
6/26/2018,10.33,3.0,6.0,0.0,9.0,4.4
6/27/2018,2.0,3.0,10.0,0.0,2.0,3.0
6/28/2018,3.0,4.0,13.0,0.0,5.0,2.0
6/29/2018,1.0,2.0,8.0,0.0,0.0,4.0
6/30/2018,6.84,7.0,10.0,2.0,0.0,4.0
7/1/2018,2.0,1.0,7.0,0.0,10.0,4.0
7/2/2018,3.33,3.0,18.0,0.0,3.0,7.0
7/3/2018,6.34,1.0,9.0,0.0,8.0,3.0
7/4/2018,1.0,3.5,6.0,0.0,22.0,7.0
7/5/2018,4.33,4.0,6.0,3.0,3.0,1.0
7/6/2018,2.33,1.25,15.0,0.0,0.0,6.0
7/7/2018,6.33,7.0,14.0,0.0,0.0,5.5
7/8/2018,7.33,2.0,10.0,0.0,5.0,4.0
7/9/2018,3.33,4.0,12.0,3.0,0.0,3.0
7/10/2018,6.0,4.0,9.0,2.0,2.0,4.0
7/11/2018,10.0,3.0,13.0,0.0,6.0,2.0
7/12/2018,3.0,7.0,11.0,4.0,0.0,3.0
7/13/2018,1.34,1.15,5.0,0.0,2.0,3.0
7/14/2018,0.0,0.0,8.0,0.0,0.0,1.4
7/15/2018,10.0,3.5,4.0,0.0,1.0,7.0
7/16/2018,9.33,1.0,8.0,0.0,0.0,3.0
7/17/2018,2.33,2.0,13.0,0.0,0.0,6.0
7/18/2018,2.5,5.0,17.0,0.0,12.0,6.0
7/19/2018,6.84,3.0,14.0,1.0,0.0,3.0
7/20/2018,5.0,5.0,2.0,1.0,2.0,4.0
7/21/2018,4.0,0.3,7.0,0.0,5.0,1.0
7/22/2018,3.66,0.0,4.0,0.0,5.0,6.0
7/23/2018,8.68,2.1,15.0,1.0,0.0,5.3
7/24/2018,9.68,2.0,4.0,1.0,2.0,2.0
7/25/2018,5.0,2.0,7.0,0.0,0.0,2.0
7/26/2018,4.33,5.0,4.0,0.0,1.0,4.0
7/27/2018,2.34,3.0,11.0,0.0,1.0,6.0
7/28/2018,6.0,1.0,9.0,0.0,0.0,3.0
7/29/2018,3.5,2.1,7.0,1.0,0.0,3.0
7/30/2018,3.0,5.3,9.0,2.0,0.0,4.0
7/31/2018,7.33,3.0,5.0,0.0,0.0,3.0
8/1/2018,1.0,1.0,9.0,1.0,1.0,7.0
8/2/2018,0.0,0.0,11.0,0.0,2.0,5.0
8/3/2018,4.01,2.0,9.0,0.0,0.0,1.0
8/4/2018,5.0,2.0,11.0,3.0,0.0,8.0
8/5/2018,6.0,5.0,4.0,2.0,6.0,1.3
8/6/2018,8.33,2.0,7.0,0.0,6.0,2.0
8/7/2018,2.33,8.0,7.0,1.0,1.0,3.0
8/8/2018,4.33,2.0,13.0,0.0,0.0,2.0
8/9/2018,2.67,1.0,13.0,0.0,0.0,2.0
8/10/2018,6.0,4.0,4.0,0.0,0.0,2.0
8/11/2018,4.0,6.0,16.0,1.0,5.0,10.0
8/12/2018,10.99,6.0,6.0,0.0,1.0,2.0
8/13/2018,3.33,2.0,15.0,0.0,3.0,2.0
8/14/2018,1.33,5.0,9.0,0.0,4.0,5.0
8/15/2018,8.34,2.0,13.0,2.0,0.0,1.0
8/16/2018,3.33,4.0,6.0,3.0,5.0,5.0
8/17/2018,2.33,2.4,5.0,1.0,5.0,1.0
8/18/2018,6.33,0.0,5.0,1.0,6.0,0.0
8/19/2018,6.33,1.0,3.0,0.0,5.0,6.0
8/20/2018,4.0,4.2,7.0,0.0,20.0,3.0
8/21/2018,2.34,2.15,4.0,1.0,1.0,4.0
8/22/2018,5.0,0.0,4.0,1.0,0.0,4.0
8/23/2018,5.0,4.0,8.0,0.0,23.0,3.0
8/24/2018,4.0,1.0,7.0,0.0,21.0,4.0
8/25/2018,3.67,3.2,4.0,0.0,6.0,2.5
8/26/2018,11.33,4.0,10.0,0.0,8.0,4.3
8/27/2018,3.34,9.0,6.0,0.0,1.0,1.0
8/28/2018,2.0,1.0,7.0,1.0,0.0,3.0
8/29/2018,6.67,1.3,10.0,1.0,5.0,3.0
8/30/2018,2.33,3.0,7.0,0.0,4.0,2.0
8/31/2018,4.34,0.0,13.0,1.0,20.0,4.0
9/1/2018,2.34,2.2,6.0,1.0,1.0,2.0
9/2/2018,6.68,3.0,5.0,0.0,5.0,2.0
9/3/2018,1.0,2.0,12.0,0.0,0.0,4.0
9/4/2018,4.0,1.0,7.0,0.0,3.0,2.0
9/5/2018,6.5,1.5,11.0,0.0,3.0,2.0
9/6/2018,6.66,3.0,13.0,0.0,5.0,0.0
9/7/2018,2.0,4.0,6.0,0.0,22.0,7.7
9/8/2018,10.0,6.1,12.0,0.0,10.0,1.0
9/9/2018,4.0,0.0,2.0,0.0,0.0,5.0
9/10/2018,7.0,2.0,14.0,3.0,1.0,2.0
9/11/2018,9.0,3.0,15.0,0.0,6.0,4.0
9/12/2018,4.0,2.0,18.0,0.0,5.0,0.0
9/13/2018,2.83,1.0,5.0,2.0,12.0,2.0
9/14/2018,8.0,4.0,7.0,0.0,1.0,2.0
9/15/2018,6.0,4.0,6.0,0.0,10.0,4.4
9/16/2018,3.33,3.25,6.0,1.0,7.0,3.0
9/17/2018,3.0,3.75,10.0,1.0,5.0,0.0
9/18/2018,4.34,3.7,6.0,0.0,1.0,5.0
9/19/2018,6.0,2.0,10.0,0.0,9.0,7.0
9/20/2018,2.0,2.0,13.0,1.0,0.0,5.0
9/21/2018,4.66,1.0,10.0,0.0,1.0,3.0
9/22/2018,6.0,1.5,6.0,1.0,23.0,3.0
9/23/2018,7.34,3.25,9.0,0.0,8.0,5.0
9/24/2018,7.33,5.5,7.0,0.0,9.0,2.0
9/25/2018,6.0,3.3,11.0,0.0,22.0,2.0
9/26/2018,3.0,6.0,9.0,1.0,0.0,3.0
9/27/2018,4.0,4.6,11.0,0.0,7.0,3.0
9/28/2018,2.0,3.7,3.0,0.0,5.0,3.0
9/29/2018,3.5,2.15,4.0,0.0,21.0,1.0
9/30/2018,11.01,2.0,9.0,1.0,3.0,3.0
10/1/2018,3.0,1.0,10.0,0.0,21.0,3.0
10/2/2018,6.0,3.5,7.0,0.0,6.0,0.0
10/3/2018,6.0,3.0,12.0,2.0,5.0,4.0
10/4/2018,6.0,2.0,12.0,1.0,5.0,0.0
10/5/2018,4.84,1.1,7.0,0.0,14.0,1.0
10/6/2018,2.0,3.2,4.0,0.0,3.0,0.1
10/7/2018,2.68,2.0,8.0,0.0,9.0,1.0
10/8/2018,4.0,3.0,18.0,5.0,0.0,3.0
10/9/2018,2.0,1.0,18.0,0.0,29.0,1.0
10/10/2018,9.0,4.1,13.0,0.0,20.0,2.0
10/11/2018,2.0,2.1,15.0,0.0,0.0,1.0
10/12/2018,6.33,1.0,6.0,0.0,1.0,6.0
10/13/2018,6.99,3.25,8.0,0.0,6.0,3.0
10/14/2018,2.34,6.2,9.0,2.0,0.0,6.0
10/15/2018,7.17,3.0,12.0,0.0,5.0,6.0
10/16/2018,6.0,2.0,5.0,3.0,6.0,0.0
10/17/2018,2.33,4.0,5.0,0.0,1.0,4.0
10/18/2018,4.34,1.1,9.0,1.0,10.0,5.0
10/19/2018,4.0,0.0,5.0,2.0,6.0,4.0
10/20/2018,2.34,2.0,9.0,0.0,34.0,5.0
10/21/2018,6.67,1.0,5.0,3.0,5.0,1.0
10/22/2018,2.66,3.3,8.0,0.0,28.0,1.3
10/23/2018,2.34,0.45,9.0,1.0,11.0,3.0
10/24/2018,4.0,5.0,7.0,0.0,10.0,1.5
10/25/2018,5.33,3.0,12.0,0.0,33.0,3.0
10/26/2018,4.0,4.6,14.0,1.0,14.0,1.0
10/27/2018,8.34,2.2,12.0,1.0,7.0,2.0
10/28/2018,5.33,1.6,9.0,3.0,13.0,3.0
10/29/2018,5.35,2.35,5.0,0.0,10.0,3.0
10/30/2018,9.33,1.0,7.0,0.0,13.0,1.0
10/31/2018,2.0,3.0,7.0,0.0,2.0,2.0
11/1/2018,7.84,3.0,6.0,3.0,7.0,0.0
11/2/2018,5.14,0.0,8.2,0.0,1.0,3.3
11/3/2018,3.0,6.2,2.0,0.0,0.0,2.0
11/4/2018,13.99,0.0,7.0,0.0,13.0,1.0
11/5/2018,6.33,6.0,14.0,0.0,13.0,2.3
11/6/2018,3.33,10.55,8.0,0.0,13.0,2.5
11/7/2018,7.0,3.0,15.0,3.0,8.0,0.0
11/8/2018,3.0,6.0,5.0,0.0,16.0,2.0
11/9/2018,5.0,5.0,7.0,1.0,22.0,0.0
11/10/2018,4.33,2.0,7.0,1.0,11.0,1.1
11/11/2018,11.0,2.0,14.0,0.0,10.0,1.0
11/12/2018,2.34,7.0,15.0,2.0,24.0,1.0
11/13/2018,6.33,6.0,18.0,0.0,18.0,3.0
11/14/2018,5.66,3.0,9.0,0.0,0.0,0.0
11/15/2018,2.0,2.0,3.0,2.0,29.0,0.0
11/16/2018,8.33,4.0,6.0,0.0,6.0,0.4
11/17/2018,8.0,1.0,5.0,0.0,13.0,2.0
11/18/2018,4.68,5.0,7.0,1.0,10.0,1.0
11/19/2018,6.01,2.0,6.0,3.0,3.0,0.0
11/20/2018,5.33,4.0,4.0,1.0,10.0,3.0
11/21/2018,7.0,3.25,5.0,0.0,5.0,1.0
11/22/2018,8.0,3.0,9.0,0.0,15.0,2.0
11/23/2018,6.0,3.0,13.0,1.0,24.0,3.0
11/24/2018,5.66,5.0,11.0,0.0,7.0,0.3
11/25/2018,5.33,3.15,6.0,1.0,3.0,2.0
11/26/2018,5.33,2.0,15.0,1.0,16.0,3.0
11/27/2018,8.0,2.0,2.0,0.0,5.0,2.0
11/28/2018,3.0,1.0,15.0,2.0,8.0,4.0
11/29/2018,4.33,1.0,7.0,0.0,1.0,3.0
11/30/2018,1.0,1.0,3.0,0.0,0.0,2.5
12/1/2018,7.0,2.05,7.0,3.0,13.0,2.0
12/2/2018,3.17,10.0,6.0,0.0,27.0,8.0
12/3/2018,6.0,2.1,13.0,0.0,13.0,1.0
12/4/2018,2.5,3.0,11.0,0.0,5.0,3.0
12/5/2018,5.33,3.5,13.0,0.0,15.0,2.0
12/6/2018,0.0,0.0,0.0,0.0,0.0,0.0
12/7/2018,5.0,3.0,14.0,0.0,12.0,3.0
12/8/2018,0.0,0.0,0.0,0.0,0.0,0.0
12/9/2018,4.66,4.1,9.0,0.0,11.0,0.0
12/10/2018,4.0,1.5,12.0,1.0,7.0,1.0
12/11/2018,4.0,8.35,12.0,3.0,2.0,5.5
12/12/2018,4.33,3.0,11.0,0.0,21.0,0.0
12/13/2018,3.68,3.0,6.0,0.0,6.0,0.0
12/14/2018,2.0,0.2,2.0,1.0,29.0,1.0
12/15/2018,4.0,3.45,5.0,0.0,26.0,2.3
12/16/2018,1.33,0.2,3.0,0.0,7.0,1.0
12/17/2018,6.34,5.0,6.0,1.0,22.0,2.0
12/18/2018,0.33,1.0,12.0,3.0,9.0,2.0
12/19/2018,0.0,0.0,0.0,0.0,0.0,0.0
12/20/2018,8.34,1.0,12.0,3.0,1.0,0.0
12/21/2018,2.0,0.0,12.0,1.0,13.0,1.0
12/22/2018,8.34,4.5,3.0,1.0,0.0,0.0
12/23/2018,12.33,2.3,8.0,0.0,13.0,4.0
12/24/2018,8.67,1.0,20.0,0.0,8.0,1.0
12/25/2018,8.0,5.1,9.0,3.0,21.0,2.0
12/26/2018,1.0,2.15,8.0,1.0,13.0,2.0
12/27/2018,3.68,3.05,8.0,0.0,7.0,0.0
12/28/2018,11.67,1.0,11.0,6.0,9.0,0.0
12/29/2018,6.68,1.0,5.0,0.0,7.0,2.0
12/30/2018,5.33,5.0,6.0,0.0,31.0,3.3
12/31/2018,8.0,5.2,10.0,0.0,6.0,4.0
1/1/2019,0.0,0.0,0.0,0.0,0.0,0.0
1/2/2019,5.33,4.15,4.0,0.0,9.0,2.0
1/3/2019,4.33,6.25,6.0,0.0,9.0,0.0
1/4/2019,7.0,2.6,10.0,0.0,0.0,1.0
1/5/2019,8.01,3.1,10.0,0.0,30.0,1.0
1/6/2019,8.33,2.25,11.0,2.0,0.0,3.0
1/7/2019,0.0,0.0,0.0,0.0,0.0,0.0
1/8/2019,4.34,0.0,6.0,0.0,10.0,2.0
1/9/2019,3.0,2.0,24.0,3.0,10.0,1.0
1/10/2019,8.0,5.6,12.0,2.0,13.0,1.0
1/11/2019,5.33,3.0,12.0,0.0,6.0,0.0
1/12/2019,6.66,5.0,21.2,0.0,10.0,0.0
1/13/2019,8.33,4.6,4.0,1.0,1.0,2.0
1/14/2019,9.0,3.0,10.0,0.0,18.0,0.0
1/15/2019,4.33,3.65,9.0,0.0,19.0,1.0
1/16/2019,7.5,6.0,12.0,0.0,17.0,5.0
1/17/2019,5.34,3.7,10.0,3.0,8.0,1.0
1/18/2019,6.33,4.0,13.0,0.0,24.0,2.0
1/19/2019,7.02,5.5,9.0,0.0,1.0,3.0
1/20/2019,11.67,2.1,6.0,0.0,34.0,1.0
1/21/2019,4.34,0.0,11.0,0.0,31.0,0.0
1/22/2019,6.83,1.0,13.0,1.0,7.0,0.0
1/23/2019,3.33,7.1,4.0,0.0,23.0,2.0
1/24/2019,4.0,6.0,7.0,4.0,2.0,3.0
1/25/2019,2.33,4.0,11.0,2.0,11.0,1.0
1/26/2019,7.0,2.4,11.0,1.0,13.0,1.0
1/27/2019,10.52,2.0,12.0,1.0,6.0,2.0
1/28/2019,8.5,3.0,11.0,0.0,28.0,3.0
1/29/2019,5.0,3.45,10.0,2.0,15.0,0.0
1/30/2019,6.33,2.25,8.0,0.0,11.0,1.3
1/31/2019,1.67,2.0,8.0,1.0,20.0,2.0
2/1/2019,11.34,8.0,9.0,0.0,7.0,3.0
2/2/2019,13.34,6.2,8.0,1.0,45.0,0.0
2/3/2019,6.0,5.75,10.0,1.0,5.0,4.4
2/4/2019,6.33,3.0,5.0,1.0,12.0,2.0
2/5/2019,5.33,3.65,2.0,0.0,1.0,4.0
2/6/2019,6.34,2.2,4.0,0.0,4.0,1.5
2/7/2019,2.33,4.5,11.0,0.0,22.0,1.0
2/8/2019,2.0,7.0,9.0,3.0,12.0,5.0
2/9/2019,6.68,5.0,10.0,0.0,11.0,1.0
2/10/2019,3.34,3.35,9.0,0.0,0.0,1.2
2/11/2019,8.0,6.15,10.0,0.0,5.0,3.0
2/12/2019,6.66,0.0,8.2,0.0,6.0,0.5
2/13/2019,4.0,1.0,16.0,0.0,8.0,2.0
2/14/2019,2.33,3.15,9.0,0.0,7.0,3.0
2/15/2019,5.34,12.5,16.0,0.0,3.0,2.0
2/16/2019,6.34,5.0,8.0,0.0,6.0,3.0
2/17/2019,2.34,4.0,11.2,0.0,0.0,3.1
2/18/2019,3.34,3.6,7.0,0.0,10.0,0.0
2/19/2019,3.33,1.5,15.0,2.0,6.0,3.0
2/20/2019,2.34,3.3,14.0,0.0,7.0,3.0
2/21/2019,1.66,2.1,15.0,1.0,5.0,2.0
2/22/2019,2.33,1.2,5.0,0.0,1.0,2.0
2/23/2019,5.01,3.2,13.0,0.0,0.0,1.3
2/24/2019,4.34,1.5,2.0,0.0,2.0,2.0
2/25/2019,5.34,3.0,4.0,2.0,2.0,3.0
2/26/2019,2.33,5.15,8.0,0.0,3.0,3.0
2/27/2019,5.0,1.2,9.0,0.0,1.0,7.5
2/28/2019,0.67,4.0,2.0,1.0,35.0,3.0
3/1/2019,1.33,2.5,12.0,0.0,6.0,2.0
3/2/2019,4.01,4.0,9.0,3.0,0.0,5.0
3/3/2019,8.0,1.0,5.0,0.0,10.0,0.4
3/4/2019,5.33,7.0,3.0,0.0,5.0,2.0
3/5/2019,3.01,0.2,8.0,3.0,6.0,5.3
3/6/2019,0.34,0.7,17.0,1.0,5.0,3.0
3/7/2019,7.33,4.25,24.0,0.0,0.0,4.0
3/8/2019,2.33,0.2,4.0,1.0,0.0,4.3
3/9/2019,6.34,4.0,11.0,0.0,7.0,5.0
3/10/2019,5.83,5.35,5.0,0.0,3.0,9.0
3/11/2019,14.66,2.5,10.0,3.0,11.0,3.0
3/12/2019,4.33,1.5,12.0,0.0,7.0,2.0
3/13/2019,2.67,6.0,10.0,0.0,8.0,4.0
3/14/2019,4.0,0.2,12.0,1.0,27.0,6.0
3/15/2019,2.83,3.0,7.0,1.0,20.0,5.0
3/16/2019,8.34,5.0,9.0,0.0,5.0,7.0
3/17/2019,6.68,2.0,6.0,0.0,10.0,5.0
3/18/2019,2.33,2.1,11.0,0.0,1.0,9.0
3/19/2019,9.0,1.5,10.0,1.0,2.0,8.0
3/20/2019,5.67,2.0,8.2,0.0,19.0,5.0
3/21/2019,2.33,0.0,13.0,0.0,6.0,5.0
3/22/2019,4.66,1.1,13.0,0.0,29.0,6.0
3/23/2019,6.0,4.25,7.0,0.0,1.0,5.0
3/24/2019,6.0,3.0,6.2,1.0,16.0,10.0
3/25/2019,4.84,6.0,11.0,1.0,6.0,6.0
3/26/2019,4.0,3.0,11.0,0.0,19.0,9.0
3/27/2019,6.34,3.0,12.0,1.0,0.0,9.0
3/28/2019,1.33,1.4,6.0,0.0,7.0,1.0
3/29/2019,3.0,4.0,10.0,0.0,16.0,9.2
3/30/2019,4.66,1.1,11.0,1.0,0.0,6.1
3/31/2019,7.0,1.5,8.0,1.0,5.0,9.2
4/1/2019,3.01,3.0,12.0,0.0,5.0,5.0
4/2/2019,7.67,3.0,7.0,0.0,10.0,8.0
4/3/2019,5.33,1.5,12.0,0.0,4.0,9.3
4/4/2019,4.5,8.0,8.0,1.0,13.0,15.0
4/5/2019,6.34,4.0,7.0,0.0,3.0,4.0
4/6/2019,3.34,3.0,13.0,0.0,16.0,9.3
4/7/2019,6.0,4.0,3.0,0.0,0.0,7.0
4/8/2019,5.0,3.3,8.2,0.0,4.0,3.0
4/9/2019,2.83,1.0,10.0,0.0,3.0,5.0
4/10/2019,2.34,2.0,16.2,3.0,9.0,8.0
4/11/2019,7.33,2.0,15.0,0.0,7.0,8.0
4/12/2019,4.33,4.1,16.0,0.0,6.0,7.0
4/13/2019,4.5,1.1,4.0,0.0,6.0,4.0
4/14/2019,4.0,1.0,3.0,1.0,7.0,5.5
4/15/2019,4.66,5.3,17.0,2.0,3.0,5.0
4/16/2019,2.0,2.0,12.0,3.0,1.0,3.0
4/17/2019,7.0,1.25,11.0,1.0,24.0,5.0
4/18/2019,0.0,0.0,0.0,0.0,0.0,0.0
4/19/2019,3.34,1.5,17.0,0.0,6.0,2.0
4/20/2019,9.0,1.5,12.0,3.0,0.0,6.0
4/21/2019,3.84,3.0,11.0,0.0,2.0,12.2
4/22/2019,8.67,4.5,12.0,0.0,31.0,9.0
4/23/2019,9.0,6.1,6.0,1.0,4.0,2.0
4/24/2019,2.34,3.0,13.0,3.0,12.0,2.0
4/25/2019,14.01,2.0,17.0,1.0,7.0,5.4
4/26/2019,6.34,3.25,6.0,0.0,1.0,11.0
4/27/2019,17.34,3.1,13.0,1.0,7.0,7.0
4/28/2019,0.0,0.0,0.0,0.0,0.0,0.0
4/29/2019,5.33,2.6,5.0,0.0,0.0,3.0
4/30/2019,2.0,8.0,13.0,2.0,28.0,8.4
5/1/2019,2.34,1.0,1.0,0.0,1.0,3.0
5/2/2019,1.68,5.5,15.0,1.0,3.0,9.0
5/3/2019,4.01,3.0,11.0,3.0,16.0,8.0
5/4/2019,9.0,4.25,5.0,1.0,16.0,9.0
5/5/2019,7.0,4.2,2.0,0.0,0.0,5.0
5/6/2019,4.68,2.0,11.0,2.0,9.0,3.0
5/7/2019,2.66,1.0,19.0,0.0,6.0,5.0
5/8/2019,9.0,3.0,15.0,2.0,20.0,0.0
5/9/2019,5.0,2.1,10.0,1.0,31.0,4.0
5/10/2019,5.0,5.5,13.0,2.0,26.0,2.0
5/11/2019,5.34,5.5,9.0,0.0,12.0,5.0
5/12/2019,4.67,3.1,2.0,1.0,19.0,5.0
5/13/2019,5.0,2.0,11.0,0.0,11.0,3.0
5/14/2019,6.67,4.0,5.0,0.0,11.0,3.0
5/15/2019,4.0,4.15,7.0,0.0,5.0,3.0
5/16/2019,5.0,2.0,9.0,1.0,16.29166667,5.0
5/17/2019,2.66,2.4,18.0,2.0,4.0,2.2
5/18/2019,10.0,5.1,9.0,2.0,5.0,3.0
5/19/2019,6.67,4.0,9.0,0.0,9.0,4.2
5/20/2019,3.67,5.0,11.0,4.0,13.0,5.0
5/21/2019,5.34,5.1,12.2,0.0,1.0,7.0
5/22/2019,8.16,3.15,8.0,0.0,9.0,5.0
5/23/2019,2.33,2.0,4.0,0.0,10.0,6.0
5/24/2019,5.34,3.0,8.0,1.0,5.0,3.0
5/25/2019,11.0,4.1,4.0,0.0,16.0,2.0
5/26/2019,6.33,2.0,2.6,0.0,11.0,6.0
5/27/2019,4.67,1.2,8.0,0.0,0.0,2.0
5/28/2019,4.33,6.3,10.0,2.0,5.0,6.0
5/29/2019,5.5,4.05,10.0,1.0,0.0,3.0
5/30/2019,5.0,3.4,5.0,0.0,6.0,4.0
5/31/2019,5.99,1.0,2.0,0.0,2.0,5.0
6/1/2019,3.0,6.0,1.0,0.0,8.0,4.0
6/2/2019,4.0,3.05,4.0,1.0,6.0,4.0
6/3/2019,0.33,4.0,4.0,0.0,5.0,10.0
6/4/2019,6.34,5.35,9.0,1.0,12.0,5.0
6/5/2019,5.0,2.1,7.0,0.0,1.0,2.0
6/6/2019,7.67,6.35,7.0,2.0,11.0,4.0
6/7/2019,6.0,2.0,6.0,0.0,16.0,0.0
6/8/2019,3.0,1.0,12.0,0.0,0.0,2.1
6/9/2019,9.33,8.0,7.0,4.0,0.0,5.0
6/10/2019,3.0,2.0,7.0,0.0,6.0,12.0
6/11/2019,11.34,10.5,9.0,0.0,7.0,6.0
6/12/2019,8.0,1.0,11.0,0.0,1.0,7.0
6/13/2019,0.68,0.25,2.0,0.0,2.0,9.0
6/14/2019,3.18,3.0,2.0,1.0,0.0,6.0
6/15/2019,7.0,5.0,13.0,0.0,7.0,8.0
6/16/2019,4.0,3.0,2.0,0.0,0.0,9.0
6/17/2019,6.66,3.0,6.0,0.0,2.0,2.34
6/18/2019,5.0,3.0,8.0,0.0,2.0,12.1
6/19/2019,3.67,3.0,6.0,1.0,2.0,5.5
6/20/2019,5.0,3.0,9.0,4.0,0.0,4.0
6/21/2019,3.0,3.0,8.0,3.0,4.0,6.0
6/22/2019,3.0,0.0,11.0,2.0,12.0,5.0
6/23/2019,9.33,5.5,1.0,0.0,10.0,1.0
6/24/2019,10.0,3.1,9.0,3.0,3.0,7.0
6/25/2019,2.34,5.0,10.0,1.0,0.0,3.0
6/26/2019,2.0,1.0,5.0,1.0,0.0,5.0
6/27/2019,8.16,4.0,5.0,1.0,7.0,2.0
6/28/2019,4.33,2.0,5.0,0.0,2.0,3.0
6/29/2019,1.18,5.0,2.0,0.0,5.0,2.0
6/30/2019,6.0,0.0,5.0,0.0,11.0,5.0
7/1/2019,5.33,1.0,7.0,0.0,8.0,4.0
7/2/2019,5.66,4.0,9.0,0.0,1.0,4.3
7/3/2019,4.0,4.0,9.0,0.0,1.0,4.0
7/4/2019,5.33,0.0,7.0,1.0,3.0,6.5
7/5/2019,4.33,4.0,11.0,0.0,0.0,2.0
7/6/2019,4.34,3.0,2.0,0.0,1.0,3.0
7/7/2019,5.66,3.0,2.0,0.0,3.0,5.0
7/8/2019,6.0,2.0,9.2,1.0,4.0,4.0
7/9/2019,2.67,8.0,12.0,4.0,3.0,2.0
7/10/2019,10.0,5.0,10.2,0.0,1.0,4.0
7/11/2019,3.33,4.0,7.0,0.0,0.0,3.0
7/12/2019,11.0,4.05,7.2,0.0,2.0,2.0
7/13/2019,5.0,1.0,5.0,3.0,0.0,5.0
7/14/2019,6.0,4.0,3.0,0.0,5.0,1.0
7/15/2019,7.33,4.55,6.0,1.0,0.0,7.0
7/16/2019,7.0,3.0,7.0,0.0,2.0,4.0
7/17/2019,3.99,2.5,7.0,1.0,0.0,2.0
7/18/2019,11.0,1.3,11.0,0.0,3.0,3.0
7/19/2019,7.33,4.0,15.0,0.0,3.0,7.0
7/20/2019,4.34,1.0,4.0,0.0,6.0,2.0
7/21/2019,6.34,1.1,5.0,0.0,1.0,3.0
7/22/2019,1.0,2.0,10.0,0.0,0.0,6.0
7/23/2019,1.34,5.2,11.0,0.0,7.0,2.4
7/24/2019,8.0,2.0,19.0,0.0,2.0,1.0
7/25/2019,6.0,5.0,9.0,1.0,11.0,2.0
7/26/2019,12.5,0.1,12.0,0.0,8.0,3.0
7/27/2019,3.34,1.0,6.0,3.0,2.0,3.4
7/28/2019,4.34,4.0,3.0,1.0,0.0,0.6
7/29/2019,9.0,2.0,12.0,0.0,1.0,2.0
7/30/2019,9.5,5.0,9.0,4.0,33.0,5.0
7/31/2019,0.0,2.0,4.0,0.0,4.0,2.0
8/1/2019,8.67,2.0,6.0,0.0,1.0,2.0
8/2/2019,5.0,3.0,7.0,2.0,6.0,1.0
8/3/2019,5.34,2.3,6.0,5.0,1.0,3.4
8/4/2019,6.5,5.0,10.0,0.0,2.0,4.3
8/5/2019,4.0,4.3,7.0,1.0,5.0,0.0
8/6/2019,10.0,2.0,4.0,0.0,6.0,6.0
8/7/2019,6.0,2.0,7.0,0.0,21.0,3.0
8/8/2019,7.66,3.0,10.0,0.0,31.0,3.0
8/9/2019,3.0,0.0,13.0,5.0,1.0,5.0
8/10/2019,3.33,6.0,11.0,0.0,0.0,0.0
8/11/2019,7.0,4.0,5.0,2.0,2.0,3.0
8/12/2019,8.33,1.0,11.0,1.0,5.0,3.5
8/13/2019,8.0,2.0,3.0,0.0,2.0,1.0
8/14/2019,4.34,3.1,6.0,0.0,0.0,3.0
8/15/2019,8.67,2.0,9.0,0.0,11.0,2.0
8/16/2019,3.33,2.0,15.0,0.0,10.0,7.0
8/17/2019,7.67,2.45,5.0,1.0,0.0,2.5
8/18/2019,4.84,1.0,4.0,0.0,7.0,4.0
8/19/2019,3.68,4.0,11.0,2.0,0.0,4.0
8/20/2019,2.0,2.0,8.0,0.0,2.0,3.0
8/21/2019,4.34,0.0,10.0,0.0,5.0,3.0
8/22/2019,5.34,2.0,8.0,2.0,10.0,3.0
8/23/2019,9.67,4.05,11.0,2.0,4.0,2.0
8/24/2019,13.84,3.0,9.0,0.0,0.0,5.5
8/25/2019,3.0,2.0,4.0,0.0,3.0,0.0
8/26/2019,2.67,3.0,11.0,0.0,3.0,3.0
8/27/2019,2.34,3.0,3.0,0.0,0.0,5.0
8/28/2019,3.33,5.0,6.0,1.0,0.0,2.0
8/29/2019,9.0,5.0,9.0,1.0,1.0,2.0
8/30/2019,6.34,2.0,3.0,0.0,2.0,5.1
8/31/2019,4.68,2.0,5.0,1.0,4.0,6.0
9/1/2019,2.0,5.0,8.2,1.0,5.0,4.0
9/2/2019,5.33,2.5,7.0,0.0,1.0,9.0
9/3/2019,9.36,3.1,8.0,3.0,1.0,2.0
9/4/2019,2.0,2.15,7.0,0.0,3.0,3.0
9/5/2019,7.0,2.0,1.0,0.0,1.0,8.0
9/6/2019,1.68,1.0,7.0,0.0,0.0,1.5
9/7/2019,8.33,2.0,14.0,3.0,6.0,2.0
9/8/2019,7.01,3.0,7.0,0.0,3.0,3.0
9/9/2019,1.18,3.0,4.0,3.0,5.0,2.0
9/10/2019,8.66,4.2,17.0,0.0,1.0,1.0
9/11/2019,2.67,3.0,5.0,0.0,5.0,2.5
9/12/2019,2.33,2.0,11.2,0.0,10.0,4.0
9/13/2019,6.34,2.0,12.0,2.0,5.0,5.0
9/14/2019,8.99,3.45,12.0,0.0,2.0,10.0
9/15/2019,5.34,2.0,6.0,0.0,2.0,6.0
9/16/2019,9.33,3.0,5.0,1.0,0.0,2.0
9/17/2019,4.5,6.5,8.2,0.0,6.0,2.0
9/18/2019,6.33,7.0,4.0,0.0,2.0,2.0
9/19/2019,7.33,3.0,5.0,2.0,3.0,4.0
9/20/2019,5.34,2.0,3.0,0.0,1.0,3.0
9/21/2019,10.68,1.0,3.0,0.0,6.0,4.0
9/22/2019,3.33,1.9,3.0,0.0,8.0,4.0
9/23/2019,5.34,3.3,6.0,0.0,1.0,4.0
9/24/2019,2.0,6.0,12.0,0.0,1.0,6.0
9/25/2019,6.0,4.2,14.0,1.0,1.4166666669999999,4.0
9/26/2019,5.5,2.0,13.0,0.0,31.0,0.0
9/27/2019,4.66,4.0,4.0,0.0,2.0,4.0
9/28/2019,7.0,4.1,6.2,0.0,1.0,3.0
9/29/2019,3.51,3.0,6.0,0.0,3.0,2.1
9/30/2019,2.0,2.1,9.0,0.0,5.0,2.0
10/1/2019,11.34,0.1,15.0,4.0,17.0,1.5
10/2/2019,5.18,2.8,9.0,1.0,0.0,1.1
10/3/2019,5.0,4.0,10.0,0.0,2.0,2.0
10/4/2019,7.34,2.25,13.0,0.0,1.0,1.0
10/5/2019,3.84,6.0,7.0,0.0,0.0,0.33
10/6/2019,4.0,2.0,6.0,0.0,5.0,4.2
10/7/2019,7.34,3.0,6.0,0.0,10.0,1.0
10/8/2019,0.33,0.5,20.0,2.0,2.0,0.0
