Data,Antiinflamatorios,Analgesicos,Ansioliticos,Hipnoticos,Descongestionantes,Anti_histaminicos
1/2/2014,0.0,340.0,700.0,0.0,0.0,200.0
1/3/2014,800.0,440.00000000000006,1600.0,0.0,2000.0,400.0
1/4/2014,200.0,650.0,1000.0,0.0,900.0,100.0
1/5/2014,400.0,700.0,800.0,0.0,300.0,0.0
1/6/2014,500.0,450.0,1600.0,200.0,600.0,200.0
1/7/2014,0.0,0.0,0.0,0.0,0.0,0.0
1/8/2014,533.0,1050.0,1900.0,100.0,1000.0,0.0
1/9/2014,700.0,800.0,1600.0,0.0,300.0,200.0
1/10/2014,500.0,200.0,1500.0,200.0,0.0,200.0
1/11/2014,500.0,1040.0,1400.0,0.0,100.0,20.0
1/12/2014,200.0,250.0,800.0,0.0,100.0,100.0
1/13/2014,734.0,620.0,900.0,0.0,700.0,100.0
1/14/2014,600.0,1230.0,600.0,100.0,0.0,200.0
1/15/2014,400.0,500.0,1200.0,200.0,300.0,300.0
1/16/2014,600.0,430.0,1900.0,100.0,500.0,0.0
1/17/2014,200.0,830.0000000000001,1500.0,0.0,600.0,300.0
1/18/2014,100.0,580.0,1500.0,400.0,700.0,200.0
1/19/2014,433.0,400.0,400.0,0.0,100.0,100.0
1/20/2014,600.0,330.0,1800.0,200.0,1200.0,300.0
1/21/2014,200.0,400.0,1500.0,200.0,0.0,100.0
1/22/2014,700.0,700.0,1000.0,0.0,500.0,200.0
1/23/2014,400.0,520.0,200.0,300.0,100.0,300.0
1/24/2014,467.0,700.0,1300.0,100.0,0.0,0.0
1/25/2014,600.0,500.0,1800.0,0.0,500.0,100.0
1/26/2014,433.0,0.0,400.0,0.0,0.0,0.0
1/27/2014,434.0,120.0,1700.0,200.0,100.0,300.0
1/28/2014,600.0,280.0,2200.0,500.0,100.0,500.0
1/29/2014,533.0,200.0,1000.0,100.0,100.0,200.0
1/30/2014,302.0,240.0,700.0,100.0,300.0,200.0
1/31/2014,100.0,710.0,900.0,0.0,100.0,0.0
2/1/2014,433.0,500.0,1300.0,100.0,1400.0,0.0
2/2/2014,700.0,20.0,600.0,200.0,800.0,0.0
2/3/2014,500.0,850.0,1600.0,100.0,100.0,0.0
2/4/2014,133.0,700.0,800.0,100.0,1700.0,200.0
2/5/2014,300.0,620.0,1500.0,100.0,100.0,100.0
2/6/2014,333.0,350.0,1700.0,200.0,500.0,200.0
2/7/2014,266.0,1170.0,1900.0,100.0,0.0,0.0
2/8/2014,333.0,1440.0,1300.0,100.0,100.0,100.0
2/9/2014,400.0,200.0,1000.0,0.0,600.0,0.0
2/10/2014,500.0,850.0,2000.0,300.0,300.0,100.0
2/11/2014,1000.0,1330.0,2000.0,200.0,600.0,220.00000000000003
2/12/2014,900.0,910.0,900.0,0.0,500.0,0.0
2/13/2014,433.0,1000.0,1300.0,300.0,0.0,100.0
2/14/2014,400.0,320.0,1300.0,400.0,0.0,600.0
2/15/2014,100.0,200.0,900.0,0.0,100.0,500.0
2/16/2014,0.0,120.0,500.0,200.0,300.0,100.0
2/17/2014,734.0,1270.0,1300.0,100.0,700.0,0.0
2/18/2014,734.0,610.0,1400.0,0.0,1300.0,500.0
2/19/2014,333.0,550.0,1700.0,100.0,600.0,100.0
2/20/2014,700.0,320.0,1600.0,300.0,800.0,100.0
2/21/2014,600.0,900.0,1700.0,0.0,0.0,0.0
2/22/2014,700.0,570.0,1200.0,0.0,100.0,0.0
2/23/2014,100.0,200.0,1000.0,0.0,0.0,0.0
2/24/2014,700.0,550.0,400.0,0.0,0.0,300.0
2/25/2014,500.0,1120.0,1300.0,0.0,0.0,200.0
2/26/2014,500.0,100.0,500.0,0.0,1200.0,100.0
2/27/2014,300.0,400.0,800.0,100.0,200.0,100.0
2/28/2014,700.0,530.0,1200.0,100.0,200.0,0.0
3/1/2014,634.0,1135.5,800.0,0.0,0.0,210.0
3/2/2014,334.0,200.0,200.0,0.0,0.0,100.0
3/3/2014,400.0,160.0,100.0,200.0,0.0,220.00000000000003
3/4/2014,534.0,720.0,900.0,0.0,500.0,400.0
3/5/2014,334.0,300.0,400.0,0.0,100.0,0.0
3/6/2014,300.0,550.0,1700.0,100.0,500.0,100.0
3/7/2014,400.0,950.0,300.0,100.0,0.0,200.0
3/8/2014,434.0,100.0,1100.0,0.0,0.0,0.0
3/9/2014,100.0,400.0,300.0,0.0,500.0,0.0
3/10/2014,668.0,380.0,1100.0,0.0,0.0,200.0
3/11/2014,600.0,700.0,1200.0,100.0,100.0,500.0
3/12/2014,634.0,650.0,2200.0,300.0,200.0,200.0
3/13/2014,231.0,530.0,1000.0,0.0,2600.0,200.0
3/14/2014,434.0,120.0,1100.0,0.0,100.0,200.0
3/15/2014,400.0,1100.0,1800.0,100.0,600.0,200.0
3/16/2014,268.0,140.0,600.0,0.0,0.0,400.0
3/17/2014,868.0,700.0,600.0,100.0,0.0,100.0
3/18/2014,800.0,500.0,900.0,0.0,0.0,400.0
3/19/2014,400.0,400.0,200.0,0.0,0.0,200.0
3/20/2014,300.0,160.0,500.0,0.0,700.0,420.0
3/21/2014,600.0,450.0,400.0,0.0,200.0,100.0
3/22/2014,334.0,0.0,1000.0,200.0,1800.0,840.0
3/23/2014,634.0,400.0,0.0,100.0,0.0,300.0
3/24/2014,568.0,400.0,700.0,0.0,600.0,350.0
3/25/2014,400.0,900.0,700.0,0.0,100.0,100.0
3/26/2014,234.0,900.0,700.0,300.0,300.0,0.0
3/27/2014,400.0,200.0,600.0,100.0,100.0,500.0
3/28/2014,267.0,800.0,300.0,0.0,900.0,500.0
3/29/2014,400.0,420.0,800.0,200.0,900.0,300.0
3/30/2014,300.0,0.0,400.0,0.0,0.0,700.0
3/31/2014,534.0,400.0,600.0,100.0,400.0,600.0
4/1/2014,434.0,650.0,500.0,300.0,300.0,100.0
4/2/2014,200.0,890.0,100.0,0.0,700.0,300.0
4/3/2014,100.0,300.0,400.0,0.0,0.0,400.0
4/4/2014,300.0,300.0,900.0,300.0,800.0,200.0
4/5/2014,200.0,1000.0,500.0,0.0,500.0,300.0
4/6/2014,200.0,100.0,100.0,0.0,0.0,100.0
4/7/2014,634.0,650.0,400.0,0.0,0.0,100.0
4/8/2014,434.0,170.0,600.0,100.0,0.0,470.0
4/9/2014,600.0,100.0,200.0,100.0,200.0,260.0
4/10/2014,333.0,100.0,1000.0,0.0,400.0,400.0
4/11/2014,600.0,300.0,200.0,200.0,0.0,200.0
4/12/2014,702.0,600.0,1900.0,0.0,1100.0,400.0
4/13/2014,300.0,200.0,300.0,0.0,500.0,200.0
4/14/2014,134.0,535.0,1000.0,0.0,500.0,500.0
4/15/2014,434.0,640.0,1200.0,0.0,1000.0,100.0
4/16/2014,200.0,420.0,100.0,0.0,600.0,400.0
4/17/2014,534.0,720.0,1900.0,0.0,0.0,0.0
4/18/2014,700.0,800.0,1000.0,100.0,0.0,500.0
4/19/2014,734.0,400.0,700.0,0.0,300.0,500.0
4/20/2014,0.0,0.0,0.0,0.0,0.0,0.0
4/21/2014,134.0,210.0,800.0,0.0,0.0,100.0
4/22/2014,534.0,330.0,800.0,100.0,0.0,100.0
4/23/2014,634.0,300.0,800.0,100.0,200.0,100.0
4/24/2014,200.0,110.00000000000001,600.0,0.0,600.0,200.0
4/25/2014,300.0,500.0,1000.0,100.0,100.0,300.0
4/26/2014,434.0,550.0,1200.0,100.0,600.0,400.0
4/27/2014,400.0,200.0,200.0,0.0,100.0,100.0
4/28/2014,134.0,300.0,800.0,200.0,0.0,200.0
4/29/2014,333.0,440.00000000000006,600.0,100.0,500.0,40.0
4/30/2014,434.0,700.0,1100.0,0.0,700.0,400.0
5/1/2014,0.0,0.0,0.0,0.0,0.0,0.0
5/2/2014,734.0,630.0,1600.0,100.0,1200.0,200.0
5/3/2014,400.0,200.0,500.0,200.0,0.0,250.0
5/4/2014,167.0,120.0,300.0,0.0,0.0,300.0
5/5/2014,300.0,500.0,700.0,0.0,300.0,400.0
5/6/2014,734.0,400.0,1000.0,200.0,600.0,500.0
5/7/2014,333.0,300.0,800.0,100.0,300.0,1100.0
5/8/2014,200.0,340.0,1000.0,300.0,0.0,500.0
5/9/2014,200.0,420.0,1200.0,200.0,100.0,200.0
5/10/2014,500.0,900.0,1500.0,300.0,100.0,500.0
5/11/2014,200.0,100.0,700.0,0.0,100.0,400.0
5/12/2014,434.0,900.0,800.0,0.0,500.0,200.0
5/13/2014,368.0,620.0,700.0,0.0,2500.0,750.0
5/14/2014,100.0,600.0,400.0,0.0,0.0,300.0
5/15/2014,234.0,300.0,700.0,0.0,100.0,200.0
5/16/2014,534.0,300.0,1000.0,100.0,1100.0,100.0
5/17/2014,234.0,300.0,1400.0,100.0,0.0,200.0
5/18/2014,334.0,500.0,600.0,0.0,0.0,100.0
5/19/2014,834.0,610.0,500.0,0.0,300.0,900.0
5/20/2014,100.0,700.0,1000.0,100.0,0.0,360.0
5/21/2014,200.0,950.0,600.0,100.0,0.0,300.0
5/22/2014,368.0,120.0,800.0,0.0,200.0,400.0
5/23/2014,500.0,390.0,800.0,200.0,1000.0,700.0
5/24/2014,300.0,500.0,1100.0,100.0,0.0,900.0
5/25/2014,200.0,100.0,800.0,0.0,500.0,100.0
5/26/2014,268.0,740.0,700.0,100.0,0.0,500.0
5/27/2014,0.0,500.0,1200.0,100.0,100.0,600.0
5/28/2014,134.0,140.0,900.0,0.0,200.0,509.99999999999994
5/29/2014,400.0,630.0,1300.0,0.0,0.0,200.0
5/30/2014,302.0,200.0,1400.0,0.0,0.0,500.0
5/31/2014,567.0,200.0,1000.0,0.0,1500.0,200.0
6/1/2014,100.0,100.0,400.0,100.0,100.0,300.0
6/2/2014,400.0,1000.0,1600.0,300.0,0.0,300.0
6/3/2014,300.0,240.0,700.0,200.0,500.0,300.0
6/4/2014,100.0,350.0,600.0,0.0,100.0,250.0
6/5/2014,34.0,450.0,400.0,0.0,0.0,500.0
6/6/2014,500.0,300.0,1500.0,200.0,100.0,500.0
6/7/2014,900.0,750.0,800.0,100.0,600.0,700.0
6/8/2014,100.0,300.0,800.0,0.0,600.0,200.0
6/9/2014,633.0,500.0,1700.0,400.0,0.0,1100.0
6/10/2014,868.0,430.0,1600.0,200.0,200.0,650.0
6/11/2014,434.0,229.99999999999997,1600.0,200.0,1200.0,900.0
6/12/2014,434.0,100.0,1200.0,0.0,200.0,300.0
6/13/2014,100.0,500.0,1100.0,0.0,300.0,100.0
6/14/2014,400.0,600.0,1000.0,0.0,100.0,300.0
6/15/2014,34.0,0.0,500.0,0.0,0.0,330.0
6/16/2014,434.0,740.0,1100.0,0.0,500.0,500.0
6/17/2014,500.0,400.0,1200.0,200.0,0.0,300.0
6/18/2014,200.0,470.0,600.0,0.0,100.0,300.0
6/19/2014,300.0,100.0,800.0,0.0,0.0,100.0
6/20/2014,734.0,300.0,900.0,0.0,300.0,600.0
6/21/2014,600.0,200.0,1200.0,300.0,0.0,300.0
6/22/2014,400.0,400.0,800.0,0.0,200.0,300.0
6/23/2014,234.0,300.0,1200.0,0.0,200.0,300.0
6/24/2014,300.0,400.0,2300.0,0.0,200.0,400.0
6/25/2014,800.0,700.0,1900.0,0.0,0.0,100.0
6/26/2014,300.0,1130.0,1400.0,0.0,0.0,100.0
6/27/2014,434.0,600.0,1300.0,0.0,100.0,300.0
6/28/2014,34.0,500.0,1400.0,100.0,100.0,500.0
6/29/2014,0.0,100.0,100.0,0.0,0.0,100.0
6/30/2014,600.0,100.0,600.0,0.0,0.0,0.0
7/1/2014,434.0,200.0,1000.0,0.0,0.0,200.0
7/2/2014,300.0,400.0,700.0,0.0,600.0,300.0
7/3/2014,233.0,700.0,700.0,200.0,0.0,200.0
7/4/2014,434.0,700.0,1400.0,0.0,200.0,300.0
7/5/2014,334.0,600.0,1100.0,100.0,0.0,0.0
7/6/2014,400.0,300.0,900.0,0.0,0.0,0.0
7/7/2014,200.0,400.0,1100.0,0.0,0.0,400.0
7/8/2014,634.0,300.0,300.0,0.0,500.0,100.0
7/9/2014,300.0,500.0,600.0,400.0,0.0,220.00000000000003
7/10/2014,233.0,800.0,3200.0,0.0,500.0,400.0
7/11/2014,200.0,320.0,1700.0,0.0,500.0,100.0
7/12/2014,834.0,1050.0,1200.0,300.0,1200.0,400.0
7/13/2014,200.0,100.0,200.0,0.0,0.0,0.0
7/14/2014,500.0,300.0,1900.0,100.0,200.0,200.0
7/15/2014,334.0,100.0,1800.0,0.0,0.0,130.0
7/16/2014,400.0,300.0,1200.0,100.0,400.0,0.0
7/17/2014,200.0,500.0,1400.0,100.0,0.0,100.0
7/18/2014,900.0,150.0,600.0,300.0,0.0,400.0
7/19/2014,733.0,600.0,1000.0,0.0,600.0,600.0
7/20/2014,300.0,100.0,500.0,0.0,0.0,10.0
7/21/2014,300.0,800.0,1300.0,100.0,0.0,200.0
7/22/2014,500.0,300.0,700.0,0.0,100.0,200.0
7/23/2014,267.0,200.0,1900.0,0.0,0.0,300.0
7/24/2014,534.0,440.00000000000006,500.0,0.0,0.0,200.0
7/25/2014,500.0,750.0,1500.0,100.0,100.0,200.0
7/26/2014,400.0,620.0,1300.0,0.0,0.0,400.0
7/27/2014,300.0,200.0,500.0,0.0,600.0,100.0
7/28/2014,200.0,200.0,900.0,0.0,0.0,200.0
7/29/2014,234.0,100.0,1500.0,300.0,0.0,500.0
7/30/2014,68.0,500.0,1400.0,0.0,600.0,450.0
7/31/2014,300.0,400.0,800.0,0.0,0.0,100.0
8/1/2014,200.0,220.00000000000003,1700.0,100.0,0.0,100.0
8/2/2014,500.0,600.0,1200.0,0.0,500.0,300.0
8/3/2014,500.0,300.0,500.0,500.0,0.0,0.0
8/4/2014,400.0,600.0,1400.0,0.0,0.0,400.0
8/5/2014,200.0,300.0,900.0,0.0,0.0,0.0
8/6/2014,600.0,140.0,700.0,100.0,100.0,100.0
8/7/2014,334.0,300.0,1300.0,100.0,0.0,200.0
8/8/2014,501.99999999999994,500.0,1200.0,300.0,200.0,200.0
8/9/2014,400.0,600.0,2400.0,300.0,0.0,590.0
8/10/2014,400.0,400.0,400.0,0.0,0.0,200.0
8/11/2014,800.0,919.9999999999999,1800.0,0.0,0.0,200.0
8/12/2014,0.0,450.0,800.0,100.0,0.0,459.99999999999994
8/13/2014,134.0,100.0,1100.0,0.0,0.0,700.0
8/14/2014,400.0,600.0,1300.0,0.0,0.0,600.0
8/15/2014,434.0,700.0,1500.0,200.0,300.0,200.0
8/16/2014,800.0,500.0,2700.0,200.0,0.0,100.0
8/17/2014,34.0,200.0,700.0,0.0,0.0,100.0
8/18/2014,434.0,310.0,2100.0,300.0,1000.0,200.0
8/19/2014,1134.0,500.0,1300.0,100.0,300.0,110.00000000000001
8/20/2014,534.0,140.0,1000.0,200.0,0.0,100.0
8/21/2014,300.0,200.0,1600.0,100.0,0.0,220.00000000000003
8/22/2014,634.0,500.0,1500.0,0.0,0.0,100.0
8/23/2014,300.0,100.0,500.0,0.0,0.0,400.0
8/24/2014,300.0,300.0,1200.0,0.0,100.0,0.0
8/25/2014,401.0,300.0,2100.0,0.0,0.0,0.0
8/26/2014,234.0,300.0,1400.0,100.0,100.0,300.0
8/27/2014,334.0,400.0,1400.0,0.0,0.0,300.0
8/28/2014,234.0,600.0,1900.0,0.0,400.0,0.0
8/29/2014,634.0,500.0,1800.0,100.0,0.0,300.0
8/30/2014,368.0,700.0,1300.0,100.0,0.0,400.0
8/31/2014,0.0,100.0,1300.0,0.0,700.0,200.0
9/1/2014,334.0,100.0,1500.0,0.0,0.0,550.0
9/2/2014,234.0,520.0,700.0,0.0,200.0,300.0
9/3/2014,700.0,400.0,1200.0,0.0,200.0,300.0
9/4/2014,568.0,300.0,2100.0,100.0,0.0,100.0
9/5/2014,400.0,300.0,1500.0,200.0,0.0,200.0
9/6/2014,534.0,240.0,3000.0,200.0,500.0,310.0
9/7/2014,200.0,500.0,900.0,0.0,0.0,100.0
9/8/2014,100.0,350.0,1500.0,0.0,100.0,400.0
9/9/2014,634.0,400.0,1700.0,0.0,200.0,120.0
9/10/2014,434.0,350.0,1200.0,0.0,0.0,100.0
9/11/2014,0.0,400.0,1500.0,0.0,1000.0,0.0
9/12/2014,268.0,100.0,1900.0,0.0,800.0,100.0
9/13/2014,300.0,440.00000000000006,2000.0,0.0,100.0,300.0
9/14/2014,134.0,200.0,600.0,0.0,600.0,0.0
9/15/2014,134.0,540.0,900.0,0.0,100.0,0.0
9/16/2014,400.0,0.0,1300.0,0.0,0.0,0.0
9/17/2014,234.0,400.0,1100.0,200.0,1900.0,400.0
9/18/2014,300.0,100.0,700.0,0.0,0.0,100.0
9/19/2014,200.0,780.0,800.0,0.0,2200.0,0.0
9/20/2014,434.0,450.0,1400.0,100.0,200.0,0.0
9/21/2014,100.0,600.0,700.0,0.0,0.0,300.0
9/22/2014,334.0,550.0,1000.0,100.0,0.0,200.0
9/23/2014,300.0,550.0,1000.0,0.0,100.0,200.0
9/24/2014,600.0,140.0,1400.0,0.0,0.0,0.0
9/25/2014,468.0,819.9999999999999,1500.0,100.0,100.0,500.0
9/26/2014,400.0,350.0,2200.0,200.0,0.0,100.0
9/27/2014,400.0,600.0,1800.0,0.0,0.0,400.0
9/28/2014,34.0,100.0,600.0,0.0,0.0,200.0
9/29/2014,700.0,229.99999999999997,1200.0,0.0,1000.0,400.0
9/30/2014,1000.0,400.0,1000.0,200.0,2200.0,200.0
10/1/2014,234.0,240.0,1500.0,0.0,1100.0,200.0
10/2/2014,200.0,500.0,1100.0,0.0,200.0,100.0
10/3/2014,433.0,590.0,1200.0,0.0,1100.0,200.0
10/4/2014,468.0,800.0,1200.0,100.0,2500.0,0.0
10/5/2014,200.0,300.0,100.0,0.0,0.0,300.0
10/6/2014,534.0,240.0,1300.0,100.0,0.0,100.0
10/7/2014,300.0,220.00000000000003,1700.0,100.0,500.0,0.0
10/8/2014,368.0,700.0,1700.0,0.0,0.0,200.0
10/9/2014,100.0,600.0,1000.0,200.0,500.0,0.0
10/10/2014,434.0,900.0,2400.0,300.0,600.0,50.0
10/11/2014,334.0,500.0,1500.0,0.0,0.0,500.0
10/12/2014,300.0,150.0,700.0,0.0,500.0,200.0
10/13/2014,168.0,620.0,1100.0,0.0,100.0,200.0
10/14/2014,300.0,480.0,700.0,0.0,1100.0,0.0
10/15/2014,133.0,350.0,1400.0,100.0,200.0,400.0
10/16/2014,677.5,293.75,906.25,62.5,500.0,218.75
10/17/2014,300.0,340.0,2200.0,300.0,0.0,200.0
10/18/2014,400.0,550.0,2400.0,0.0,300.0,200.0
10/19/2014,333.0,200.0,900.0,0.0,600.0,100.0
10/20/2014,334.0,730.0,2500.0,200.0,0.0,100.0
10/21/2014,234.0,640.0,1100.0,0.0,2000.0,100.0
10/22/2014,333.0,260.0,700.0,0.0,200.0,100.0
10/23/2014,134.0,0.0,700.0,100.0,0.0,0.0
10/24/2014,367.0,630.0,1800.0,0.0,500.0,100.0
10/25/2014,233.0,100.0,2100.0,0.0,200.0,500.0
10/26/2014,334.0,160.0,600.0,0.0,100.0,100.0
10/27/2014,834.0,400.0,1700.0,100.0,300.0,0.0
10/28/2014,400.0,1000.0,2300.0,0.0,0.0,200.0
10/29/2014,500.0,660.0,2000.0,200.0,2700.0,100.0
10/30/2014,0.0,500.0,1100.0,100.0,200.0,0.0
10/31/2014,200.0,400.0,1600.0,0.0,0.0,200.0
11/1/2014,233.0,350.0,2200.0,0.0,700.0,100.0
11/2/2014,400.0,100.0,350.0,0.0,0.0,100.0
11/3/2014,700.0,100.0,1900.0,0.0,500.0,100.0
11/4/2014,633.0,520.0,1500.0,0.0,0.0,100.0
11/5/2014,0.0,400.0,1900.0,300.0,100.0,0.0
11/6/2014,600.0,520.0,2300.0,100.0,0.0,0.0
11/7/2014,600.0,550.0,3200.0,100.0,0.0,100.0
11/8/2014,1200.0,600.0,2400.0,0.0,1700.0,220.00000000000003
11/9/2014,334.0,290.0,2000.0,0.0,200.0,100.0
11/10/2014,100.0,330.0,1300.0,0.0,700.0,100.0
11/11/2014,800.0,200.0,1800.0,0.0,800.0,200.0
11/12/2014,300.0,400.0,1600.0,0.0,300.0,0.0
11/13/2014,800.0,500.0,1000.0,0.0,0.0,220.00000000000003
11/14/2014,534.0,600.0,2000.0,100.0,200.0,300.0
11/15/2014,433.0,500.0,2000.0,200.0,200.0,200.0
11/16/2014,200.0,600.0,1300.0,100.0,0.0,0.0
11/17/2014,900.0,550.0,2300.0,100.0,1000.0,20.0
11/18/2014,267.0,500.0,1050.0,100.0,0.0,100.0
11/19/2014,134.0,1000.0,1700.0,0.0,1000.0,400.0
11/20/2014,400.0,500.0,1300.0,0.0,800.0,0.0
11/21/2014,134.0,300.0,1600.0,0.0,200.0,100.0
11/22/2014,600.0,300.0,1500.0,100.0,800.0,140.0
11/23/2014,400.0,600.0,1100.0,0.0,0.0,110.00000000000001
11/24/2014,400.0,600.0,1900.0,100.0,100.0,210.0
11/25/2014,536.0,200.0,1800.0,0.0,200.0,300.0
11/26/2014,300.0,600.0,1300.0,300.0,1100.0,200.0
11/27/2014,700.0,229.99999999999997,900.0,100.0,400.0,300.0
11/28/2014,302.0,1500.0,1200.0,100.0,200.0,100.0
11/29/2014,300.0,330.0,1600.0,0.0,0.0,500.0
11/30/2014,568.0,500.0,900.0,100.0,0.0,200.0
12/1/2014,434.0,0.0,1900.0,0.0,200.0,200.0
12/2/2014,699.0,370.0,2600.0,0.0,400.0,100.0
12/3/2014,400.0,500.0,2300.0,200.0,1300.0,320.0
12/4/2014,300.0,360.0,1600.0,100.0,100.0,0.0
12/5/2014,202.0,100.0,1500.0,100.0,100.0,220.00000000000003
12/6/2014,334.0,100.0,900.0,0.0,700.0,100.0
12/7/2014,500.0,400.0,600.0,0.0,1200.0,0.0
12/8/2014,100.0,200.0,900.0,0.0,0.0,0.0
12/9/2014,100.0,700.0,1200.0,100.0,0.0,200.0
12/10/2014,334.0,200.0,2800.0,300.0,600.0,0.0
12/11/2014,234.0,700.0,2100.0,200.0,0.0,0.0
12/12/2014,634.0,560.0,1800.0,0.0,200.0,0.0
12/13/2014,100.0,240.0,1100.0,100.0,700.0,0.0
12/14/2014,1000.0,440.00000000000006,1000.0,0.0,600.0,100.0
12/15/2014,534.0,764.0,1400.0,100.0,900.0,100.0
12/16/2014,634.0,620.0,2300.0,300.0,400.0,100.0
12/17/2014,300.0,350.0,1700.0,200.0,800.0,0.0
12/18/2014,500.0,300.0,900.0,0.0,0.0,0.0
12/19/2014,0.0,0.0,0.0,0.0,0.0,0.0
12/20/2014,100.0,200.0,900.0,0.0,0.0,300.0
12/21/2014,433.0,200.0,600.0,0.0,1000.0,100.0
12/22/2014,334.0,228.40000000000003,4300.0,100.0,1300.0,400.0
12/23/2014,1050.0,459.99999999999994,1300.0,200.0,1500.0,0.0
12/24/2014,100.0,100.0,1600.0,0.0,200.0,200.0
12/25/2014,834.0,950.0,1600.0,0.0,200.0,200.0
12/26/2014,333.0,300.0,2500.0,100.0,0.0,0.0
12/27/2014,733.0,440.00000000000006,2600.0,0.0,900.0,300.0
12/28/2014,234.0,300.0,1500.0,0.0,1300.0,100.0
12/29/2014,233.0,400.0,500.0,100.0,200.0,0.0
12/30/2014,900.0,380.0,1800.0,0.0,500.0,200.0
12/31/2014,567.0,250.0,1400.0,300.0,1000.0,100.0
1/1/2015,0.0,0.0,0.0,0.0,0.0,0.0
1/2/2015,600.0,490.00000000000006,1300.0,0.0,625.0,200.0
1/3/2015,900.0,600.0,1100.0,300.0,0.0,400.0
1/4/2015,468.0,350.0,400.0,0.0,200.0,100.0
1/5/2015,234.0,100.0,1400.0,0.0,1600.0,300.0
1/6/2015,300.0,730.0,1300.0,0.0,300.0,0.0
1/7/2015,0.0,0.0,0.0,0.0,0.0,0.0
1/8/2015,200.0,120.0,1300.0,100.0,100.0,200.0
1/9/2015,300.0,940.0,3300.0,200.0,700.0,200.0
1/10/2015,600.0,700.0,1400.0,300.0,100.0,100.0
1/11/2015,300.0,700.0,1100.0,100.0,1100.0,200.0
1/12/2015,233.0,750.0,1800.0,0.0,600.0,100.0
1/13/2015,1034.0,1000.0,1400.0,200.0,400.0,200.0
1/14/2015,300.0,500.0,2000.0,0.0,100.0,0.0
1/15/2015,667.0,100.0,1300.0,0.0,1500.0,200.0
1/16/2015,633.0,380.0,1600.0,200.0,600.0,200.0
1/17/2015,668.0,700.0,1800.0,0.0,0.0,0.0
1/18/2015,400.0,450.0,1600.0,0.0,0.0,200.0
1/19/2015,534.0,110.00000000000001,1200.0,0.0,2000.0,200.0
1/20/2015,434.0,600.0,2400.0,100.0,400.0,100.0
1/21/2015,400.0,200.0,1700.0,100.0,0.0,100.0
1/22/2015,400.0,400.0,1900.0,0.0,0.0,100.0
1/23/2015,367.0,800.0,1400.0,0.0,700.0,200.0
1/24/2015,434.0,919.9999999999999,3100.0,0.0,2200.0,100.0
1/25/2015,400.0,190.0,1100.0,100.0,500.0,0.0
1/26/2015,850.0,400.0,1500.0,0.0,1300.0,0.0
1/27/2015,267.0,100.0,1400.0,0.0,0.0,0.0
1/28/2015,300.0,300.0,1800.0,300.0,500.0,300.0
1/29/2015,434.0,869.9999999999999,1600.0,300.0,1100.0,300.0
1/30/2015,100.0,100.0,1900.0,100.0,0.0,0.0
1/31/2015,834.0,500.0,1200.0,0.0,1100.0,200.0
2/1/2015,434.0,700.0,700.0,100.0,0.0,100.0
2/2/2015,600.0,509.99999999999994,1400.0,0.0,300.0,200.0
2/3/2015,333.0,620.0,1800.0,0.0,600.0,500.0
2/4/2015,234.0,240.0,600.0,0.0,1200.0,0.0
2/5/2015,200.0,300.0,1200.0,0.0,200.0,100.0
2/6/2015,333.0,730.0,700.0,100.0,1300.0,100.0
2/7/2015,200.0,190.0,900.0,0.0,0.0,200.0
2/8/2015,134.0,570.0,800.0,0.0,0.0,0.0
2/9/2015,333.0,960.0,800.0,100.0,0.0,100.0
2/10/2015,366.0,700.0,1100.0,0.0,600.0,300.0
2/11/2015,300.0,360.0,1600.0,0.0,2000.0,200.0
2/12/2015,300.0,600.0,1100.0,100.0,500.0,0.0
2/13/2015,601.0,700.0,1100.0,100.0,2200.0,100.0
2/14/2015,433.0,670.0,1300.0,100.0,500.0,400.0
2/15/2015,1168.0,430.0,700.0,0.0,700.0,200.0
2/16/2015,301.0,400.0,400.0,0.0,1000.0,0.0
2/17/2015,533.0,400.0,300.0,0.0,600.0,100.0
2/18/2015,100.0,133.0,400.0,0.0,1100.0,0.0
2/19/2015,200.0,400.0,200.0,200.0,600.0,300.0
2/20/2015,533.0,50.0,500.0,0.0,2500.0,600.0
2/21/2015,300.0,480.0,900.0,0.0,0.0,300.0
2/22/2015,200.0,200.0,700.0,0.0,1100.0,100.0
2/23/2015,500.0,750.0,900.0,0.0,2000.0,0.0
2/24/2015,368.0,620.0,1100.0,0.0,1100.0,200.0
2/25/2015,700.0,610.0,800.0,0.0,200.0,200.0
2/26/2015,600.0,200.0,1300.0,0.0,100.0,100.0
2/27/2015,633.0,500.0,100.0,100.0,0.0,0.0
2/28/2015,634.0,160.0,900.0,0.0,400.0,300.0
3/1/2015,900.0,270.0,300.0,400.0,0.0,400.0
3/2/2015,667.0,350.0,600.0,100.0,200.0,300.0
3/3/2015,800.0,450.0,1400.0,0.0,100.0,400.0
3/4/2015,968.0,330.0,400.0,0.0,1100.0,100.0
3/5/2015,600.0,300.0,200.0,0.0,0.0,0.0
3/6/2015,200.0,600.0,400.0,0.0,100.0,100.0
3/7/2015,333.0,100.0,0.0,0.0,0.0,0.0
3/8/2015,600.0,240.0,900.0,0.0,200.0,100.0
3/9/2015,200.0,500.0,1000.0,0.0,100.0,100.0
3/10/2015,134.0,500.0,600.0,0.0,600.0,300.0
3/11/2015,1100.0,320.0,900.0,0.0,400.0,0.0
3/12/2015,268.0,610.0,500.0,0.0,200.0,300.0
3/13/2015,400.0,670.0,1100.0,200.0,100.0,0.0
3/14/2015,266.0,400.0,900.0,0.0,900.0,300.0
3/15/2015,334.0,300.0,300.0,0.0,1200.0,300.0
3/16/2015,800.0,490.00000000000006,800.0,0.0,0.0,100.0
3/17/2015,500.0,459.99999999999994,900.0,100.0,200.0,0.0
3/18/2015,733.0,530.0,500.0,0.0,2000.0,200.0
3/19/2015,200.0,150.0,700.0,0.0,1500.0,0.0
3/20/2015,100.0,300.0,1300.0,100.0,500.0,100.0
3/21/2015,1033.0,300.0,400.0,0.0,600.0,200.0
3/22/2015,834.0,200.0,900.0,0.0,1000.0,0.0
3/23/2015,200.0,700.0,500.0,0.0,0.0,200.0
3/24/2015,400.0,520.0,800.0,200.0,900.0,400.0
3/25/2015,368.0,640.0,1000.0,200.0,1300.0,100.0
3/26/2015,500.0,300.0,1000.0,0.0,600.0,500.0
3/27/2015,300.0,200.0,300.0,0.0,2200.0,100.0
3/28/2015,133.0,300.0,600.0,0.0,0.0,200.0
3/29/2015,600.0,229.99999999999997,700.0,0.0,800.0,200.0
3/30/2015,633.0,1000.0,400.0,0.0,0.0,0.0
3/31/2015,500.0,1120.0,500.0,0.0,200.0,400.0
4/1/2015,634.0,100.0,700.0,200.0,500.0,100.0
4/2/2015,500.0,540.0,300.0,0.0,300.0,500.0
4/3/2015,533.0,400.0,1200.0,0.0,0.0,400.0
4/4/2015,367.0,600.0,700.0,100.0,500.0,600.0
4/5/2015,334.0,450.0,400.0,0.0,0.0,100.0
4/6/2015,733.0,530.0,400.0,0.0,300.0,200.0
4/7/2015,600.0,670.0,800.0,0.0,800.0,100.0
4/8/2015,400.0,300.0,1100.0,0.0,1000.0,400.0
4/9/2015,133.0,800.0,800.0,0.0,600.0,100.0
4/10/2015,984.0,400.0,500.0,200.0,800.0,500.0
4/11/2015,1168.0,340.0,900.0,0.0,500.0,600.0
4/12/2015,0.0,0.0,0.0,0.0,0.0,0.0
4/13/2015,667.0,700.0,500.0,0.0,300.0,700.0
4/14/2015,466.0,700.0,500.0,0.0,500.0,200.0
4/15/2015,200.0,300.0,1500.0,0.0,0.0,200.0
4/16/2015,234.0,720.0,700.0,0.0,900.0,400.0
4/17/2015,933.0,300.0,600.0,0.0,100.0,500.0
4/18/2015,733.0,100.0,100.0,0.0,100.0,400.0
4/19/2015,932.0,380.0,300.0,0.0,0.0,200.0
4/20/2015,300.0,370.0,1300.0,0.0,100.0,300.0
4/21/2015,633.0,200.0,900.0,0.0,0.0,600.0
4/22/2015,133.0,320.0,300.0,0.0,100.0,200.0
4/23/2015,400.0,100.0,800.0,0.0,100.0,400.0
4/24/2015,1000.0,400.0,500.0,0.0,100.0,500.0
4/25/2015,500.0,800.0,300.0,0.0,100.0,300.0
4/26/2015,700.0,300.0,500.0,0.0,100.0,100.0
4/27/2015,300.0,400.0,1000.0,0.0,0.0,1000.0
4/28/2015,433.0,310.0,700.0,0.0,500.0,600.0
4/29/2015,200.0,420.0,200.0,0.0,1100.0,300.0
4/30/2015,300.0,260.0,700.0,0.0,300.0,700.0
5/1/2015,534.0,494.00000000000006,400.0,0.0,0.0,470.0
5/2/2015,500.0,300.0,600.0,200.0,0.0,500.0
5/3/2015,667.0,210.0,400.0,0.0,100.0,600.0
5/4/2015,400.0,860.0,500.0,100.0,1000.0,330.0
5/5/2015,334.0,200.0,600.0,0.0,500.0,250.0
5/6/2015,466.0,200.0,1100.0,0.0,0.0,600.0
5/7/2015,200.0,200.0,400.0,100.0,500.0,1000.0
5/8/2015,100.0,500.0,800.0,0.0,400.0,100.0
5/9/2015,366.0,740.0,1100.0,100.0,100.0,600.0
5/10/2015,334.0,380.0,300.0,0.0,100.0,1000.0
5/11/2015,333.0,590.0,300.0,0.0,600.0,400.0
5/12/2015,733.0,819.9999999999999,1300.0,0.0,0.0,800.0
5/13/2015,800.0,900.0,500.0,0.0,200.0,450.0
5/14/2015,300.0,300.0,100.0,0.0,0.0,500.0
5/15/2015,334.0,430.0,800.0,0.0,400.0,320.0
5/16/2015,500.0,409.99999999999994,400.0,0.0,0.0,400.0
5/17/2015,500.0,500.0,0.0,0.0,0.0,800.0
5/18/2015,700.0,520.0,600.0,100.0,200.0,220.00000000000003
5/19/2015,300.0,300.0,800.0,0.0,0.0,300.0
5/20/2015,567.0,200.0,1200.0,100.0,500.0,600.0
5/21/2015,600.0,300.0,500.0,0.0,100.0,330.0
5/22/2015,300.0,200.0,800.0,0.0,0.0,700.0
5/23/2015,568.0,500.0,1000.0,0.0,200.0,700.0
5/24/2015,533.0,300.0,500.0,0.0,0.0,130.0
5/25/2015,966.0,400.0,1100.0,300.0,0.0,300.0
5/26/2015,734.0,450.0,1100.0,0.0,2200.0,1000.0
5/27/2015,400.0,200.0,700.0,0.0,0.0,100.0
5/28/2015,600.0,670.0,300.0,0.0,2000.0,300.0
5/29/2015,633.0,300.0,600.0,0.0,500.0,300.0
5/30/2015,1400.0,600.0,400.0,0.0,400.0,800.0
5/31/2015,300.0,630.0,200.0,0.0,0.0,1050.0
6/1/2015,466.0,250.0,1200.0,0.0,200.0,300.0
6/2/2015,833.0,790.0,1000.0,400.0,300.0,600.0
6/3/2015,500.0,530.0,900.0,0.0,600.0,200.0
6/4/2015,233.0,300.0,500.0,0.0,200.0,200.0
6/5/2015,500.0,500.0,600.0,0.0,100.0,700.0
6/6/2015,368.0,200.0,600.0,0.0,1700.0,200.0
6/7/2015,634.0,200.0,600.0,100.0,2200.0,600.0
6/8/2015,600.0,250.0,1000.0,100.0,300.0,700.0
6/9/2015,300.0,400.0,1400.0,0.0,0.0,459.99999999999994
6/10/2015,434.0,800.0,600.0,0.0,700.0,200.0
6/11/2015,600.0,509.99999999999994,1100.0,0.0,100.0,300.0
6/12/2015,167.0,200.0,200.0,200.0,0.0,500.0
6/13/2015,233.0,730.0,600.0,0.0,1200.0,400.0
6/14/2015,500.0,160.0,600.0,0.0,300.0,200.0
6/15/2015,400.0,500.0,900.0,0.0,600.0,900.0
6/16/2015,700.0,400.0,600.0,0.0,800.0,500.0
6/17/2015,366.0,866.0,1000.0,100.0,2000.0,200.0
6/18/2015,300.0,700.0,400.0,0.0,2300.0,360.0
6/19/2015,533.0,310.0,1300.0,200.0,1000.0,630.0
6/20/2015,934.0,300.0,500.0,0.0,1000.0,700.0
6/21/2015,934.0,500.0,500.0,0.0,600.0,200.0
6/22/2015,517.0,960.0,0.0,0.0,100.0,500.0
6/23/2015,467.0,350.0,700.0,0.0,500.0,500.0
6/24/2015,383.0,700.0,500.0,100.0,400.0,300.0
6/25/2015,633.0,600.0,400.0,0.0,0.0,300.0
6/26/2015,717.0,200.0,300.0,0.0,100.0,400.0
6/27/2015,733.0,600.0,1000.0,0.0,100.0,200.0
6/28/2015,534.0,740.0,0.0,0.0,600.0,600.0
6/29/2015,568.0,400.0,1500.0,0.0,1100.0,300.0
6/30/2015,100.0,600.0,1200.0,0.0,200.0,430.0
7/1/2015,883.0,540.0,1400.0,100.0,1200.0,1000.0
7/2/2015,300.0,100.0,300.0,0.0,100.0,200.0
7/3/2015,550.0,350.0,1000.0,0.0,800.0,400.0
7/4/2015,735.0,420.0,200.0,0.0,0.0,300.0
7/5/2015,500.0,420.0,1000.0,0.0,100.0,400.0
7/6/2015,550.0,200.0,800.0,0.0,300.0,300.0
7/7/2015,484.0,229.99999999999997,500.0,0.0,300.0,700.0
7/8/2015,200.0,300.0,600.0,0.0,500.0,300.0
7/9/2015,234.0,200.0,400.0,0.0,0.0,500.0
7/10/2015,550.0,500.0,1500.0,0.0,800.0,600.0
7/11/2015,400.0,490.00000000000006,900.0,0.0,200.0,1000.0
7/12/2015,633.0,500.0,500.0,0.0,0.0,650.0
7/13/2015,368.0,800.0,500.0,0.0,0.0,300.0
7/14/2015,34.0,500.0,100.0,0.0,200.0,200.0
7/15/2015,849.0,400.0,500.0,0.0,100.0,900.0
7/16/2015,834.0,100.0,300.0,0.0,200.0,400.0
7/17/2015,250.0,100.0,300.0,0.0,0.0,229.99999999999997
7/18/2015,368.0,200.0,800.0,300.0,100.0,300.0
7/19/2015,1168.0,200.0,100.0,0.0,100.0,300.0
7/20/2015,584.0,500.0,400.0,0.0,0.0,200.0
7/21/2015,468.0,320.0,700.0,0.0,100.0,400.0
7/22/2015,933.0,500.0,1000.0,0.0,500.0,300.0
7/23/2015,150.0,300.0,300.0,0.0,0.0,200.0
7/24/2015,600.0,360.0,900.0,100.0,100.0,1000.0
7/25/2015,400.0,500.0,700.0,100.0,0.0,400.0
7/26/2015,500.0,300.0,400.0,0.0,0.0,0.0
7/27/2015,734.0,700.0,900.0,0.0,0.0,150.0
7/28/2015,1418.0,100.0,1400.0,0.0,100.0,300.0
7/29/2015,1034.0,400.0,800.0,0.0,200.0,100.0
7/30/2015,300.0,1400.0,300.0,0.0,0.0,400.0
7/31/2015,550.0,620.0,800.0,0.0,0.0,600.0
8/1/2015,500.0,400.0,1400.0,0.0,0.0,200.0
8/2/2015,500.0,400.0,900.0,0.0,0.0,200.0
8/3/2015,150.0,150.0,350.0,100.0,500.0,100.0
8/4/2015,634.0,300.0,500.0,100.0,0.0,400.0
8/5/2015,500.0,420.0,350.0,0.0,0.0,100.0
8/6/2015,533.0,800.0,1100.0,0.0,300.0,200.0
8/7/2015,433.0,600.0,900.0,200.0,100.0,600.0
8/8/2015,633.0,700.0,500.0,0.0,0.0,70.0
8/9/2015,500.0,200.0,500.0,0.0,200.0,300.0
8/10/2015,367.0,420.0,1250.0,0.0,100.0,500.0
8/11/2015,1233.0,740.0,1000.0,0.0,0.0,400.0
8/12/2015,867.0,400.0,950.0,0.0,100.0,100.0
8/13/2015,800.0,600.0,900.0,0.0,300.0,300.0
8/14/2015,300.0,400.0,500.0,0.0,100.0,400.0
8/15/2015,334.0,600.0,1400.0,100.0,100.0,100.0
8/16/2015,200.0,200.0,400.0,200.0,0.0,200.0
8/17/2015,800.0,300.0,600.0,0.0,0.0,200.0
8/18/2015,601.0,300.0,1600.0,0.0,300.0,100.0
8/19/2015,633.0,800.0,1500.0,0.0,300.0,300.0
8/20/2015,350.0,500.0,600.0,100.0,0.0,0.0
8/21/2015,600.0,300.0,800.0,100.0,100.0,400.0
8/22/2015,234.0,400.0,600.0,300.0,100.0,600.0
8/23/2015,899.0,300.0,800.0,0.0,200.0,200.0
8/24/2015,850.0,340.0,800.0,0.0,0.0,100.0
8/25/2015,234.0,400.0,2000.0,0.0,100.0,300.0
8/26/2015,267.0,730.0,700.0,0.0,100.0,600.0
8/27/2015,933.0,450.0,800.0,0.0,0.0,300.0
8/28/2015,700.0,100.0,1200.0,0.0,0.0,300.0
8/29/2015,1084.0,400.0,400.0,300.0,300.0,200.0
8/30/2015,1100.0,350.0,300.0,0.0,600.0,400.0
8/31/2015,400.0,340.0,950.0,0.0,600.0,200.0
9/1/2015,818.0,440.00000000000006,800.0,0.0,0.0,300.0
9/2/2015,533.0,300.0,950.0,0.0,500.0,500.0
9/3/2015,134.0,220.00000000000003,1300.0,0.0,400.0,200.0
9/4/2015,334.0,310.0,800.0,100.0,100.0,200.0
9/5/2015,883.0,320.0,1050.0,100.0,600.0,400.0
9/6/2015,833.0,600.0,800.0,100.0,0.0,300.0
9/7/2015,434.0,250.0,700.0,100.0,500.0,200.0
9/8/2015,267.0,500.0,400.0,0.0,200.0,400.0
9/9/2015,200.0,100.0,800.0,0.0,200.0,200.0
9/10/2015,600.0,420.0,1800.0,0.0,200.0,200.0
9/11/2015,1133.0,900.0,900.0,0.0,200.0,200.0
9/12/2015,466.0,520.0,600.0,300.0,0.0,200.0
9/13/2015,733.0,720.0,400.0,0.0,1100.0,300.0
9/14/2015,468.0,100.0,1400.0,0.0,0.0,0.0
9/15/2015,333.0,420.0,750.0,0.0,600.0,500.0
9/16/2015,67.0,220.00000000000003,600.0,0.0,200.0,100.0
9/17/2015,983.0,0.0,300.0,0.0,100.0,200.0
9/18/2015,334.0,300.0,400.0,0.0,400.0,300.0
9/19/2015,683.0,700.0,700.0,0.0,400.0,500.0
9/20/2015,999.0,650.0,1500.0,0.0,0.0,200.0
9/21/2015,200.0,200.0,600.0,0.0,0.0,200.0
9/22/2015,699.0,400.0,1000.0,200.0,500.0,500.0
9/23/2015,616.0,330.0,700.0,0.0,200.0,100.0
9/24/2015,299.0,420.0,700.0,0.0,0.0,0.0
9/25/2015,483.0,520.0,1100.0,0.0,100.0,300.0
9/26/2015,1242.0,250.0,600.0,100.0,700.0,200.0
9/27/2015,583.0,229.99999999999997,300.0,100.0,200.0,100.0
9/28/2015,100.0,200.0,800.0,0.0,1700.0,200.0
9/29/2015,633.0,100.0,700.0,0.0,0.0,0.0
9/30/2015,532.0,400.0,900.0,0.0,0.0,100.0
10/1/2015,966.0,400.0,200.0,0.0,500.0,200.0
10/2/2015,500.0,400.0,500.0,0.0,500.0,100.0
10/3/2015,1034.0,300.0,700.0,0.0,700.0,200.0
10/4/2015,700.0,400.0,300.0,0.0,1600.0,200.0
10/5/2015,500.0,220.00000000000003,1100.0,100.0,700.0,500.0
10/6/2015,569.0,550.0,900.0,100.0,500.0,400.0
10/7/2015,733.0,600.0,800.0,0.0,500.0,200.0
10/8/2015,882.0,300.0,500.0,0.0,2000.0,0.0
10/9/2015,200.0,760.0,1300.0,200.0,1000.0,200.0
10/10/2015,616.0,300.0,1950.0,0.0,100.0,0.0
10/11/2015,1033.0,710.0,800.0,0.0,300.0,500.0
10/12/2015,966.0,600.0,1200.0,0.0,500.0,300.0
10/13/2015,383.0,520.0,550.0,0.0,500.0,100.0
10/14/2015,466.0,390.0,700.0,0.0,0.0,100.0
10/15/2015,516.0,730.0,400.0,0.0,900.0,100.0
10/16/2015,167.0,520.0,200.0,0.0,500.0,100.0
10/17/2015,1034.0,340.0,800.0,0.0,0.0,100.0
10/18/2015,734.0,490.00000000000006,300.0,100.0,800.0,800.0
10/19/2015,1200.0,300.0,300.0,0.0,1700.0,0.0
10/20/2015,334.0,229.99999999999997,600.0,0.0,1000.0,500.0
10/21/2015,866.0,320.0,900.0,100.0,100.0,400.0
10/22/2015,433.0,0.0,900.0,0.0,200.0,200.0
10/23/2015,700.0,1019.9999999999999,300.0,0.0,600.0,200.0
10/24/2015,984.0,910.0,800.0,0.0,400.0,200.0
10/25/2015,300.0,310.0,400.0,0.0,0.0,400.0
10/26/2015,900.0,800.0,800.0,100.0,200.0,200.0
10/27/2015,433.0,850.0,700.0,0.0,800.0,300.0
10/28/2015,100.0,100.0,1100.0,100.0,600.0,200.0
10/29/2015,233.0,130.0,800.0,0.0,0.0,100.0
10/30/2015,533.0,320.0,800.0,0.0,500.0,300.0
10/31/2015,566.0,800.0,600.0,0.0,700.0,100.0
11/1/2015,233.0,560.0,1100.0,0.0,500.0,0.0
11/2/2015,466.0,400.0,700.0,0.0,700.0,200.0
11/3/2015,134.0,430.0,500.0,0.0,300.0,0.0
11/4/2015,850.0,300.0,1800.0,300.0,300.0,400.0
11/5/2015,433.0,740.0,300.0,0.0,0.0,200.0
11/6/2015,333.0,400.0,500.0,200.0,100.0,0.0
11/7/2015,400.0,480.0,1500.0,100.0,600.0,100.0
11/8/2015,633.0,720.0,700.0,0.0,1300.0,100.0
11/9/2015,366.0,420.0,300.0,100.0,1200.0,100.0
11/10/2015,633.0,1000.0,800.0,0.0,900.0,200.0
11/11/2015,966.0,720.0,400.0,0.0,1200.0,300.0
11/12/2015,600.0,600.0,1100.0,0.0,2000.0,0.0
11/13/2015,500.0,200.0,1300.0,0.0,0.0,0.0
11/14/2015,499.0,370.0,500.0,100.0,0.0,100.0
11/15/2015,133.0,930.0000000000001,800.0,200.0,1700.0,0.0
11/16/2015,567.0,600.0,900.0,0.0,300.0,200.0
11/17/2015,634.0,470.0,100.0,0.0,0.0,200.0
11/18/2015,634.0,550.0,1100.0,0.0,0.0,200.0
11/19/2015,200.0,210.0,2200.0,0.0,0.0,0.0
11/20/2015,566.0,380.0,200.0,200.0,1000.0,300.0
11/21/2015,400.0,520.0,400.0,0.0,1700.0,300.0
11/22/2015,200.0,260.0,600.0,200.0,200.0,100.0
11/23/2015,300.0,470.0,300.0,0.0,100.0,200.0
11/24/2015,500.0,640.0,1200.0,300.0,100.0,500.0
11/25/2015,566.0,320.0,1100.0,0.0,300.0,300.0
11/26/2015,433.0,200.0,800.0,0.0,0.0,0.0
11/27/2015,67.0,200.0,700.0,0.0,0.0,0.0
11/28/2015,633.0,400.0,300.0,0.0,1000.0,100.0
11/29/2015,666.0,600.0,100.0,0.0,400.0,0.0
11/30/2015,733.0,500.0,500.0,100.0,600.0,300.0
12/1/2015,199.0,630.0,400.0,100.0,500.0,100.0
12/2/2015,100.0,240.0,2300.0,400.0,0.0,0.0
12/3/2015,400.0,560.0,600.0,100.0,100.0,100.0
12/4/2015,333.0,470.0,900.0,300.0,300.0,100.0
12/5/2015,800.0,200.0,200.0,0.0,700.0,233.0
12/6/2015,567.0,340.0,500.0,200.0,300.0,100.0
12/7/2015,300.0,220.00000000000003,600.0,100.0,1100.0,600.0
12/8/2015,200.0,200.0,800.0,0.0,0.0,0.0
12/9/2015,334.0,700.0,1600.0,0.0,300.0,100.0
12/10/2015,1166.0,1600.0,900.0,0.0,900.0,210.0
12/11/2015,584.0,300.0,900.0,0.0,1600.0,100.0
12/12/2015,634.0,300.0,500.0,200.0,600.0,100.0
12/13/2015,933.0,700.0,500.0,0.0,2700.0,0.0
12/14/2015,500.0,660.0,1100.0,0.0,2100.0,100.0
12/15/2015,499.0,500.0,300.0,100.0,200.0,100.0
12/16/2015,667.0,400.0,1100.0,100.0,1100.0,0.0
12/17/2015,900.0,300.0,700.0,0.0,0.0,200.0
12/18/2015,433.0,430.0,1200.0,400.0,200.0,100.0
12/19/2015,0.0,0.0,0.0,0.0,0.0,0.0
12/20/2015,300.0,220.00000000000003,300.0,0.0,1600.0,100.0
12/21/2015,500.0,200.0,1400.0,0.0,600.0,40.0
12/22/2015,566.0,500.0,600.0,0.0,1300.0,100.0
12/23/2015,333.0,229.99999999999997,300.0,0.0,0.0,0.0
12/24/2015,733.0,500.0,500.0,0.0,1600.0,0.0
12/25/2015,66.0,200.0,2800.0,200.0,100.0,100.0
12/26/2015,467.0,500.0,1500.0,300.0,0.0,430.0
12/27/2015,533.0,520.0,400.0,0.0,1400.0,459.99999999999994
12/28/2015,400.0,919.9999999999999,1800.0,300.0,2600.0,100.0
12/29/2015,1067.0,200.0,900.0,0.0,200.0,300.0
12/30/2015,666.0,200.0,1200.0,0.0,400.0,200.0
12/31/2015,766.0,760.0,1800.0,0.0,600.0,100.0
1/1/2016,0.0,0.0,0.0,0.0,0.0,0.0
1/2/2016,34.0,100.0,0.0,100.0,500.0,500.0
1/3/2016,400.0,250.0,100.0,0.0,500.0,100.0
1/4/2016,733.0,600.0,600.0,0.0,1200.0,100.0
1/5/2016,533.0,459.99999999999994,1500.0,0.0,500.0,100.0
1/6/2016,666.0,600.0,200.0,0.0,1200.0,200.0
1/7/2016,0.0,0.0,0.0,0.0,0.0,0.0
1/8/2016,800.0,770.0,800.0,300.0,200.0,200.0
1/9/2016,733.0,500.0,900.0,0.0,300.0,300.0
1/10/2016,700.0,1200.0,800.0,100.0,100.0,0.0
1/11/2016,934.0,700.0,1800.0,0.0,0.0,400.0
1/12/2016,1200.0,1200.0,800.0,0.0,0.0,0.0
1/13/2016,900.0,500.0,1500.0,0.0,100.0,200.0
1/14/2016,200.0,600.0,1800.0,0.0,800.0,200.0
1/15/2016,898.0,1060.0,800.0,0.0,1000.0,200.0
1/16/2016,334.0,600.0,1100.0,0.0,200.0,100.0
1/17/2016,701.0,390.0,400.0,0.0,0.0,100.0
1/18/2016,350.0,430.0,300.0,200.0,900.0,200.0
1/19/2016,600.0,600.0,700.0,0.0,0.0,300.0
1/20/2016,231.99999999999997,300.0,2900.0,300.0,300.0,200.0
1/21/2016,500.0,100.0,800.0,400.0,600.0,500.0
1/22/2016,83.0,700.0,1100.0,0.0,1000.0,0.0
1/23/2016,633.0,710.0,400.0,0.0,600.0,200.0
1/24/2016,400.0,1130.0,300.0,0.0,1200.0,300.0
1/25/2016,1033.0,400.0,1200.0,200.0,1000.0,150.0
1/26/2016,568.0,800.0,900.0,0.0,1500.0,0.0
1/27/2016,434.0,340.0,1800.0,500.0,500.0,200.0
1/28/2016,733.0,440.00000000000006,400.0,0.0,400.0,300.0
1/29/2016,500.0,860.0,300.0,100.0,1700.0,200.0
1/30/2016,900.0,530.0,300.0,200.0,500.0,200.0
1/31/2016,433.0,380.0,300.0,0.0,600.0,200.0
2/1/2016,634.0,710.0,700.0,0.0,600.0,100.0
2/2/2016,1433.0,130.0,600.0,0.0,0.0,100.0
2/3/2016,800.0,1150.0,1100.0,500.0,0.0,0.0
2/4/2016,834.0,420.0,500.0,0.0,400.0,400.0
2/5/2016,566.0,300.0,700.0,0.0,300.0,100.0
2/6/2016,533.0,300.0,100.0,0.0,1100.0,200.0
2/7/2016,366.0,450.0,200.0,0.0,1300.0,100.0
2/8/2016,633.0,550.0,500.0,0.0,2300.0,100.0
2/9/2016,700.0,440.00000000000006,1600.0,200.0,100.0,200.0
2/10/2016,434.0,720.0,2900.0,0.0,400.0,200.0
2/11/2016,166.0,270.0,1000.0,100.0,1300.0,400.0
2/12/2016,599.0,850.0,400.0,0.0,2000.0,100.0
2/13/2016,267.0,500.0,200.0,0.0,1000.0,200.0
2/14/2016,584.0,380.0,500.0,0.0,700.0,400.0
2/15/2016,533.0,530.0,600.0,0.0,0.0,0.0
2/16/2016,733.0,300.0,300.0,200.0,900.0,300.0
2/17/2016,300.0,400.0,1200.0,100.0,100.0,0.0
2/18/2016,234.0,430.0,300.0,0.0,900.0,100.0
2/19/2016,400.0,400.0,1800.0,200.0,2600.0,100.0
2/20/2016,1033.0,400.0,500.0,0.0,800.0,300.0
2/21/2016,634.0,0.0,500.0,200.0,700.0,400.0
2/22/2016,300.0,300.0,1000.0,0.0,1200.0,400.0
2/23/2016,300.0,260.0,1100.0,0.0,1500.0,300.0
2/24/2016,766.0,210.0,600.0,200.0,500.0,100.0
2/25/2016,799.0,500.0,2200.0,100.0,400.0,300.0
2/26/2016,500.0,450.0,600.0,200.0,0.0,100.0
2/27/2016,800.0,660.0,300.0,0.0,500.0,200.0
2/28/2016,800.0,1010.0,600.0,0.0,2600.0,500.0
2/29/2016,700.0,400.0,1300.0,0.0,300.0,100.0
3/1/2016,1000.0,220.00000000000003,1100.0,200.0,0.0,200.0
3/2/2016,333.0,530.0,1500.0,200.0,100.0,0.0
3/3/2016,283.0,500.0,200.0,0.0,900.0,400.0
3/4/2016,500.0,440.00000000000006,300.0,0.0,0.0,0.0
3/5/2016,500.0,800.0,900.0,0.0,1000.0,500.0
3/6/2016,500.0,490.00000000000006,200.0,0.0,500.0,700.0
3/7/2016,533.0,400.0,300.0,100.0,600.0,100.0
3/8/2016,400.0,300.0,700.0,0.0,300.0,300.0
3/9/2016,434.0,700.0,700.0,100.0,600.0,400.0
3/10/2016,633.0,200.0,800.0,0.0,200.0,200.0
3/11/2016,333.0,620.0,800.0,0.0,1800.0,100.0
3/12/2016,300.0,140.0,400.0,0.0,2300.0,100.0
3/13/2016,250.0,150.0,400.0,0.0,400.0,34.0
3/14/2016,433.0,1000.0,1200.0,0.0,2300.0,100.0
3/15/2016,533.0,200.0,700.0,0.0,1800.0,300.0
3/16/2016,533.0,570.0,1600.0,0.0,400.0,400.0
3/17/2016,566.0,500.0,1000.0,0.0,800.0,500.0
3/18/2016,334.0,520.0,1500.0,200.0,800.0,300.0
3/19/2016,1066.0,280.0,600.0,100.0,500.0,500.0
3/20/2016,799.0,220.00000000000003,100.0,0.0,1500.0,500.0
3/21/2016,500.0,600.0,1100.0,0.0,3600.0,700.0
3/22/2016,233.0,500.0,1200.0,200.0,400.0,200.0
3/23/2016,400.0,600.0,2200.0,100.0,0.0,300.0
3/24/2016,684.0,300.0,400.0,0.0,800.0,200.0
3/25/2016,700.0,420.0,800.0,0.0,300.0,300.0
3/26/2016,250.0,750.0,400.0,0.0,0.0,500.0
3/27/2016,783.0,1370.0,1100.0,100.0,100.0,400.0
3/28/2016,334.0,170.0,2000.0,0.0,400.0,450.0
3/29/2016,568.0,320.0,400.0,0.0,1200.0,100.0
3/30/2016,716.0,740.0,300.0,0.0,1200.0,500.0
3/31/2016,233.0,290.0,100.0,0.0,500.0,500.0
4/1/2016,633.0,270.0,400.0,0.0,1600.0,1050.0
4/2/2016,367.0,700.0,400.0,0.0,1900.0,740.0
4/3/2016,967.0,530.0,500.0,0.0,600.0,1100.0
4/4/2016,700.0,500.0,300.0,100.0,1100.0,200.0
4/5/2016,600.0,400.0,500.0,100.0,1100.0,1200.0
4/6/2016,666.0,200.0,700.0,0.0,600.0,300.0
4/7/2016,633.0,400.0,700.0,200.0,400.0,819.9999999999999
4/8/2016,767.0,500.0,200.0,100.0,300.0,440.00000000000006
4/9/2016,900.0,310.0,700.0,0.0,1400.0,300.0
4/10/2016,500.0,515.0,400.0,100.0,1100.0,800.0
4/11/2016,33.0,300.0,1100.0,200.0,1700.0,600.0
4/12/2016,434.0,600.0,1900.0,100.0,200.0,500.0
4/13/2016,633.0,300.0,2233.333333,0.0,200.0,300.0
4/14/2016,266.0,850.0,900.0,0.0,400.0,600.0
4/15/2016,433.0,270.0,600.0,0.0,1000.0,420.0
4/16/2016,534.0,530.0,1100.0,0.0,800.0,850.0
4/17/2016,433.0,300.0,200.0,0.0,700.0,720.0
4/18/2016,366.0,500.0,1500.0,300.0,700.0,700.0
4/19/2016,300.0,830.0000000000001,700.0,0.0,600.0,400.0
4/20/2016,266.0,240.0,1100.0,500.0,1500.0,300.0
4/21/2016,300.0,300.0,600.0,0.0,0.0,229.99999999999997
4/22/2016,600.0,400.0,400.0,0.0,600.0,100.0
4/23/2016,1366.0,800.0,800.0,0.0,0.0,450.0
4/24/2016,100.0,550.0,300.0,0.0,600.0,500.0
4/25/2016,667.0,725.0,2000.0,100.0,300.0,250.0
4/26/2016,533.0,700.0,1900.0,0.0,700.0,200.0
4/27/2016,566.0,700.0,2700.0,0.0,100.0,200.0
4/28/2016,466.0,600.0,1766.6666670000002,0.0,1200.0,1200.0
4/29/2016,666.0,250.0,1500.0,0.0,100.0,320.0
4/30/2016,966.0,700.0,1100.0,0.0,100.0,450.0
5/1/2016,0.0,0.0,0.0,0.0,0.0,0.0
5/2/2016,400.0,100.0,700.0,0.0,500.0,200.0
5/3/2016,633.0,300.0,300.0,0.0,0.0,200.0
5/4/2016,734.0,500.0,400.0,0.0,100.0,200.0
5/5/2016,466.0,600.0,1600.0,300.0,100.0,200.0
5/6/2016,400.0,100.0,700.0,0.0,100.0,300.0
5/7/2016,399.0,400.0,500.0,100.0,0.0,1000.0
5/8/2016,500.0,100.0,1200.0,0.0,100.0,1100.0
5/9/2016,567.0,500.0,300.0,0.0,200.0,500.0
5/10/2016,733.0,700.0,400.0,0.0,200.0,350.0
5/11/2016,533.0,400.0,1300.0,0.0,300.0,200.0
5/12/2016,301.0,800.0,800.0,100.0,200.0,0.0
5/13/2016,233.0,300.0,900.0,0.0,0.0,500.0
5/14/2016,534.0,555.0,1300.0,0.0,2100.0,100.0
5/15/2016,533.0,120.0,600.0,0.0,500.0,400.0
5/16/2016,500.0,200.0,1700.0,0.0,200.0,300.0
5/17/2016,400.0,710.0,400.0,0.0,100.0,320.0
5/18/2016,400.0,525.0,700.0,0.0,100.0,500.0
5/19/2016,634.0,200.0,1000.0,0.0,1600.0,300.0
5/20/2016,300.0,300.0,1400.0,200.0,900.0,500.0
5/21/2016,200.0,520.0,300.0,0.0,1700.0,500.0
5/22/2016,434.0,905.0000000000001,600.0,100.0,0.0,1000.0
5/23/2016,500.0,500.0,1900.0,0.0,700.0,400.0
5/24/2016,1200.0,400.0,300.0,0.0,300.0,200.0
5/25/2016,834.0,600.0,1600.0,100.0,0.0,120.0
5/26/2016,467.0,535.0,2000.0,100.0,0.0,900.0
5/27/2016,867.0,525.0,1400.0,700.0,200.0,600.0
5/28/2016,1233.0,300.0,400.0,0.0,400.0,900.0
5/29/2016,867.0,600.0,200.0,100.0,500.0,919.9999999999999
5/30/2016,334.0,409.99999999999994,300.0,0.0,700.0,800.0
5/31/2016,600.0,350.0,300.0,0.0,1300.0,200.0
6/1/2016,900.0,200.0,1100.0,0.0,700.0,500.0
6/2/2016,233.0,105.0,1800.0,300.0,400.0,100.0
6/3/2016,733.0,400.0,800.0,0.0,100.0,700.0
6/4/2016,333.0,330.0,200.0,0.0,0.0,400.0
6/5/2016,1034.0,430.0,500.0,0.0,300.0,400.0
6/6/2016,533.0,400.0,500.0,0.0,600.0,600.0
6/7/2016,600.0,409.99999999999994,1300.0,0.0,1000.0,300.0
6/8/2016,866.0,550.0,1000.0,0.0,500.0,600.0
6/9/2016,867.0,200.0,700.0,0.0,100.0,420.0
6/10/2016,833.0,400.0,1100.0,200.0,0.0,500.0
6/11/2016,1066.0,200.0,400.0,100.0,1000.0,800.0
6/12/2016,834.0,340.0,800.0,0.0,400.0,600.0
6/13/2016,566.0,100.0,700.0,0.0,100.0,200.0
6/14/2016,233.0,610.0,1700.0,100.0,200.0,300.0
6/15/2016,500.0,700.0,2200.0,100.0,100.0,600.0
6/16/2016,400.0,100.0,400.0,0.0,2200.0,300.0
6/17/2016,334.0,365.0,800.0,0.0,400.0,400.0
6/18/2016,200.0,650.0,100.0,0.0,500.0,400.0
6/19/2016,634.0,300.0,100.0,0.0,700.0,1500.0
6/20/2016,734.0,600.0,500.0,0.0,800.0,600.0
6/21/2016,733.0,900.0,1500.0,0.0,700.0,560.0
6/22/2016,200.0,229.99999999999997,600.0,0.0,200.0,200.0
6/23/2016,300.0,229.99999999999997,500.0,0.0,100.0,300.0
6/24/2016,600.0,305.0,1500.0,0.0,100.0,200.0
6/25/2016,568.0,800.0,500.0,0.0,100.0,400.0
6/26/2016,300.0,200.0,2000.0,0.0,200.0,300.0
6/27/2016,600.0,525.0,900.0,0.0,900.0,200.0
6/28/2016,133.0,225.0,2000.0,500.0,200.0,700.0
6/29/2016,700.0,650.0,1250.0,700.0,100.0,200.0
6/30/2016,400.0,320.0,600.0,0.0,0.0,200.0
7/1/2016,400.0,550.0,100.0,0.0,2000.0,700.0
7/2/2016,466.0,600.0,900.0,0.0,200.0,300.0
7/3/2016,667.0,540.0,400.0,0.0,1100.0,500.0
7/4/2016,834.0,114.99999999999999,800.0,300.0,700.0,600.0
7/5/2016,600.0,200.0,1000.0,0.0,0.0,300.0
7/6/2016,933.0,500.0,500.0,0.0,800.0,400.0
7/7/2016,734.0,100.0,1100.0,100.0,0.0,200.0
7/8/2016,134.0,919.9999999999999,1200.0,100.0,0.0,430.0
7/9/2016,333.0,450.0,1200.0,0.0,0.0,200.0
7/10/2016,566.0,420.0,600.0,0.0,0.0,300.0
7/11/2016,633.0,300.0,900.0,0.0,400.0,620.0
7/12/2016,567.0,400.0,1400.0,0.0,300.0,400.0
7/13/2016,621.8333333,500.0,1100.0,0.0,300.0,200.0
7/14/2016,234.0,500.0,300.0,0.0,300.0,500.0
7/15/2016,300.0,200.0,400.0,0.0,0.0,333.0
7/16/2016,933.0,300.0,600.0,0.0,100.0,800.0
7/17/2016,901.0,300.0,300.0,0.0,700.0,400.0
7/18/2016,600.0,800.0,200.0,0.0,300.0,400.0
7/19/2016,734.0,600.0,500.0,0.0,100.0,200.0
7/20/2016,1033.0,710.0,600.0,0.0,500.0,500.0
7/21/2016,566.0,409.99999999999994,1500.0,0.0,100.0,200.0
7/22/2016,333.0,700.0,400.0,0.0,0.0,200.0
7/23/2016,466.0,210.0,600.0,0.0,0.0,500.0
7/24/2016,233.0,400.0,400.0,0.0,0.0,200.0
7/25/2016,1300.0,700.0,900.0,0.0,400.0,400.0
7/26/2016,832.0,100.0,1600.0,0.0,0.0,200.0
7/27/2016,300.0,415.00000000000006,400.0,100.0,900.0,200.0
7/28/2016,967.0,400.0,1200.0,100.0,500.0,300.0
7/29/2016,999.0,600.0,1700.0,100.0,1100.0,200.0
7/30/2016,633.0,400.0,700.0,0.0,100.0,600.0
7/31/2016,600.0,450.0,500.0,0.0,0.0,400.0
8/1/2016,833.0,500.0,750.0,100.0,100.0,600.0
8/2/2016,833.0,500.0,1200.0,0.0,100.0,100.0
8/3/2016,800.0,350.0,1100.0,0.0,1300.0,300.0
8/4/2016,800.0,200.0,1200.0,0.0,1700.0,400.0
8/5/2016,1033.0,370.0,2400.0,0.0,2400.0,130.0
8/6/2016,300.0,500.0,3300.0,0.0,100.0,200.0
8/7/2016,800.0,819.9999999999999,1200.0,0.0,500.0,300.0
8/8/2016,834.0,550.0,3600.0,0.0,100.0,400.0
8/9/2016,633.0,700.0,2600.0,100.0,200.0,400.0
8/10/2016,1134.0,700.0,1100.0,0.0,300.0,200.0
8/11/2016,567.0,0.0,100.0,0.0,0.0,200.0
8/12/2016,866.0,610.0,600.0,400.0,0.0,200.0
8/13/2016,800.0,500.0,200.0,0.0,0.0,500.0
8/14/2016,500.0,450.0,200.0,0.0,700.0,0.0
8/15/2016,500.0,200.0,1100.0,0.0,0.0,200.0
8/16/2016,1000.0,300.0,400.0,0.0,1100.0,350.0
8/17/2016,866.0,400.0,700.0,0.0,500.0,500.0
8/18/2016,699.0,400.0,700.0,0.0,0.0,100.0
8/19/2016,100.0,60.0,1200.0,0.0,0.0,400.0
8/20/2016,433.0,600.0,100.0,0.0,0.0,600.0
8/21/2016,800.0,740.0,300.0,400.0,100.0,100.0
8/22/2016,334.0,0.0,300.0,0.0,0.0,600.0
8/23/2016,300.0,400.0,700.0,100.0,0.0,120.0
8/24/2016,933.0,800.0,200.0,0.0,0.0,300.0
8/25/2016,433.0,800.0,400.0,100.0,400.0,500.0
8/26/2016,400.0,200.0,300.0,0.0,0.0,0.0
8/27/2016,883.0,100.0,200.0,0.0,1100.0,0.0
8/28/2016,733.0,620.0,300.0,0.0,600.0,200.0
8/29/2016,900.0,200.0,400.0,0.0,100.0,130.0
8/30/2016,466.0,200.0,400.0,0.0,100.0,0.0
8/31/2016,600.0,500.0,300.0,0.0,100.0,500.0
9/1/2016,500.0,500.0,200.0,0.0,0.0,300.0
9/2/2016,934.0,500.0,2500.0,0.0,500.0,200.0
9/3/2016,533.0,650.0,500.0,0.0,400.0,400.0
9/4/2016,833.0,0.0,1000.0,0.0,400.0,500.0
9/5/2016,332.0,200.0,800.0,200.0,200.0,400.0
9/6/2016,500.0,100.0,1400.0,300.0,0.0,300.0
9/7/2016,233.0,300.0,1400.0,0.0,0.0,300.0
9/8/2016,600.0,400.0,800.0,100.0,0.0,0.0
9/9/2016,499.0,325.0,1100.0,200.0,1000.0,300.0
9/10/2016,833.0,1000.0,900.0,0.0,400.0,300.0
9/11/2016,266.0,710.0,800.0,0.0,1000.0,400.0
9/12/2016,700.0,400.0,1000.0,0.0,800.0,400.0
9/13/2016,700.0,400.0,1300.0,0.0,200.0,0.0
9/14/2016,600.0,250.0,700.0,0.0,800.0,200.0
9/15/2016,300.0,200.0,3100.0,0.0,300.0,100.0
9/16/2016,200.0,400.0,1700.0,0.0,300.0,0.0
9/17/2016,667.0,240.0,1100.0,0.0,500.0,409.99999999999994
9/18/2016,599.0,200.0,400.0,0.0,800.0,100.0
9/19/2016,400.0,215.0,1100.0,200.0,0.0,100.0
9/20/2016,467.0,300.0,1400.0,0.0,400.0,100.0
9/21/2016,834.0,305.0,1200.0,0.0,300.0,200.0
9/22/2016,633.0,210.0,600.0,0.0,400.0,300.0
9/23/2016,233.0,600.0,1300.0,300.0,700.0,100.0
9/24/2016,200.0,620.0,800.0,0.0,100.0,100.0
9/25/2016,600.0,300.0,300.0,0.0,1000.0,200.0
9/26/2016,599.0,400.0,400.0,200.0,400.0,100.0
9/27/2016,700.0,740.0,1700.0,300.0,100.0,300.0
9/28/2016,1368.0,545.0,300.0,0.0,0.0,400.0
9/29/2016,733.0,400.0,400.0,0.0,100.0,120.0
9/30/2016,700.0,260.0,500.0,0.0,1000.0,300.0
10/1/2016,733.0,120.0,500.0,0.0,400.0,200.0
10/2/2016,1700.0,969.9999999999999,600.0,0.0,1800.0,300.0
10/3/2016,333.0,300.0,200.0,200.0,1700.0,300.0
10/4/2016,633.0,600.0,800.0,0.0,1000.0,250.0
10/5/2016,400.0,400.0,800.0,0.0,100.0,100.0
10/6/2016,433.0,600.0,400.0,0.0,300.0,0.0
10/7/2016,434.0,600.0,400.0,0.0,0.0,100.0
10/8/2016,734.0,500.0,200.0,0.0,600.0,500.0
10/9/2016,668.0,550.0,200.0,0.0,900.0,100.0
10/10/2016,200.0,500.0,100.0,0.0,300.0,100.0
10/11/2016,733.0,1165.0,5483.3333330000005,100.0,800.0,100.0
10/12/2016,833.0,200.0,1800.0,100.0,1700.0,200.0
10/13/2016,466.0,320.0,2000.0,0.0,300.0,229.99999999999997
10/14/2016,700.0,300.0,2200.0,0.0,900.0,100.0
10/15/2016,400.0,335.0,1600.0,100.0,1300.0,100.0
10/16/2016,833.0,1000.0,300.0,0.0,600.0,500.0
10/17/2016,200.0,500.0,100.0,0.0,900.0,100.0
10/18/2016,300.0,900.0,900.0,300.0,700.0,310.0
10/19/2016,433.0,500.0,1100.0,0.0,200.0,100.0
10/20/2016,164.0,600.0,200.0,0.0,200.0,200.0
10/21/2016,866.0,0.0,500.0,0.0,600.0,200.0
10/22/2016,700.0,400.0,300.0,0.0,1000.0,400.0
10/23/2016,1233.0,380.0,1000.0,0.0,1100.0,200.0
10/24/2016,266.0,750.0,100.0,100.0,200.0,100.0
10/25/2016,433.0,540.0,1000.0,0.0,700.0,0.0
10/26/2016,233.0,600.0,1000.0,0.0,200.0,100.0
10/27/2016,650.0,300.0,1000.0,200.0,400.0,0.0
10/28/2016,700.0,600.0,900.0,0.0,500.0,0.0
10/29/2016,1533.0,610.0,2300.0,0.0,900.0,500.0
10/30/2016,466.0,575.0,500.0,0.0,0.0,200.0
10/31/2016,266.0,300.0,600.0,0.0,1700.0,500.0
11/1/2016,233.0,400.0,1800.0,0.0,600.0,300.0
11/2/2016,400.0,409.99999999999994,100.0,0.0,200.0,300.0
11/3/2016,200.0,300.0,300.0,0.0,0.0,100.0
11/4/2016,833.0,360.0,1400.0,100.0,600.0,420.0
11/5/2016,766.6666667000001,580.0,900.0,0.0,0.0,200.0
11/6/2016,800.0,300.0,300.0,200.0,1100.0,500.0
11/7/2016,500.0,630.0,900.0,0.0,500.0,100.0
11/8/2016,700.0,800.0,1916.6666670000002,200.0,800.0,300.0
11/9/2016,234.0,140.0,1800.0,0.0,400.0,0.0
11/10/2016,733.0,700.0,500.0,200.0,1200.0,340.0
11/11/2016,1066.0,400.0,600.0,0.0,100.0,100.0
11/12/2016,800.0,700.0,1000.0,0.0,100.0,120.0
11/13/2016,600.0,360.0,0.0,0.0,500.0,100.0
11/14/2016,1000.0,380.0,500.0,300.0,100.0,100.0
11/15/2016,533.0,400.0,2700.0,500.0,500.0,100.0
11/16/2016,400.0,400.0,500.0,0.0,1000.0,100.0
11/17/2016,500.0,570.0,0.0,0.0,100.0,140.0
11/18/2016,133.0,625.0,700.0,100.0,200.0,200.0
11/19/2016,500.0,400.0,300.0,0.0,300.0,200.0
11/20/2016,700.0,500.0,300.0,0.0,0.0,200.0
11/21/2016,134.0,525.0,100.0,0.0,1300.0,300.0
11/22/2016,401.0,110.00000000000001,300.0,200.0,700.0,200.0
11/23/2016,300.0,370.0,500.0,0.0,0.0,100.0
11/24/2016,867.0,600.0,200.0,0.0,1000.0,300.0
11/25/2016,734.0,700.0,2000.0,400.0,500.0,100.0
11/26/2016,333.0,400.0,900.0,300.0,1200.0,200.0
11/27/2016,933.0,390.0,500.0,0.0,100.0,0.0
11/28/2016,450.0,204.99999999999997,500.0,0.0,1200.0,0.0
11/29/2016,568.0,300.0,600.0,200.0,0.0,0.0
11/30/2016,333.0,430.0,1300.0,0.0,700.0,0.0
12/1/2016,450.0,150.0,800.0,0.0,900.0,0.0
12/2/2016,600.0,320.0,1400.0,0.0,2600.0,20.0
12/3/2016,317.0,300.0,200.0,0.0,100.0,400.0
12/4/2016,700.0,290.0,400.0,0.0,0.0,0.0
12/5/2016,950.0,400.0,600.0,100.0,1300.0,200.0
12/6/2016,600.0,440.00000000000006,400.0,0.0,2000.0,100.0
12/7/2016,434.0,170.0,800.0,300.0,700.0,300.0
12/8/2016,567.0,500.0,900.0,0.0,200.0,0.0
12/9/2016,566.0,400.0,200.0,0.0,0.0,200.0
12/10/2016,734.0,1010.0,100.0,0.0,1500.0,200.0
12/11/2016,334.0,855.0000000000001,700.0,0.0,1400.0,100.0
12/12/2016,366.0,310.0,2833.333333,300.0,2100.0,400.0
12/13/2016,100.0,509.99999999999994,0.0,0.0,1800.0,0.0
12/14/2016,583.0,565.0,2100.0,0.0,1000.0,120.0
12/15/2016,966.0,100.0,800.0,0.0,500.0,100.0
12/16/2016,733.0,220.00000000000003,800.0,300.0,2300.0,100.0
12/17/2016,599.0,415.00000000000006,1000.0,0.0,600.0,100.0
12/18/2016,167.0,420.0,1300.0,0.0,500.0,100.0
12/19/2016,0.0,0.0,0.0,0.0,0.0,0.0
12/20/2016,633.0,400.0,1200.0,200.0,100.0,0.0
12/21/2016,134.0,25.0,500.0,0.0,600.0,250.0
12/22/2016,434.0,380.0,100.0,0.0,500.0,0.0
12/23/2016,533.0,114.99999999999999,600.0,0.0,800.0,200.0
12/24/2016,633.0,420.0,400.0,100.0,200.0,100.0
12/25/2016,233.0,570.0,0.0,0.0,900.0,100.0
12/26/2016,1033.0,200.0,600.0,0.0,200.0,200.0
12/27/2016,600.0,41.66666670000001,800.0,200.0,1300.0,0.0
12/28/2016,434.0,645.0,700.0,0.0,1300.0,0.0
12/29/2016,1100.0,635.0,400.0,300.0,600.0,200.0
12/30/2016,566.0,730.0,1300.0,0.0,300.0,0.0
12/31/2016,833.0,745.0,700.0,0.0,1200.0,0.0
1/1/2017,354.375,156.25,875.0,187.5,625.0,62.5
1/2/2017,21.25,62.5,0.0,62.5,312.5,312.5
1/3/2017,625.0,462.5,875.0,0.0,703.125,187.5
1/4/2017,680.4166667000001,641.6666667000001,1000.0,125.0,500.0,291.6666667
1/5/2017,750.4166667000001,520.8333332999999,1458.333333,0.0,1125.0,250.0
1/6/2017,458.3333333,562.5,1083.333333,0.0,1541.666667,250.0
1/7/2017,291.6666667,595.8333332999999,875.0,0.0,250.0,0.0
1/8/2017,541.6666667000001,508.3333333,1000.0,208.33333330000002,333.3333333,166.6666667
1/9/2017,388.75,258.3333333,916.6666667000002,41.66666670000001,166.6666667,208.33333330000002
1/10/2017,638.75,1329.166667,2500.0,166.6666667,750.0,83.3333333
1/11/2017,930.8333333,916.6666667000002,2000.0,125.0,166.6666667,291.6666667
1/12/2017,833.3333332999998,875.0,1416.666667,125.0,458.3333333,166.6666667
1/13/2017,680.4166667000001,954.1666667000002,1958.3333329999998,0.0,333.3333333,133.3333333
1/14/2017,597.5,770.8333332999999,1666.6666670000002,83.3333333,541.6666667000001,208.33333330000002
1/15/2017,805.0000000000001,908.3333332999998,1541.666667,0.0,750.0,125.0
1/16/2017,667.0833332999999,804.1666667000002,1250.0,41.66666670000001,708.3333332999999,208.33333330000002
1/17/2017,722.5,529.1666667000001,1333.333333,166.6666667,375.0,250.0
1/18/2017,674.1666667000001,650.0,1666.6666670000002,125.0,583.3333332999999,83.3333333
1/19/2017,500.0,783.3333332999999,1583.333333,0.0,250.0,333.3333333
1/20/2017,360.8333333,412.5,2333.333333,291.6666667,1250.0,250.0
1/21/2017,569.5833333,458.3333333,1500.0,208.33333330000002,458.3333333,291.6666667
1/22/2017,451.25,512.5,1916.6666670000002,125.0,916.6666667000002,166.6666667
1/23/2017,513.75,629.1666667000001,1583.333333,83.3333333,250.0,166.6666667
1/24/2017,611.25,1095.833333,1125.0,0.0,1000.0,291.6666667
1/25/2017,777.9166667000001,766.6666667000001,1875.0,208.33333330000002,1375.0,229.16666669999998
1/26/2017,597.9166667000001,704.1666667000001,1375.0,83.3333333,833.3333332999998,0.0
1/27/2017,785.0,516.6666667000001,2125.0,208.33333330000002,958.3333332999998,125.0
1/28/2017,597.0833332999999,225.0,916.6666667000002,0.0,166.6666667,125.0
1/29/2017,514.1666667,533.3333332999999,1583.333333,250.0,958.3333332999998,333.3333333
1/30/2017,805.8333333,700.0,1708.3333329999998,416.6666667,708.3333332999999,416.6666667
1/31/2017,444.16666669999995,283.3333333,1333.333333,83.3333333,291.6666667,166.6666667
2/1/2017,737.5,604.1666667000001,1083.333333,41.66666670000001,833.3333332999998,208.33333330000002
2/2/2017,819.5833332999999,641.6666667000001,916.6666667000002,41.66666670000001,41.66666670000001,83.3333333
2/3/2017,763.75,900.0,1583.333333,250.0,708.3333332999999,83.3333333
2/4/2017,777.9166667000001,441.6666667,1208.333333,83.3333333,750.0,375.0
2/5/2017,1067.0,500.0,100.0,0.0,1100.0,110.00000000000001
2/6/2017,1000.0,440.00000000000006,300.0,200.0,500.0,0.0
2/7/2017,300.0,350.0,300.0,0.0,700.0,200.0
2/8/2017,1100.0,400.0,700.0,0.0,1000.0,200.0
2/9/2017,398.25,400.0,600.0,0.0,0.0,100.0
2/10/2017,401.0,475.0,500.0,0.0,200.0,0.0
2/11/2017,533.0,509.99999999999994,1100.0,100.0,100.0,300.0
2/12/2017,1000.0,780.0,400.0,0.0,200.0,100.0
2/13/2017,0.0,0.0,0.0,0.0,0.0,0.0
2/14/2017,433.0,210.0,0.0,0.0,100.0,100.0
2/15/2017,600.0,200.0,100.0,0.0,100.0,100.0
2/16/2017,366.0,100.0,200.0,0.0,0.0,300.0
2/17/2017,300.0,210.0,400.0,0.0,800.0,120.0
2/18/2017,700.0,235.0,1000.0,0.0,0.0,310.0
2/19/2017,334.0,220.00000000000003,100.0,0.0,800.0,100.0
2/20/2017,500.0,450.0,200.0,0.0,100.0,300.0
2/21/2017,500.0,400.0,1400.0,0.0,800.0,100.0
2/22/2017,367.0,720.0,900.0,0.0,500.0,0.0
2/23/2017,667.0,405.0,500.0,100.0,800.0,200.0
2/24/2017,100.0,400.0,1000.0,100.0,700.0,100.0
2/25/2017,600.0,525.0,687.5,0.0,200.0,0.0
2/26/2017,533.0,320.0,300.0,0.0,500.0,120.0
2/27/2017,567.0,700.0,1400.0,0.0,700.0,200.0
2/28/2017,534.0,750.0,900.0,200.0,1800.0,0.0
3/1/2017,400.0,500.0,1700.0,0.0,500.0,200.0
3/2/2017,500.0,300.0,100.0,100.0,100.0,200.0
3/3/2017,900.0,400.0,900.0,100.0,600.0,400.0
3/4/2017,501.0,310.0,0.0,0.0,500.0,450.0
3/5/2017,1233.0,500.0,300.0,0.0,600.0,500.0
3/6/2017,683.0,110.00000000000001,100.0,0.0,0.0,300.0
3/7/2017,234.0,650.0,400.0,0.0,0.0,200.0
3/8/2017,100.0,0.0,400.0,0.0,0.0,300.0
3/9/2017,1133.0,600.0,600.0,100.0,0.0,250.0
3/10/2017,200.0,459.99999999999994,800.0,100.0,0.0,100.0
3/11/2017,633.0,600.0,200.0,100.0,500.0,350.0
3/12/2017,768.0,200.0,600.0,400.0,1500.0,200.0
3/13/2017,233.0,270.0,200.0,0.0,1000.0,0.0
3/14/2017,267.0,300.0,500.0,0.0,500.0,100.0
3/15/2017,366.0,250.0,400.0,0.0,0.0,0.0
3/16/2017,600.0,475.0,400.0,0.0,100.0,300.0
3/17/2017,433.0,0.0,1400.0,0.0,300.0,300.0
3/18/2017,500.0,425.0,300.0,0.0,100.0,100.0
3/19/2017,1000.0,200.0,300.0,0.0,500.0,300.0
3/20/2017,166.0,470.0,300.0,0.0,700.0,300.0
3/21/2017,916.0,220.00000000000003,400.0,0.0,100.0,530.0
3/22/2017,166.0,200.0,700.0,0.0,200.0,200.0
3/23/2017,734.0,100.0,800.0,0.0,600.0,350.0
3/24/2017,167.0,450.0,700.0,0.0,500.0,630.0
3/25/2017,1000.0,100.0,300.0,0.0,0.0,400.0
3/26/2017,534.0,345.0,400.0,0.0,1000.0,800.0
3/27/2017,484.0,350.0,500.0,0.0,100.0,400.0
3/28/2017,267.0,700.0,1400.0,0.0,0.0,600.0
3/29/2017,634.0,400.0,300.0,0.0,700.0,450.0
3/30/2017,133.0,500.0,900.0,0.0,0.0,200.0
3/31/2017,400.0,350.0,200.0,0.0,200.0,600.0
4/1/2017,233.0,200.0,200.0,0.0,100.0,300.0
4/2/2017,667.0,400.0,400.0,0.0,900.0,1240.0
4/3/2017,633.0,560.0,800.0,0.0,2000.0,300.0
4/4/2017,33.0,220.00000000000003,200.0,0.0,500.0,550.0
4/5/2017,500.0,20.0,900.0,200.0,600.0,100.0
4/6/2017,500.0,310.0,400.0,100.0,0.0,100.0
4/7/2017,350.0,200.0,500.0,0.0,500.0,500.0
4/8/2017,751.0,204.99999999999997,300.0,0.0,1100.0,600.0
4/9/2017,499.0,825.0,300.0,0.0,0.0,100.0
4/10/2017,866.0,105.0,100.0,0.0,400.0,400.0
4/11/2017,400.0,300.0,500.0,0.0,1100.0,100.0
4/12/2017,1199.0,335.0,1000.0,200.0,1000.0,400.0
4/13/2017,500.0,200.0,100.0,0.0,200.0,500.0
4/14/2017,734.0,500.0,300.0,0.0,1600.0,400.0
4/15/2017,1167.0,400.0,100.0,0.0,1500.0,520.0
4/16/2017,0.0,0.0,0.0,0.0,0.0,0.0
4/17/2017,400.0,190.0,100.0,0.0,500.0,100.0
4/18/2017,733.0,630.0,800.0,100.0,200.0,200.0
4/19/2017,100.0,500.0,200.0,0.0,0.0,100.0
4/20/2017,466.0,500.0,1000.0,0.0,700.0,200.0
4/21/2017,367.0,240.0,300.0,0.0,187.5,300.0
4/22/2017,264.0,280.0,700.0,100.0,100.0,200.0
4/23/2017,900.0,360.0,700.0,0.0,100.0,500.0
4/24/2017,933.0,800.0,900.0,0.0,100.0,500.0
4/25/2017,800.0,220.00000000000003,400.0,0.0,2600.0,500.0
4/26/2017,300.0,350.0,300.0,0.0,100.0,830.0000000000001
4/27/2017,333.0,229.99999999999997,1000.0,100.0,0.0,1000.0
4/28/2017,333.0,509.99999999999994,200.0,0.0,700.0,700.0
4/29/2017,500.0,229.99999999999997,300.0,100.0,100.0,800.0
4/30/2017,100.0,229.99999999999997,200.0,0.0,1200.0,200.0
5/1/2017,34.0,100.0,0.0,0.0,0.0,100.0
5/2/2017,200.0,100.0,500.0,0.0,600.0,500.0
5/3/2017,133.0,600.0,600.0,0.0,2000.0,200.0
5/4/2017,567.0,100.0,400.0,0.0,200.0,409.99999999999994
5/5/2017,234.0,114.99999999999999,800.0,0.0,1200.0,300.0
5/6/2017,733.0,440.00000000000006,400.0,0.0,0.0,600.0
5/7/2017,633.0,450.0,300.0,0.0,400.0,400.0
5/8/2017,233.0,100.0,800.0,300.0,100.0,560.0
5/9/2017,733.0,409.99999999999994,400.0,0.0,200.0,300.0
5/10/2017,866.0,900.0,400.0,0.0,1400.0,700.0
5/11/2017,600.0,300.0,600.0,200.0,100.0,1000.0
5/12/2017,499.0,600.0,400.0,900.0,0.0,600.0
5/13/2017,500.0,600.0,400.0,0.0,100.0,700.0
5/14/2017,467.0,285.0,600.0,0.0,500.0,210.0
5/15/2017,534.0,200.0,0.0,300.0,300.0,700.0
5/16/2017,233.0,150.0,200.0,0.0,600.0,700.0
5/17/2017,634.0,0.0,500.0,0.0,0.0,200.0
5/18/2017,333.0,400.0,400.0,0.0,0.0,300.0
5/19/2017,434.0,220.00000000000003,1100.0,0.0,0.0,1000.0
5/20/2017,399.0,25.0,500.0,0.0,600.0,600.0
5/21/2017,600.0,125.0,500.0,0.0,1200.0,400.0
5/22/2017,533.0,440.00000000000006,500.0,0.0,700.0,1100.0
5/23/2017,300.0,500.0,900.0,0.0,200.0,700.0
5/24/2017,668.0,300.0,900.0,0.0,400.0,471.0
5/25/2017,566.0,200.0,300.0,0.0,200.0,430.0
5/26/2017,234.0,500.0,400.0,0.0,800.0,200.0
5/27/2017,733.0,200.0,500.0,0.0,0.0,1000.0
5/28/2017,199.0,245.00000000000003,200.0,0.0,0.0,300.0
5/29/2017,334.0,160.0,400.0,200.0,400.0,500.0
5/30/2017,800.0,430.0,300.0,0.0,500.0,500.0
5/31/2017,400.0,700.0,600.0,400.0,100.0,500.0
6/1/2017,134.0,200.0,1000.0,0.0,200.0,200.0
6/2/2017,233.0,400.0,900.0,100.0,500.0,300.0
6/3/2017,500.0,300.0,300.0,100.0,2200.0,200.0
6/4/2017,700.0,225.0,300.0,100.0,500.0,400.0
6/5/2017,333.0,450.0,500.0,0.0,0.0,800.0
6/6/2017,100.0,0.0,300.0,0.0,600.0,750.0
6/7/2017,533.0,400.0,1300.0,0.0,2000.0,700.0
6/8/2017,500.0,315.0,400.0,0.0,200.0,420.0
6/9/2017,133.0,310.0,200.0,0.0,0.0,600.0
6/10/2017,900.0,400.0,200.0,0.0,700.0,300.0
6/11/2017,550.0,850.0,800.0,0.0,200.0,300.0
6/12/2017,434.0,100.0,300.0,0.0,1300.0,1200.0
6/13/2017,299.0,300.0,900.0,0.0,0.0,910.0
6/14/2017,133.0,100.0,600.0,300.0,500.0,300.0
6/15/2017,300.0,315.0,1000.0,0.0,500.0,650.0
6/16/2017,400.0,0.0,600.0,0.0,0.0,544.0
6/17/2017,200.0,500.0,400.0,0.0,500.0,500.0
6/18/2017,400.0,110.00000000000001,200.0,0.0,1200.0,333.0
6/19/2017,133.0,100.0,100.0,100.0,800.0,300.0
6/20/2017,933.0,509.99999999999994,500.0,0.0,500.0,863.0000000000001
6/21/2017,400.0,200.0,400.0,0.0,200.0,540.0
6/22/2017,100.0,0.0,400.0,0.0,800.0,1100.0
6/23/2017,100.0,200.0,500.0,0.0,0.0,120.0
6/24/2017,500.0,600.0,800.0,100.0,0.0,100.0
6/25/2017,650.0,600.0,400.0,0.0,0.0,459.99999999999994
6/26/2017,768.0,625.0,1100.0,0.0,0.0,300.0
6/27/2017,400.0,600.0,900.0,0.0,300.0,600.0
6/28/2017,400.0,450.0,700.0,0.0,500.0,300.0
6/29/2017,400.0,600.0,100.0,0.0,2100.0,500.0
6/30/2017,667.0,200.0,200.0,0.0,0.0,600.0
7/1/2017,333.0,100.0,500.0,0.0,1000.0,400.0
7/2/2017,500.0,200.0,600.0,0.0,0.0,400.0
7/3/2017,367.0,150.0,1100.0,0.0,1100.0,0.0
7/4/2017,1067.0,500.0,700.0,0.0,0.0,600.0
7/5/2017,450.0,200.0,2000.0,0.0,2200.0,600.0
7/6/2017,433.0,400.0,300.0,100.0,100.0,100.0
7/7/2017,500.0,409.99999999999994,600.0,0.0,100.0,0.0
7/8/2017,499.0,500.0,1200.0,0.0,100.0,300.0
7/9/2017,233.0,50.0,400.0,0.0,100.0,400.0
7/10/2017,200.0,400.0,500.0,200.0,700.0,300.0
7/11/2017,334.0,0.0,200.0,0.0,700.0,200.0
7/12/2017,200.0,0.0,1200.0,0.0,300.0,0.0
7/13/2017,333.0,215.0,500.0,300.0,300.0,200.0
7/14/2017,233.0,200.0,800.0,0.0,500.0,300.0
7/15/2017,333.0,300.0,300.0,0.0,0.0,200.0
7/16/2017,1134.0,300.0,600.0,0.0,0.0,100.0
7/17/2017,900.0,300.0,600.0,200.0,400.0,300.0
7/18/2017,967.0,150.0,800.0,0.0,2000.0,400.0
7/19/2017,633.0,400.0,600.0,300.0,100.0,600.0
7/20/2017,500.0,300.0,1100.0,200.0,200.0,200.0
7/21/2017,233.0,300.0,500.0,0.0,0.0,300.0
7/22/2017,300.0,500.0,300.0,100.0,0.0,200.0
7/23/2017,650.0,200.0,400.0,0.0,400.0,500.0
7/24/2017,384.0,210.0,600.0,0.0,0.0,300.0
7/25/2017,634.0,200.0,500.0,0.0,600.0,10.0
7/26/2017,333.0,300.0,1100.0,100.0,100.0,100.0
7/27/2017,500.0,0.0,800.0,0.0,0.0,100.0
7/28/2017,400.0,110.00000000000001,1000.0,0.0,0.0,300.0
7/29/2017,300.0,200.0,100.0,0.0,0.0,400.0
7/30/2017,412.5,200.0,1100.0,0.0,0.0,100.0
7/31/2017,734.0,225.0,900.0,0.0,500.0,200.0
8/1/2017,733.0,200.0,300.0,0.0,100.0,100.0
8/2/2017,600.0,100.0,200.0,0.0,100.0,400.0
8/3/2017,633.0,400.0,800.0,0.0,100.0,300.0
8/4/2017,800.0,100.0,1100.0,200.0,500.0,200.0
8/5/2017,466.0,200.0,200.0,0.0,0.0,200.0
8/6/2017,200.0,100.0,600.0,0.0,0.0,300.0
8/7/2017,100.0,310.0,900.0,200.0,0.0,0.0
8/8/2017,600.0,210.0,800.0,0.0,0.0,420.0
8/9/2017,233.0,315.0,1500.0,0.0,200.0,220.00000000000003
8/10/2017,0.0,400.0,1900.0,0.0,300.0,110.00000000000001
8/11/2017,433.0,509.99999999999994,600.0,300.0,0.0,0.0
8/12/2017,269.0,250.0,400.0,0.0,600.0,200.0
8/13/2017,366.0,204.99999999999997,500.0,0.0,100.0,100.0
8/14/2017,1134.0,400.0,400.0,0.0,0.0,200.0
8/15/2017,233.0,215.0,1100.0,0.0,200.0,300.0
8/16/2017,533.0,100.0,1300.0,0.0,400.0,200.0
8/17/2017,516.0,500.0,800.0,0.0,100.0,150.0
8/18/2017,233.0,300.0,400.0,0.0,0.0,300.0
8/19/2017,500.0,300.0,1000.0,0.0,1100.0,200.0
8/20/2017,433.0,600.0,600.0,0.0,200.0,100.0
8/21/2017,933.0,240.0,400.0,0.0,0.0,0.0
8/22/2017,600.0,315.0,300.0,0.0,0.0,200.0
8/23/2017,333.0,200.0,800.0,0.0,900.0,300.0
8/24/2017,800.0,200.0,1300.0,0.0,100.0,300.0
8/25/2017,600.0,100.0,1700.0,0.0,0.0,100.0
8/26/2017,499.0,100.0,1000.0,0.0,600.0,200.0
8/27/2017,300.0,100.0,500.0,200.0,700.0,100.0
8/28/2017,800.0,500.0,1200.0,0.0,100.0,300.0
8/29/2017,700.0,350.0,500.0,0.0,1100.0,210.0
8/30/2017,767.0,315.0,400.0,300.0,0.0,200.0
8/31/2017,1668.0,305.0,400.0,0.0,0.0,100.0
9/1/2017,334.0,500.0,800.0,0.0,200.0,0.0
9/2/2017,634.0,600.0,800.0,0.0,100.0,300.0
9/3/2017,683.0,200.0,700.0,0.0,100.0,300.0
9/4/2017,650.0,600.0,700.0,0.0,0.0,300.0
9/5/2017,617.0,400.0,700.0,100.0,200.0,130.0
9/6/2017,433.0,500.0,600.0,0.0,300.0,300.0
9/7/2017,300.0,320.0,200.0,0.0,0.0,200.0
9/8/2017,883.0,310.0,800.0,0.0,300.0,400.0
9/9/2017,600.0,250.0,700.0,0.0,0.0,400.0
9/10/2017,334.0,100.0,700.0,0.0,0.0,420.0
9/11/2017,200.0,200.0,1600.0,0.0,0.0,200.0
9/12/2017,100.0,520.0,600.0,100.0,100.0,220.00000000000003
9/13/2017,400.0,200.0,1600.0,0.0,500.0,0.0
9/14/2017,500.0,500.0,600.0,0.0,900.0,500.0
9/15/2017,300.0,300.0,1200.0,100.0,800.0,300.0
9/16/2017,700.0,345.0,1100.0,0.0,0.0,120.0
9/17/2017,500.0,400.0,600.0,100.0,700.0,500.0
9/18/2017,900.0,100.0,700.0,0.0,100.0,200.0
9/19/2017,333.0,100.0,600.0,200.0,600.0,900.0
9/20/2017,200.0,10.0,600.0,0.0,600.0,0.0
9/21/2017,734.0,100.0,800.0,200.0,0.0,100.0
9/22/2017,466.0,300.0,200.0,0.0,0.0,300.0
9/23/2017,999.0,300.0,1200.0,200.0,0.0,200.0
9/24/2017,366.0,200.0,700.0,100.0,600.0,100.0
9/25/2017,100.0,100.0,700.0,300.0,2600.0,100.0
9/26/2017,200.0,210.0,400.0,0.0,600.0,100.0
9/27/2017,400.0,300.0,700.0,300.0,300.0,0.0
9/28/2017,334.0,250.0,300.0,0.0,1000.0,0.0
9/29/2017,100.0,300.0,800.0,600.0,500.0,100.0
9/30/2017,533.0,300.0,600.0,0.0,2800.0,0.0
10/1/2017,400.0,300.0,700.0,100.0,2000.0,100.0
10/2/2017,833.0,315.0,300.0,100.0,0.0,0.0
10/3/2017,34.0,315.0,2100.0,300.0,500.0,200.0
10/4/2017,200.0,400.0,600.0,0.0,200.0,100.0
10/5/2017,533.0,500.0,500.0,0.0,1100.0,200.0
10/6/2017,399.0,100.0,700.0,0.0,600.0,200.0
10/7/2017,400.0,200.0,400.0,0.0,1000.0,100.0
10/8/2017,867.0,520.0,200.0,0.0,1500.0,400.0
10/9/2017,0.0,0.0,0.0,0.0,0.0,0.0
10/10/2017,1000.0,200.0,800.0,0.0,1100.0,300.0
10/11/2017,350.0,459.99999999999994,200.0,0.0,600.0,250.0
10/12/2017,400.0,229.99999999999997,900.0,0.0,100.0,200.0
10/13/2017,533.0,60.0,800.0,200.0,300.0,400.0
10/14/2017,484.0,400.0,900.0,100.0,2000.0,0.0
10/15/2017,600.0,100.0,500.0,0.0,1100.0,200.0
10/16/2017,233.0,0.0,900.0,0.0,200.0,200.0
10/17/2017,334.0,600.0,900.0,200.0,600.0,100.0
10/18/2017,534.0,100.0,1500.0,0.0,100.0,100.0
10/19/2017,433.0,470.0,800.0,0.0,1300.0,0.0
10/20/2017,283.0,300.0,1500.0,0.0,800.0,0.0
10/21/2017,333.0,330.0,900.0,300.0,500.0,400.0
10/22/2017,800.0,500.0,800.0,0.0,900.0,200.0
10/23/2017,333.0,200.0,400.0,0.0,2800.0,100.0
10/24/2017,200.0,1000.0,300.0,0.0,1000.0,100.0
10/25/2017,634.0,535.0,400.0,0.0,100.0,100.0
10/26/2017,133.0,200.0,900.0,100.0,500.0,229.99999999999997
10/27/2017,632.0,600.0,1400.0,100.0,2100.0,200.0
10/28/2017,500.0,400.0,1100.0,0.0,700.0,300.0
10/29/2017,766.0,105.0,300.0,0.0,100.0,220.00000000000003
10/30/2017,150.0,200.0,700.0,0.0,900.0,100.0
10/31/2017,433.0,400.0,200.0,0.0,0.0,100.0
11/1/2017,67.0,200.0,500.0,0.0,300.0,100.0
11/2/2017,400.0,155.0,500.0,0.0,1100.0,300.0
11/3/2017,233.0,440.00000000000006,1000.0,300.0,600.0,100.0
11/4/2017,1034.0,600.0,500.0,0.0,100.0,320.0
11/5/2017,633.0,110.00000000000001,100.0,0.0,500.0,200.0
11/6/2017,834.0,200.0,1100.0,300.0,800.0,100.0
11/7/2017,67.0,700.0,400.0,0.0,0.0,150.0
11/8/2017,600.0,200.0,100.0,0.0,500.0,100.0
11/9/2017,267.0,0.0,200.0,0.0,1100.0,100.0
11/10/2017,934.0,620.0,900.0,0.0,2200.0,200.0
11/11/2017,850.0,409.99999999999994,800.0,0.0,200.0,0.0
11/12/2017,500.0,615.0,900.0,0.0,300.0,200.0
11/13/2017,933.0,420.0,500.0,0.0,500.0,20.0
11/14/2017,300.0,200.0,1400.0,0.0,1900.0,100.0
11/15/2017,533.0,770.0,800.0,300.0,0.0,100.0
11/16/2017,533.0,300.0,300.0,0.0,100.0,100.0
11/17/2017,300.0,300.0,500.0,0.0,3000.0,200.0
11/18/2017,533.0,200.0,200.0,0.0,800.0,120.0
11/19/2017,400.0,100.0,300.0,0.0,600.0,250.0
11/20/2017,234.0,240.0,1000.0,0.0,200.0,0.0
11/21/2017,1333.0,100.0,500.0,0.0,200.0,100.0
11/22/2017,200.0,100.0,2000.0,0.0,100.0,100.0
11/23/2017,933.0,600.0,1400.0,0.0,0.0,300.0
11/24/2017,800.0,500.0,500.0,200.0,200.0,0.0
11/25/2017,533.0,409.99999999999994,800.0,0.0,200.0,0.0
11/26/2017,566.0,100.0,200.0,100.0,1200.0,200.0
11/27/2017,134.0,610.0,400.0,0.0,700.0,300.0
11/28/2017,500.0,535.0,500.0,300.0,800.0,300.0
11/29/2017,634.0,409.99999999999994,700.0,0.0,500.0,300.0
11/30/2017,567.0,300.0,200.0,0.0,900.0,300.0
12/1/2017,1033.0,100.0,300.0,0.0,500.0,200.0
12/2/2017,433.0,500.0,1100.0,0.0,0.0,150.0
12/3/2017,533.0,300.0,300.0,0.0,600.0,200.0
12/4/2017,100.0,400.0,300.0,0.0,1300.0,300.0
12/5/2017,368.0,405.0,100.0,0.0,600.0,200.0
12/6/2017,400.0,210.0,1200.0,0.0,600.0,100.0
12/7/2017,300.0,545.0,800.0,0.0,700.0,100.0
12/8/2017,533.0,350.0,500.0,100.0,700.0,200.0
12/9/2017,500.0,540.0,1400.0,0.0,700.0,200.0
12/10/2017,500.0,500.0,700.0,0.0,1800.0,200.0
12/11/2017,800.0,550.0,1000.0,0.0,600.0,100.0
12/12/2017,133.0,300.0,600.0,100.0,1200.0,200.0
12/13/2017,400.0,229.99999999999997,900.0,0.0,0.0,100.0
12/14/2017,300.0,300.0,500.0,0.0,0.0,300.0
12/15/2017,418.0,250.0,600.0,0.0,0.0,100.0
12/16/2017,1100.0,300.0,600.0,100.0,100.0,200.0
12/17/2017,700.0,509.99999999999994,1100.0,0.0,1500.0,200.0
12/18/2017,66.0,600.0,700.0,0.0,800.0,0.0
12/19/2017,0.0,0.0,0.0,0.0,0.0,0.0
12/20/2017,200.0,300.0,300.0,0.0,1100.0,200.0
12/21/2017,202.0,400.0,500.0,0.0,600.0,0.0
12/22/2017,599.0,150.0,1300.0,0.0,100.0,160.0
12/23/2017,600.0,610.0,600.0,0.0,100.0,100.0
12/24/2017,766.0,200.0,400.0,0.0,500.0,100.0
12/25/2017,100.0,409.99999999999994,400.0,0.0,600.0,200.0
12/26/2017,299.0,350.0,900.0,0.0,900.0,200.0
12/27/2017,700.0,515.0,900.0,0.0,300.0,0.0
12/28/2017,733.0,509.99999999999994,1200.0,300.0,2400.0,100.0
12/29/2017,934.0,250.0,1700.0,0.0,1100.0,200.0
12/30/2017,868.0,400.0,800.0,0.0,1000.0,300.0
12/31/2017,1383.0,530.0,900.0,0.0,0.0,100.0
1/1/2018,0.0,0.0,0.0,0.0,0.0,0.0
1/2/2018,100.0,225.0,300.0,0.0,200.0,200.0
1/3/2018,467.0,300.0,400.0,0.0,1000.0,300.0
1/4/2018,600.0,100.0,900.0,0.0,100.0,200.0
1/5/2018,1200.0,300.0,1100.0,0.0,2100.0,100.0
1/6/2018,466.0,220.00000000000003,400.0,0.0,500.0,800.0
1/7/2018,0.0,0.0,0.0,0.0,0.0,0.0
1/8/2018,233.0,420.0,500.0,0.0,0.0,100.0
1/9/2018,533.0,500.0,900.0,600.0,1000.0,100.0
1/10/2018,933.0,600.0,1200.0,0.0,600.0,200.0
1/11/2018,400.0,550.0,700.0,0.0,500.0,0.0
1/12/2018,566.0,300.0,1100.0,0.0,1000.0,0.0
1/13/2018,350.0,320.0,600.0,0.0,800.0,100.0
1/14/2018,433.0,120.0,200.0,0.0,500.0,100.0
1/15/2018,699.0,509.99999999999994,800.0,0.0,1500.0,200.0
1/16/2018,634.0,300.0,200.0,0.0,800.0,0.0
1/17/2018,667.0,200.0,1000.0,200.0,4100.0,200.0
1/18/2018,433.0,400.0,900.0,0.0,200.0,100.0
1/19/2018,633.0,300.0,1200.0,0.0,300.0,100.0
1/20/2018,266.0,200.0,200.0,0.0,500.0,0.0
1/21/2018,333.0,340.0,600.0,0.0,100.0,350.0
1/22/2018,600.0,600.0,500.0,0.0,600.0,100.0
1/23/2018,100.0,459.99999999999994,400.0,0.0,500.0,100.0
1/24/2018,733.0,400.0,1300.0,0.0,400.0,100.0
1/25/2018,366.0,420.0,1500.0,0.0,700.0,300.0
1/26/2018,300.0,40.0,900.0,0.0,1200.0,100.0
1/27/2018,334.0,300.0,700.0,0.0,300.0,400.0
1/28/2018,150.0,565.0,1100.0,0.0,1000.0,200.0
1/29/2018,233.0,425.0,1000.0,300.0,400.0,100.0
1/30/2018,433.0,300.0,1100.0,0.0,400.0,300.0
1/31/2018,33.0,400.0,1200.0,0.0,600.0,100.0
2/1/2018,534.0,600.0,700.0,0.0,600.0,300.0
2/2/2018,233.0,400.0,600.0,0.0,600.0,440.00000000000006
2/3/2018,433.0,330.0,1200.0,0.0,500.0,200.0
2/4/2018,799.0,200.0,600.0,0.0,300.0,300.0
2/5/2018,733.0,300.0,1800.0,0.0,600.0,66.0
2/6/2018,434.0,685.0,800.0,0.0,500.0,100.0
2/7/2018,484.0,320.0,800.0,0.0,2300.0,0.0
2/8/2018,633.0,300.0,700.0,0.0,125.0,0.0
2/9/2018,300.0,425.0,1700.0,0.0,1100.0,0.0
2/10/2018,1001.0,350.0,600.0,0.0,1500.0,300.0
2/11/2018,633.0,780.0,1200.0,0.0,1000.0,200.0
2/12/2018,800.0,1000.0,1400.0,100.0,100.0,100.0
2/13/2018,600.0,500.0,1000.0,0.0,1000.0,300.0
2/14/2018,100.0,210.0,1500.0,0.0,1400.0,0.0
2/15/2018,150.0,85.0,600.0,0.0,1000.0,0.0
2/16/2018,768.0,120.0,1000.0,0.0,0.0,100.0
2/17/2018,133.0,200.0,500.0,0.0,900.0,0.0
2/18/2018,600.0,755.0,200.0,0.0,400.0,100.0
2/19/2018,100.0,170.0,600.0,0.0,1200.0,200.0
2/20/2018,418.0,420.0,600.0,0.0,200.0,300.0
2/21/2018,134.0,950.0,500.0,0.0,600.0,100.0
2/22/2018,500.0,315.0,600.0,0.0,2000.0,0.0
2/23/2018,583.0,100.0,600.0,0.0,1200.0,0.0
2/24/2018,800.0,700.0,1000.0,0.0,800.0,300.0
2/25/2018,400.0,200.0,1000.0,0.0,1000.0,200.0
2/26/2018,100.0,200.0,900.0,0.0,700.0,100.0
2/27/2018,333.0,340.0,2000.0,900.0,800.0,100.0
2/28/2018,100.0,509.99999999999994,2100.0,200.0,0.0,100.0
3/1/2018,100.0,105.0,2600.0,100.0,1200.0,100.0
3/2/2018,400.0,950.0,2400.0,300.0,1700.0,550.0
3/3/2018,800.0,815.0,1200.0,100.0,1000.0,400.0
3/4/2018,100.0,400.0,300.0,0.0,1400.0,100.0
3/5/2018,433.0,610.0,600.0,0.0,1700.0,100.0
3/6/2018,950.0,585.0,2200.0,800.0,200.0,100.0
3/7/2018,450.0,400.0,3100.0,500.0,1100.0,140.0
3/8/2018,133.0,400.0,1000.0,0.0,0.0,400.0
3/9/2018,633.0,420.0,1100.0,100.0,1000.0,0.0
3/10/2018,600.0,400.0,1100.0,300.0,1700.0,600.0
3/11/2018,466.0,560.0,0.0,0.0,1100.0,300.0
3/12/2018,900.0,300.0,900.0,0.0,1300.0,800.0
3/13/2018,200.0,520.0,1800.0,0.0,2100.0,500.0
3/14/2018,234.0,0.0,1400.0,200.0,800.0,400.0
3/15/2018,334.0,300.0,1000.0,0.0,1000.0,0.0
3/16/2018,333.0,100.0,700.0,0.0,200.0,100.0
3/17/2018,399.0,315.0,1100.0,0.0,500.0,400.0
3/18/2018,733.0,430.0,800.0,0.0,200.0,200.0
3/19/2018,434.0,0.0,1100.0,200.0,1800.0,100.0
3/20/2018,267.0,900.0,700.0,0.0,1500.0,500.0
3/21/2018,200.0,200.0,400.0,0.0,900.0,0.0
3/22/2018,300.0,155.0,400.0,0.0,0.0,100.0
3/23/2018,500.0,515.0,800.0,0.0,1100.0,850.0
3/24/2018,700.0,500.0,700.0,100.0,200.0,0.0
3/25/2018,400.0,320.0,900.0,0.0,300.0,200.0
3/26/2018,500.0,20.0,1500.0,400.0,500.0,330.0
3/27/2018,434.0,509.99999999999994,1400.0,100.0,500.0,200.0
3/28/2018,550.0,100.0,2300.0,200.0,600.0,150.0
3/29/2018,700.0,300.0,500.0,0.0,700.0,330.0
3/30/2018,533.0,900.0,3300.0,800.0,300.0,200.0
3/31/2018,900.0,200.0,800.0,0.0,300.0,400.0
4/1/2018,683.0,0.0,1900.0,100.0,2200.0,500.0
4/2/2018,566.0,630.0,3100.0,0.0,1000.0,1000.0
4/3/2018,100.0,200.0,1000.0,600.0,500.0,350.0
4/4/2018,601.0,300.0,900.0,0.0,100.0,800.0
4/5/2018,633.0,540.0,1600.0,100.0,1600.0,300.0
4/6/2018,367.0,420.0,1300.0,0.0,2300.0,500.0
4/7/2018,1618.0,200.0,400.0,0.0,500.0,700.0
4/8/2018,0.0,0.0,0.0,0.0,0.0,0.0
4/9/2018,500.0,600.0,600.0,0.0,1000.0,600.0
4/10/2018,200.0,200.0,1800.0,300.0,700.0,1000.0
4/11/2018,667.0,200.0,1200.0,0.0,300.0,1100.0
4/12/2018,500.0,350.0,900.0,0.0,600.0,450.0
4/13/2018,450.0,500.0,1200.0,0.0,2300.0,400.0
4/14/2018,800.0,200.0,200.0,0.0,300.0,1200.0
4/15/2018,766.0,300.0,500.0,0.0,0.0,600.0
4/16/2018,200.0,25.0,900.0,0.0,400.0,300.0
4/17/2018,334.0,15.0,1000.0,0.0,600.0,600.0
4/18/2018,500.0,325.0,500.0,0.0,700.0,100.0
4/19/2018,500.0,100.0,300.0,0.0,100.0,700.0
4/20/2018,500.0,0.0,1000.0,0.0,600.0,900.0
4/21/2018,350.0,200.0,700.0,0.0,400.0,620.0
4/22/2018,600.0,350.0,700.0,0.0,0.0,650.0
4/23/2018,700.0,100.0,700.0,0.0,200.0,900.0
4/24/2018,600.0,600.0,900.0,0.0,100.0,1200.0
4/25/2018,900.0,500.0,800.0,200.0,3000.0,900.0
4/26/2018,533.0,200.0,800.0,0.0,700.0,500.0
4/27/2018,668.0,300.0,1200.0,0.0,600.0,400.0
4/28/2018,933.0,204.99999999999997,1100.0,100.0,600.0,700.0
4/29/2018,733.0,600.0,500.0,0.0,1400.0,1040.0
4/30/2018,500.0,300.0,1200.0,0.0,100.0,700.0
5/1/2018,234.0,100.0,0.0,0.0,100.0,800.0
5/2/2018,600.0,200.0,700.0,0.0,300.0,900.0
5/3/2018,233.0,200.0,1000.0,0.0,1600.0,1000.0
5/4/2018,100.0,500.0,600.0,0.0,200.0,1050.0
5/5/2018,900.0,500.0,900.0,0.0,0.0,700.0
5/6/2018,334.0,25.0,900.0,0.0,300.0,1350.0
5/7/2018,966.0,0.0,1300.0,0.0,700.0,300.0
5/8/2018,1050.0,100.0,1400.0,200.0,100.0,900.0
5/9/2018,934.0,700.0,800.0,200.0,200.0,500.0
5/10/2018,850.0,600.0,1200.0,0.0,100.0,600.0
5/11/2018,933.0,300.0,600.0,0.0,200.0,1000.0
5/12/2018,133.0,515.0,1000.0,0.0,1100.0,800.0
5/13/2018,516.0,300.0,300.0,0.0,700.0,1000.0
5/14/2018,600.0,100.0,400.0,100.0,3700.0,300.0
5/15/2018,400.0,200.0,1100.0,0.0,500.0,700.0
5/16/2018,401.0,250.0,900.0,0.0,200.0,800.0
5/17/2018,200.0,350.0,1100.0,0.0,100.0,400.0
5/18/2018,234.0,600.0,1100.0,0.0,200.0,240.0
5/19/2018,234.0,100.0,700.0,500.0,0.0,500.0
5/20/2018,700.0,100.0,600.0,100.0,0.0,1000.0
5/21/2018,1200.0,215.0,1800.0,0.0,1100.0,500.0
5/22/2018,367.0,300.0,700.0,0.0,600.0,600.0
5/23/2018,150.0,0.0,700.0,0.0,0.0,700.0
5/24/2018,200.0,500.0,600.0,100.0,1000.0,100.0
5/25/2018,233.0,200.0,900.0,0.0,100.0,200.0
5/26/2018,333.0,700.0,700.0,0.0,300.0,500.0
5/27/2018,633.0,500.0,600.0,100.0,0.0,1100.0
5/28/2018,700.0,120.0,700.0,0.0,700.0,600.0
5/29/2018,900.0,330.0,700.0,0.0,400.0,600.0
5/30/2018,434.0,200.0,900.0,0.0,1400.0,1000.0
5/31/2018,350.0,135.0,1000.0,0.0,800.0,564.0
6/1/2018,1233.0,400.0,900.0,0.0,500.0,300.0
6/2/2018,800.0,400.0,900.0,300.0,700.0,900.0
6/3/2018,500.0,100.0,800.0,100.0,0.0,200.0
6/4/2018,333.0,600.0,300.0,0.0,600.0,600.0
6/5/2018,433.0,105.0,700.0,200.0,0.0,700.0
6/6/2018,600.0,15.0,1600.0,300.0,0.0,200.0
6/7/2018,200.0,25.0,1100.0,100.0,1000.0,200.0
6/8/2018,400.0,200.0,600.0,0.0,200.0,440.00000000000006
6/9/2018,800.0,300.0,1100.0,0.0,500.0,0.0
6/10/2018,266.0,500.0,700.0,0.0,0.0,300.0
6/11/2018,800.0,310.0,1700.0,0.0,0.0,600.0
6/12/2018,234.0,400.0,300.0,0.0,100.0,740.0
6/13/2018,1200.0,120.0,100.0,0.0,0.0,200.0
6/14/2018,0.0,100.0,1100.0,0.0,0.0,200.0
6/15/2018,100.0,30.0,1000.0,0.0,800.0,200.0
6/16/2018,334.0,500.0,500.0,0.0,200.0,700.0
6/17/2018,484.0,600.0,1000.0,0.0,500.0,400.0
6/18/2018,450.0,210.0,400.0,0.0,100.0,600.0
6/19/2018,400.0,400.0,800.0,0.0,500.0,300.0
6/20/2018,366.0,250.0,800.0,300.0,1100.0,260.0
6/21/2018,335.0,400.0,500.0,0.0,500.0,1050.0
6/22/2018,500.0,415.00000000000006,300.0,0.0,600.0,550.0
6/23/2018,533.0,200.0,700.0,0.0,100.0,200.0
6/24/2018,167.0,200.0,1000.0,0.0,0.0,300.0
6/25/2018,333.0,0.0,1200.0,300.0,500.0,200.0
6/26/2018,1033.0,300.0,600.0,0.0,900.0,440.00000000000006
6/27/2018,200.0,300.0,1000.0,0.0,200.0,300.0
6/28/2018,300.0,400.0,1300.0,0.0,500.0,200.0
6/29/2018,100.0,200.0,800.0,0.0,0.0,400.0
6/30/2018,684.0,700.0,1000.0,200.0,0.0,400.0
7/1/2018,200.0,100.0,700.0,0.0,1000.0,400.0
7/2/2018,333.0,300.0,1800.0,0.0,300.0,700.0
7/3/2018,634.0,100.0,900.0,0.0,800.0,300.0
7/4/2018,100.0,350.0,600.0,0.0,2200.0,700.0
7/5/2018,433.0,400.0,600.0,300.0,300.0,100.0
7/6/2018,233.0,125.0,1500.0,0.0,0.0,600.0
7/7/2018,633.0,700.0,1400.0,0.0,0.0,550.0
7/8/2018,733.0,200.0,1000.0,0.0,500.0,400.0
7/9/2018,333.0,400.0,1200.0,300.0,0.0,300.0
7/10/2018,600.0,400.0,900.0,200.0,200.0,400.0
7/11/2018,1000.0,300.0,1300.0,0.0,600.0,200.0
7/12/2018,300.0,700.0,1100.0,400.0,0.0,300.0
7/13/2018,134.0,114.99999999999999,500.0,0.0,200.0,300.0
7/14/2018,0.0,0.0,800.0,0.0,0.0,140.0
7/15/2018,1000.0,350.0,400.0,0.0,100.0,700.0
7/16/2018,933.0,100.0,800.0,0.0,0.0,300.0
7/17/2018,233.0,200.0,1300.0,0.0,0.0,600.0
7/18/2018,250.0,500.0,1700.0,0.0,1200.0,600.0
7/19/2018,684.0,300.0,1400.0,100.0,0.0,300.0
7/20/2018,500.0,500.0,200.0,100.0,200.0,400.0
7/21/2018,400.0,30.0,700.0,0.0,500.0,100.0
7/22/2018,366.0,0.0,400.0,0.0,500.0,600.0
7/23/2018,868.0,210.0,1500.0,100.0,0.0,530.0
7/24/2018,968.0,200.0,400.0,100.0,200.0,200.0
7/25/2018,500.0,200.0,700.0,0.0,0.0,200.0
7/26/2018,433.0,500.0,400.0,0.0,100.0,400.0
7/27/2018,234.0,300.0,1100.0,0.0,100.0,600.0
7/28/2018,600.0,100.0,900.0,0.0,0.0,300.0
7/29/2018,350.0,210.0,700.0,100.0,0.0,300.0
7/30/2018,300.0,530.0,900.0,200.0,0.0,400.0
7/31/2018,733.0,300.0,500.0,0.0,0.0,300.0
8/1/2018,100.0,100.0,900.0,100.0,100.0,700.0
8/2/2018,0.0,0.0,1100.0,0.0,200.0,500.0
8/3/2018,401.0,200.0,900.0,0.0,0.0,100.0
8/4/2018,500.0,200.0,1100.0,300.0,0.0,800.0
8/5/2018,600.0,500.0,400.0,200.0,600.0,130.0
8/6/2018,833.0,200.0,700.0,0.0,600.0,200.0
8/7/2018,233.0,800.0,700.0,100.0,100.0,300.0
8/8/2018,433.0,200.0,1300.0,0.0,0.0,200.0
8/9/2018,267.0,100.0,1300.0,0.0,0.0,200.0
8/10/2018,600.0,400.0,400.0,0.0,0.0,200.0
8/11/2018,400.0,600.0,1600.0,100.0,500.0,1000.0
8/12/2018,1099.0,600.0,600.0,0.0,100.0,200.0
8/13/2018,333.0,200.0,1500.0,0.0,300.0,200.0
8/14/2018,133.0,500.0,900.0,0.0,400.0,500.0
8/15/2018,834.0,200.0,1300.0,200.0,0.0,100.0
8/16/2018,333.0,400.0,600.0,300.0,500.0,500.0
8/17/2018,233.0,240.0,500.0,100.0,500.0,100.0
8/18/2018,633.0,0.0,500.0,100.0,600.0,0.0
8/19/2018,633.0,100.0,300.0,0.0,500.0,600.0
8/20/2018,400.0,420.0,700.0,0.0,2000.0,300.0
8/21/2018,234.0,215.0,400.0,100.0,100.0,400.0
8/22/2018,500.0,0.0,400.0,100.0,0.0,400.0
8/23/2018,500.0,400.0,800.0,0.0,2300.0,300.0
8/24/2018,400.0,100.0,700.0,0.0,2100.0,400.0
8/25/2018,367.0,320.0,400.0,0.0,600.0,250.0
8/26/2018,1133.0,400.0,1000.0,0.0,800.0,430.0
8/27/2018,334.0,900.0,600.0,0.0,100.0,100.0
8/28/2018,200.0,100.0,700.0,100.0,0.0,300.0
8/29/2018,667.0,130.0,1000.0,100.0,500.0,300.0
8/30/2018,233.0,300.0,700.0,0.0,400.0,200.0
8/31/2018,434.0,0.0,1300.0,100.0,2000.0,400.0
9/1/2018,234.0,220.00000000000003,600.0,100.0,100.0,200.0
9/2/2018,668.0,300.0,500.0,0.0,500.0,200.0
9/3/2018,100.0,200.0,1200.0,0.0,0.0,400.0
9/4/2018,400.0,100.0,700.0,0.0,300.0,200.0
9/5/2018,650.0,150.0,1100.0,0.0,300.0,200.0
9/6/2018,666.0,300.0,1300.0,0.0,500.0,0.0
9/7/2018,200.0,400.0,600.0,0.0,2200.0,770.0
9/8/2018,1000.0,610.0,1200.0,0.0,1000.0,100.0
9/9/2018,400.0,0.0,200.0,0.0,0.0,500.0
9/10/2018,700.0,200.0,1400.0,300.0,100.0,200.0
9/11/2018,900.0,300.0,1500.0,0.0,600.0,400.0
9/12/2018,400.0,200.0,1800.0,0.0,500.0,0.0
9/13/2018,283.0,100.0,500.0,200.0,1200.0,200.0
9/14/2018,800.0,400.0,700.0,0.0,100.0,200.0
9/15/2018,600.0,400.0,600.0,0.0,1000.0,440.00000000000006
9/16/2018,333.0,325.0,600.0,100.0,700.0,300.0
9/17/2018,300.0,375.0,1000.0,100.0,500.0,0.0
9/18/2018,434.0,370.0,600.0,0.0,100.0,500.0
9/19/2018,600.0,200.0,1000.0,0.0,900.0,700.0
9/20/2018,200.0,200.0,1300.0,100.0,0.0,500.0
9/21/2018,466.0,100.0,1000.0,0.0,100.0,300.0
9/22/2018,600.0,150.0,600.0,100.0,2300.0,300.0
9/23/2018,734.0,325.0,900.0,0.0,800.0,500.0
9/24/2018,733.0,550.0,700.0,0.0,900.0,200.0
9/25/2018,600.0,330.0,1100.0,0.0,2200.0,200.0
9/26/2018,300.0,600.0,900.0,100.0,0.0,300.0
9/27/2018,400.0,459.99999999999994,1100.0,0.0,700.0,300.0
9/28/2018,200.0,370.0,300.0,0.0,500.0,300.0
9/29/2018,350.0,215.0,400.0,0.0,2100.0,100.0
9/30/2018,1101.0,200.0,900.0,100.0,300.0,300.0
10/1/2018,300.0,100.0,1000.0,0.0,2100.0,300.0
10/2/2018,600.0,350.0,700.0,0.0,600.0,0.0
10/3/2018,600.0,300.0,1200.0,200.0,500.0,400.0
10/4/2018,600.0,200.0,1200.0,100.0,500.0,0.0
10/5/2018,484.0,110.00000000000001,700.0,0.0,1400.0,100.0
10/6/2018,200.0,320.0,400.0,0.0,300.0,10.0
10/7/2018,268.0,200.0,800.0,0.0,900.0,100.0
10/8/2018,400.0,300.0,1800.0,500.0,0.0,300.0
10/9/2018,200.0,100.0,1800.0,0.0,2900.0,100.0
10/10/2018,900.0,409.99999999999994,1300.0,0.0,2000.0,200.0
10/11/2018,200.0,210.0,1500.0,0.0,0.0,100.0
10/12/2018,633.0,100.0,600.0,0.0,100.0,600.0
10/13/2018,699.0,325.0,800.0,0.0,600.0,300.0
10/14/2018,234.0,620.0,900.0,200.0,0.0,600.0
10/15/2018,717.0,300.0,1200.0,0.0,500.0,600.0
10/16/2018,600.0,200.0,500.0,300.0,600.0,0.0
10/17/2018,233.0,400.0,500.0,0.0,100.0,400.0
10/18/2018,434.0,110.00000000000001,900.0,100.0,1000.0,500.0
10/19/2018,400.0,0.0,500.0,200.0,600.0,400.0
10/20/2018,234.0,200.0,900.0,0.0,3400.0,500.0
10/21/2018,667.0,100.0,500.0,300.0,500.0,100.0
10/22/2018,266.0,330.0,800.0,0.0,2800.0,130.0
10/23/2018,234.0,45.0,900.0,100.0,1100.0,300.0
10/24/2018,400.0,500.0,700.0,0.0,1000.0,150.0
10/25/2018,533.0,300.0,1200.0,0.0,3300.0,300.0
10/26/2018,400.0,459.99999999999994,1400.0,100.0,1400.0,100.0
10/27/2018,834.0,220.00000000000003,1200.0,100.0,700.0,200.0
10/28/2018,533.0,160.0,900.0,300.0,1300.0,300.0
10/29/2018,535.0,235.0,500.0,0.0,1000.0,300.0
10/30/2018,933.0,100.0,700.0,0.0,1300.0,100.0
10/31/2018,200.0,300.0,700.0,0.0,200.0,200.0
11/1/2018,784.0,300.0,600.0,300.0,700.0,0.0
11/2/2018,514.0,0.0,819.9999999999999,0.0,100.0,330.0
11/3/2018,300.0,620.0,200.0,0.0,0.0,200.0
11/4/2018,1399.0,0.0,700.0,0.0,1300.0,100.0
11/5/2018,633.0,600.0,1400.0,0.0,1300.0,229.99999999999997
11/6/2018,333.0,1055.0,800.0,0.0,1300.0,250.0
11/7/2018,700.0,300.0,1500.0,300.0,800.0,0.0
11/8/2018,300.0,600.0,500.0,0.0,1600.0,200.0
11/9/2018,500.0,500.0,700.0,100.0,2200.0,0.0
11/10/2018,433.0,200.0,700.0,100.0,1100.0,110.00000000000001
11/11/2018,1100.0,200.0,1400.0,0.0,1000.0,100.0
11/12/2018,234.0,700.0,1500.0,200.0,2400.0,100.0
11/13/2018,633.0,600.0,1800.0,0.0,1800.0,300.0
11/14/2018,566.0,300.0,900.0,0.0,0.0,0.0
11/15/2018,200.0,200.0,300.0,200.0,2900.0,0.0
11/16/2018,833.0,400.0,600.0,0.0,600.0,40.0
11/17/2018,800.0,100.0,500.0,0.0,1300.0,200.0
11/18/2018,468.0,500.0,700.0,100.0,1000.0,100.0
11/19/2018,601.0,200.0,600.0,300.0,300.0,0.0
11/20/2018,533.0,400.0,400.0,100.0,1000.0,300.0
11/21/2018,700.0,325.0,500.0,0.0,500.0,100.0
11/22/2018,800.0,300.0,900.0,0.0,1500.0,200.0
11/23/2018,600.0,300.0,1300.0,100.0,2400.0,300.0
11/24/2018,566.0,500.0,1100.0,0.0,700.0,30.0
11/25/2018,533.0,315.0,600.0,100.0,300.0,200.0
11/26/2018,533.0,200.0,1500.0,100.0,1600.0,300.0
11/27/2018,800.0,200.0,200.0,0.0,500.0,200.0
11/28/2018,300.0,100.0,1500.0,200.0,800.0,400.0
11/29/2018,433.0,100.0,700.0,0.0,100.0,300.0
11/30/2018,100.0,100.0,300.0,0.0,0.0,250.0
12/1/2018,700.0,204.99999999999997,700.0,300.0,1300.0,200.0
12/2/2018,317.0,1000.0,600.0,0.0,2700.0,800.0
12/3/2018,600.0,210.0,1300.0,0.0,1300.0,100.0
12/4/2018,250.0,300.0,1100.0,0.0,500.0,300.0
12/5/2018,533.0,350.0,1300.0,0.0,1500.0,200.0
12/6/2018,0.0,0.0,0.0,0.0,0.0,0.0
12/7/2018,500.0,300.0,1400.0,0.0,1200.0,300.0
12/8/2018,0.0,0.0,0.0,0.0,0.0,0.0
12/9/2018,466.0,409.99999999999994,900.0,0.0,1100.0,0.0
12/10/2018,400.0,150.0,1200.0,100.0,700.0,100.0
12/11/2018,400.0,835.0,1200.0,300.0,200.0,550.0
12/12/2018,433.0,300.0,1100.0,0.0,2100.0,0.0
12/13/2018,368.0,300.0,600.0,0.0,600.0,0.0
12/14/2018,200.0,20.0,200.0,100.0,2900.0,100.0
12/15/2018,400.0,345.0,500.0,0.0,2600.0,229.99999999999997
12/16/2018,133.0,20.0,300.0,0.0,700.0,100.0
12/17/2018,634.0,500.0,600.0,100.0,2200.0,200.0
12/18/2018,33.0,100.0,1200.0,300.0,900.0,200.0
12/19/2018,0.0,0.0,0.0,0.0,0.0,0.0
12/20/2018,834.0,100.0,1200.0,300.0,100.0,0.0
12/21/2018,200.0,0.0,1200.0,100.0,1300.0,100.0
12/22/2018,834.0,450.0,300.0,100.0,0.0,0.0
12/23/2018,1233.0,229.99999999999997,800.0,0.0,1300.0,400.0
12/24/2018,867.0,100.0,2000.0,0.0,800.0,100.0
12/25/2018,800.0,509.99999999999994,900.0,300.0,2100.0,200.0
12/26/2018,100.0,215.0,800.0,100.0,1300.0,200.0
12/27/2018,368.0,305.0,800.0,0.0,700.0,0.0
12/28/2018,1167.0,100.0,1100.0,600.0,900.0,0.0
12/29/2018,668.0,100.0,500.0,0.0,700.0,200.0
12/30/2018,533.0,500.0,600.0,0.0,3100.0,330.0
12/31/2018,800.0,520.0,1000.0,0.0,600.0,400.0
1/1/2019,0.0,0.0,0.0,0.0,0.0,0.0
1/2/2019,533.0,415.00000000000006,400.0,0.0,900.0,200.0
1/3/2019,433.0,625.0,600.0,0.0,900.0,0.0
1/4/2019,700.0,260.0,1000.0,0.0,0.0,100.0
1/5/2019,801.0,310.0,1000.0,0.0,3000.0,100.0
1/6/2019,833.0,225.0,1100.0,200.0,0.0,300.0
1/7/2019,0.0,0.0,0.0,0.0,0.0,0.0
1/8/2019,434.0,0.0,600.0,0.0,1000.0,200.0
1/9/2019,300.0,200.0,2400.0,300.0,1000.0,100.0
1/10/2019,800.0,560.0,1200.0,200.0,1300.0,100.0
1/11/2019,533.0,300.0,1200.0,0.0,600.0,0.0
1/12/2019,666.0,500.0,2120.0,0.0,1000.0,0.0
1/13/2019,833.0,459.99999999999994,400.0,100.0,100.0,200.0
1/14/2019,900.0,300.0,1000.0,0.0,1800.0,0.0
1/15/2019,433.0,365.0,900.0,0.0,1900.0,100.0
1/16/2019,750.0,600.0,1200.0,0.0,1700.0,500.0
1/17/2019,534.0,370.0,1000.0,300.0,800.0,100.0
1/18/2019,633.0,400.0,1300.0,0.0,2400.0,200.0
1/19/2019,702.0,550.0,900.0,0.0,100.0,300.0
1/20/2019,1167.0,210.0,600.0,0.0,3400.0,100.0
1/21/2019,434.0,0.0,1100.0,0.0,3100.0,0.0
1/22/2019,683.0,100.0,1300.0,100.0,700.0,0.0
1/23/2019,333.0,710.0,400.0,0.0,2300.0,200.0
1/24/2019,400.0,600.0,700.0,400.0,200.0,300.0
1/25/2019,233.0,400.0,1100.0,200.0,1100.0,100.0
1/26/2019,700.0,240.0,1100.0,100.0,1300.0,100.0
1/27/2019,1052.0,200.0,1200.0,100.0,600.0,200.0
1/28/2019,850.0,300.0,1100.0,0.0,2800.0,300.0
1/29/2019,500.0,345.0,1000.0,200.0,1500.0,0.0
1/30/2019,633.0,225.0,800.0,0.0,1100.0,130.0
1/31/2019,167.0,200.0,800.0,100.0,2000.0,200.0
2/1/2019,1134.0,800.0,900.0,0.0,700.0,300.0
2/2/2019,1334.0,620.0,800.0,100.0,4500.0,0.0
2/3/2019,600.0,575.0,1000.0,100.0,500.0,440.00000000000006
2/4/2019,633.0,300.0,500.0,100.0,1200.0,200.0
2/5/2019,533.0,365.0,200.0,0.0,100.0,400.0
2/6/2019,634.0,220.00000000000003,400.0,0.0,400.0,150.0
2/7/2019,233.0,450.0,1100.0,0.0,2200.0,100.0
2/8/2019,200.0,700.0,900.0,300.0,1200.0,500.0
2/9/2019,668.0,500.0,1000.0,0.0,1100.0,100.0
2/10/2019,334.0,335.0,900.0,0.0,0.0,120.0
2/11/2019,800.0,615.0,1000.0,0.0,500.0,300.0
2/12/2019,666.0,0.0,819.9999999999999,0.0,600.0,50.0
2/13/2019,400.0,100.0,1600.0,0.0,800.0,200.0
2/14/2019,233.0,315.0,900.0,0.0,700.0,300.0
2/15/2019,534.0,1250.0,1600.0,0.0,300.0,200.0
2/16/2019,634.0,500.0,800.0,0.0,600.0,300.0
2/17/2019,234.0,400.0,1120.0,0.0,0.0,310.0
2/18/2019,334.0,360.0,700.0,0.0,1000.0,0.0
2/19/2019,333.0,150.0,1500.0,200.0,600.0,300.0
2/20/2019,234.0,330.0,1400.0,0.0,700.0,300.0
2/21/2019,166.0,210.0,1500.0,100.0,500.0,200.0
2/22/2019,233.0,120.0,500.0,0.0,100.0,200.0
2/23/2019,501.0,320.0,1300.0,0.0,0.0,130.0
2/24/2019,434.0,150.0,200.0,0.0,200.0,200.0
2/25/2019,534.0,300.0,400.0,200.0,200.0,300.0
2/26/2019,233.0,515.0,800.0,0.0,300.0,300.0
2/27/2019,500.0,120.0,900.0,0.0,100.0,750.0
2/28/2019,67.0,400.0,200.0,100.0,3500.0,300.0
3/1/2019,133.0,250.0,1200.0,0.0,600.0,200.0
3/2/2019,401.0,400.0,900.0,300.0,0.0,500.0
3/3/2019,800.0,100.0,500.0,0.0,1000.0,40.0
3/4/2019,533.0,700.0,300.0,0.0,500.0,200.0
3/5/2019,301.0,20.0,800.0,300.0,600.0,530.0
3/6/2019,34.0,70.0,1700.0,100.0,500.0,300.0
3/7/2019,733.0,425.0,2400.0,0.0,0.0,400.0
3/8/2019,233.0,20.0,400.0,100.0,0.0,430.0
3/9/2019,634.0,400.0,1100.0,0.0,700.0,500.0
3/10/2019,583.0,535.0,500.0,0.0,300.0,900.0
3/11/2019,1466.0,250.0,1000.0,300.0,1100.0,300.0
3/12/2019,433.0,150.0,1200.0,0.0,700.0,200.0
3/13/2019,267.0,600.0,1000.0,0.0,800.0,400.0
3/14/2019,400.0,20.0,1200.0,100.0,2700.0,600.0
3/15/2019,283.0,300.0,700.0,100.0,2000.0,500.0
3/16/2019,834.0,500.0,900.0,0.0,500.0,700.0
3/17/2019,668.0,200.0,600.0,0.0,1000.0,500.0
3/18/2019,233.0,210.0,1100.0,0.0,100.0,900.0
3/19/2019,900.0,150.0,1000.0,100.0,200.0,800.0
3/20/2019,567.0,200.0,819.9999999999999,0.0,1900.0,500.0
3/21/2019,233.0,0.0,1300.0,0.0,600.0,500.0
3/22/2019,466.0,110.00000000000001,1300.0,0.0,2900.0,600.0
3/23/2019,600.0,425.0,700.0,0.0,100.0,500.0
3/24/2019,600.0,300.0,620.0,100.0,1600.0,1000.0
3/25/2019,484.0,600.0,1100.0,100.0,600.0,600.0
3/26/2019,400.0,300.0,1100.0,0.0,1900.0,900.0
3/27/2019,634.0,300.0,1200.0,100.0,0.0,900.0
3/28/2019,133.0,140.0,600.0,0.0,700.0,100.0
3/29/2019,300.0,400.0,1000.0,0.0,1600.0,919.9999999999999
3/30/2019,466.0,110.00000000000001,1100.0,100.0,0.0,610.0
3/31/2019,700.0,150.0,800.0,100.0,500.0,919.9999999999999
4/1/2019,301.0,300.0,1200.0,0.0,500.0,500.0
4/2/2019,767.0,300.0,700.0,0.0,1000.0,800.0
4/3/2019,533.0,150.0,1200.0,0.0,400.0,930.0000000000001
4/4/2019,450.0,800.0,800.0,100.0,1300.0,1500.0
4/5/2019,634.0,400.0,700.0,0.0,300.0,400.0
4/6/2019,334.0,300.0,1300.0,0.0,1600.0,930.0000000000001
4/7/2019,600.0,400.0,300.0,0.0,0.0,700.0
4/8/2019,500.0,330.0,819.9999999999999,0.0,400.0,300.0
4/9/2019,283.0,100.0,1000.0,0.0,300.0,500.0
4/10/2019,234.0,200.0,1620.0,300.0,900.0,800.0
4/11/2019,733.0,200.0,1500.0,0.0,700.0,800.0
4/12/2019,433.0,409.99999999999994,1600.0,0.0,600.0,700.0
4/13/2019,450.0,110.00000000000001,400.0,0.0,600.0,400.0
4/14/2019,400.0,100.0,300.0,100.0,700.0,550.0
4/15/2019,466.0,530.0,1700.0,200.0,300.0,500.0
4/16/2019,200.0,200.0,1200.0,300.0,100.0,300.0
4/17/2019,700.0,125.0,1100.0,100.0,2400.0,500.0
4/18/2019,0.0,0.0,0.0,0.0,0.0,0.0
4/19/2019,334.0,150.0,1700.0,0.0,600.0,200.0
4/20/2019,900.0,150.0,1200.0,300.0,0.0,600.0
4/21/2019,384.0,300.0,1100.0,0.0,200.0,1220.0
4/22/2019,867.0,450.0,1200.0,0.0,3100.0,900.0
4/23/2019,900.0,610.0,600.0,100.0,400.0,200.0
4/24/2019,234.0,300.0,1300.0,300.0,1200.0,200.0
4/25/2019,1401.0,200.0,1700.0,100.0,700.0,540.0
4/26/2019,634.0,325.0,600.0,0.0,100.0,1100.0
4/27/2019,1734.0,310.0,1300.0,100.0,700.0,700.0
4/28/2019,0.0,0.0,0.0,0.0,0.0,0.0
4/29/2019,533.0,260.0,500.0,0.0,0.0,300.0
4/30/2019,200.0,800.0,1300.0,200.0,2800.0,840.0
5/1/2019,234.0,100.0,100.0,0.0,100.0,300.0
5/2/2019,168.0,550.0,1500.0,100.0,300.0,900.0
5/3/2019,401.0,300.0,1100.0,300.0,1600.0,800.0
5/4/2019,900.0,425.0,500.0,100.0,1600.0,900.0
5/5/2019,700.0,420.0,200.0,0.0,0.0,500.0
5/6/2019,468.0,200.0,1100.0,200.0,900.0,300.0
5/7/2019,266.0,100.0,1900.0,0.0,600.0,500.0
5/8/2019,900.0,300.0,1500.0,200.0,2000.0,0.0
5/9/2019,500.0,210.0,1000.0,100.0,3100.0,400.0
5/10/2019,500.0,550.0,1300.0,200.0,2600.0,200.0
5/11/2019,534.0,550.0,900.0,0.0,1200.0,500.0
5/12/2019,467.0,310.0,200.0,100.0,1900.0,500.0
5/13/2019,500.0,200.0,1100.0,0.0,1100.0,300.0
5/14/2019,667.0,400.0,500.0,0.0,1100.0,300.0
5/15/2019,400.0,415.00000000000006,700.0,0.0,500.0,300.0
5/16/2019,500.0,200.0,900.0,100.0,1629.1666670000002,500.0
5/17/2019,266.0,240.0,1800.0,200.0,400.0,220.00000000000003
5/18/2019,1000.0,509.99999999999994,900.0,200.0,500.0,300.0
5/19/2019,667.0,400.0,900.0,0.0,900.0,420.0
5/20/2019,367.0,500.0,1100.0,400.0,1300.0,500.0
5/21/2019,534.0,509.99999999999994,1220.0,0.0,100.0,700.0
5/22/2019,816.0,315.0,800.0,0.0,900.0,500.0
5/23/2019,233.0,200.0,400.0,0.0,1000.0,600.0
5/24/2019,534.0,300.0,800.0,100.0,500.0,300.0
5/25/2019,1100.0,409.99999999999994,400.0,0.0,1600.0,200.0
5/26/2019,633.0,200.0,260.0,0.0,1100.0,600.0
5/27/2019,467.0,120.0,800.0,0.0,0.0,200.0
5/28/2019,433.0,630.0,1000.0,200.0,500.0,600.0
5/29/2019,550.0,405.0,1000.0,100.0,0.0,300.0
5/30/2019,500.0,340.0,500.0,0.0,600.0,400.0
5/31/2019,599.0,100.0,200.0,0.0,200.0,500.0
6/1/2019,300.0,600.0,100.0,0.0,800.0,400.0
6/2/2019,400.0,305.0,400.0,100.0,600.0,400.0
6/3/2019,33.0,400.0,400.0,0.0,500.0,1000.0
6/4/2019,634.0,535.0,900.0,100.0,1200.0,500.0
6/5/2019,500.0,210.0,700.0,0.0,100.0,200.0
6/6/2019,767.0,635.0,700.0,200.0,1100.0,400.0
6/7/2019,600.0,200.0,600.0,0.0,1600.0,0.0
6/8/2019,300.0,100.0,1200.0,0.0,0.0,210.0
6/9/2019,933.0,800.0,700.0,400.0,0.0,500.0
6/10/2019,300.0,200.0,700.0,0.0,600.0,1200.0
6/11/2019,1134.0,1050.0,900.0,0.0,700.0,600.0
6/12/2019,800.0,100.0,1100.0,0.0,100.0,700.0
6/13/2019,68.0,25.0,200.0,0.0,200.0,900.0
6/14/2019,318.0,300.0,200.0,100.0,0.0,600.0
6/15/2019,700.0,500.0,1300.0,0.0,700.0,800.0
6/16/2019,400.0,300.0,200.0,0.0,0.0,900.0
6/17/2019,666.0,300.0,600.0,0.0,200.0,234.0
6/18/2019,500.0,300.0,800.0,0.0,200.0,1210.0
6/19/2019,367.0,300.0,600.0,100.0,200.0,550.0
6/20/2019,500.0,300.0,900.0,400.0,0.0,400.0
6/21/2019,300.0,300.0,800.0,300.0,400.0,600.0
6/22/2019,300.0,0.0,1100.0,200.0,1200.0,500.0
6/23/2019,933.0,550.0,100.0,0.0,1000.0,100.0
6/24/2019,1000.0,310.0,900.0,300.0,300.0,700.0
6/25/2019,234.0,500.0,1000.0,100.0,0.0,300.0
6/26/2019,200.0,100.0,500.0,100.0,0.0,500.0
6/27/2019,816.0,400.0,500.0,100.0,700.0,200.0
6/28/2019,433.0,200.0,500.0,0.0,200.0,300.0
6/29/2019,118.0,500.0,200.0,0.0,500.0,200.0
6/30/2019,600.0,0.0,500.0,0.0,1100.0,500.0
7/1/2019,533.0,100.0,700.0,0.0,800.0,400.0
7/2/2019,566.0,400.0,900.0,0.0,100.0,430.0
7/3/2019,400.0,400.0,900.0,0.0,100.0,400.0
7/4/2019,533.0,0.0,700.0,100.0,300.0,650.0
7/5/2019,433.0,400.0,1100.0,0.0,0.0,200.0
7/6/2019,434.0,300.0,200.0,0.0,100.0,300.0
7/7/2019,566.0,300.0,200.0,0.0,300.0,500.0
7/8/2019,600.0,200.0,919.9999999999999,100.0,400.0,400.0
7/9/2019,267.0,800.0,1200.0,400.0,300.0,200.0
7/10/2019,1000.0,500.0,1019.9999999999999,0.0,100.0,400.0
7/11/2019,333.0,400.0,700.0,0.0,0.0,300.0
7/12/2019,1100.0,405.0,720.0,0.0,200.0,200.0
7/13/2019,500.0,100.0,500.0,300.0,0.0,500.0
7/14/2019,600.0,400.0,300.0,0.0,500.0,100.0
7/15/2019,733.0,455.0,600.0,100.0,0.0,700.0
7/16/2019,700.0,300.0,700.0,0.0,200.0,400.0
7/17/2019,399.0,250.0,700.0,100.0,0.0,200.0
7/18/2019,1100.0,130.0,1100.0,0.0,300.0,300.0
7/19/2019,733.0,400.0,1500.0,0.0,300.0,700.0
7/20/2019,434.0,100.0,400.0,0.0,600.0,200.0
7/21/2019,634.0,110.00000000000001,500.0,0.0,100.0,300.0
7/22/2019,100.0,200.0,1000.0,0.0,0.0,600.0
7/23/2019,134.0,520.0,1100.0,0.0,700.0,240.0
7/24/2019,800.0,200.0,1900.0,0.0,200.0,100.0
7/25/2019,600.0,500.0,900.0,100.0,1100.0,200.0
7/26/2019,1250.0,10.0,1200.0,0.0,800.0,300.0
7/27/2019,334.0,100.0,600.0,300.0,200.0,340.0
7/28/2019,434.0,400.0,300.0,100.0,0.0,60.0
7/29/2019,900.0,200.0,1200.0,0.0,100.0,200.0
7/30/2019,950.0,500.0,900.0,400.0,3300.0,500.0
7/31/2019,0.0,200.0,400.0,0.0,400.0,200.0
8/1/2019,867.0,200.0,600.0,0.0,100.0,200.0
8/2/2019,500.0,300.0,700.0,200.0,600.0,100.0
8/3/2019,534.0,229.99999999999997,600.0,500.0,100.0,340.0
8/4/2019,650.0,500.0,1000.0,0.0,200.0,430.0
8/5/2019,400.0,430.0,700.0,100.0,500.0,0.0
8/6/2019,1000.0,200.0,400.0,0.0,600.0,600.0
8/7/2019,600.0,200.0,700.0,0.0,2100.0,300.0
8/8/2019,766.0,300.0,1000.0,0.0,3100.0,300.0
8/9/2019,300.0,0.0,1300.0,500.0,100.0,500.0
8/10/2019,333.0,600.0,1100.0,0.0,0.0,0.0
8/11/2019,700.0,400.0,500.0,200.0,200.0,300.0
8/12/2019,833.0,100.0,1100.0,100.0,500.0,350.0
8/13/2019,800.0,200.0,300.0,0.0,200.0,100.0
8/14/2019,434.0,310.0,600.0,0.0,0.0,300.0
8/15/2019,867.0,200.0,900.0,0.0,1100.0,200.0
8/16/2019,333.0,200.0,1500.0,0.0,1000.0,700.0
8/17/2019,767.0,245.00000000000003,500.0,100.0,0.0,250.0
8/18/2019,484.0,100.0,400.0,0.0,700.0,400.0
8/19/2019,368.0,400.0,1100.0,200.0,0.0,400.0
8/20/2019,200.0,200.0,800.0,0.0,200.0,300.0
8/21/2019,434.0,0.0,1000.0,0.0,500.0,300.0
8/22/2019,534.0,200.0,800.0,200.0,1000.0,300.0
8/23/2019,967.0,405.0,1100.0,200.0,400.0,200.0
8/24/2019,1384.0,300.0,900.0,0.0,0.0,550.0
8/25/2019,300.0,200.0,400.0,0.0,300.0,0.0
8/26/2019,267.0,300.0,1100.0,0.0,300.0,300.0
8/27/2019,234.0,300.0,300.0,0.0,0.0,500.0
8/28/2019,333.0,500.0,600.0,100.0,0.0,200.0
8/29/2019,900.0,500.0,900.0,100.0,100.0,200.0
8/30/2019,634.0,200.0,300.0,0.0,200.0,509.99999999999994
8/31/2019,468.0,200.0,500.0,100.0,400.0,600.0
9/1/2019,200.0,500.0,819.9999999999999,100.0,500.0,400.0
9/2/2019,533.0,250.0,700.0,0.0,100.0,900.0
9/3/2019,936.0,310.0,800.0,300.0,100.0,200.0
9/4/2019,200.0,215.0,700.0,0.0,300.0,300.0
9/5/2019,700.0,200.0,100.0,0.0,100.0,800.0
9/6/2019,168.0,100.0,700.0,0.0,0.0,150.0
9/7/2019,833.0,200.0,1400.0,300.0,600.0,200.0
9/8/2019,701.0,300.0,700.0,0.0,300.0,300.0
9/9/2019,118.0,300.0,400.0,300.0,500.0,200.0
9/10/2019,866.0,420.0,1700.0,0.0,100.0,100.0
9/11/2019,267.0,300.0,500.0,0.0,500.0,250.0
9/12/2019,233.0,200.0,1120.0,0.0,1000.0,400.0
9/13/2019,634.0,200.0,1200.0,200.0,500.0,500.0
9/14/2019,899.0,345.0,1200.0,0.0,200.0,1000.0
9/15/2019,534.0,200.0,600.0,0.0,200.0,600.0
9/16/2019,933.0,300.0,500.0,100.0,0.0,200.0
9/17/2019,450.0,650.0,819.9999999999999,0.0,600.0,200.0
9/18/2019,633.0,700.0,400.0,0.0,200.0,200.0
9/19/2019,733.0,300.0,500.0,200.0,300.0,400.0
9/20/2019,534.0,200.0,300.0,0.0,100.0,300.0
9/21/2019,1068.0,100.0,300.0,0.0,600.0,400.0
9/22/2019,333.0,190.0,300.0,0.0,800.0,400.0
9/23/2019,534.0,330.0,600.0,0.0,100.0,400.0
9/24/2019,200.0,600.0,1200.0,0.0,100.0,600.0
9/25/2019,600.0,420.0,1400.0,100.0,141.6666667,400.0
9/26/2019,550.0,200.0,1300.0,0.0,3100.0,0.0
9/27/2019,466.0,400.0,400.0,0.0,200.0,400.0
9/28/2019,700.0,409.99999999999994,620.0,0.0,100.0,300.0
9/29/2019,351.0,300.0,600.0,0.0,300.0,210.0
9/30/2019,200.0,210.0,900.0,0.0,500.0,200.0
10/1/2019,1134.0,10.0,1500.0,400.0,1700.0,150.0
10/2/2019,518.0,280.0,900.0,100.0,0.0,110.00000000000001
10/3/2019,500.0,400.0,1000.0,0.0,200.0,200.0
10/4/2019,734.0,225.0,1300.0,0.0,100.0,100.0
10/5/2019,384.0,600.0,700.0,0.0,0.0,33.0
10/6/2019,400.0,200.0,600.0,0.0,500.0,420.0
10/7/2019,734.0,300.0,600.0,0.0,1000.0,100.0
10/8/2019,33.0,50.0,2000.0,200.0,200.0,0.0
