Data,Venda,Produto,Ano,Mes
2019-01-05,27314.243373017427,Produto A,2019,1
2019-01-06,21806.834807386847,Produto A,2019,1
2019-01-07,24143.143979818975,Produto A,2019,1
2019-01-08,29239.726738375488,Produto A,2019,1
2019-01-09,27732.199164225567,Produto A,2019,1
2019-01-10,16244.751921059053,Produto A,2019,1
2019-01-11,24027.45702996833,Produto A,2019,1
2019-01-12,19579.819592893895,Produto A,2019,1
2019-01-13,19774.202276457614,Produto A,2019,1
2019-01-14,21848.996750827147,Produto A,2019,1
2019-01-15,20772.647940347622,Produto A,2019,1
2019-01-16,26063.356421116496,Produto A,2019,1
2019-01-17,23264.07033414356,Produto A,2019,1
2019-01-18,20682.32371659804,Produto A,2019,1
2019-01-19,21983.31973382603,Produto A,2019,1
2019-01-20,21538.37693393729,Produto A,2019,1
2019-01-21,26224.091297410414,Produto A,2019,1
2019-01-22,19362.570930913695,Produto A,2019,1
2019-01-23,21455.16737926634,Produto A,2019,1
2019-01-24,16742.161404699636,Produto A,2019,1
2019-01-25,9882.02712366199,Produto A,2019,1
2019-01-26,22830.311888388176,Produto A,2019,1
2019-01-27,23681.593370994688,Produto A,2019,1
2019-01-28,17194.13764759879,Produto A,2019,1
2019-01-29,29356.26917166196,Produto A,2019,1
2019-01-30,14318.271405970188,Produto A,2019,1
2019-01-31,20375.77289286324,Produto A,2019,1
2019-02-01,19436.151613595684,Produto A,2019,2
2019-02-02,26381.362467579453,Produto A,2019,2
2019-02-03,26125.270712857353,Produto A,2019,2
2019-02-04,20817.677704964146,Produto A,2019,2
2019-02-05,21719.020254153576,Produto A,2019,2
2019-02-06,16607.121151069605,Produto A,2019,2
2019-02-07,12193.543861311782,Produto A,2019,2
2019-02-08,18787.130741020996,Produto A,2019,2
2019-02-09,20823.33713724187,Produto A,2019,2
2019-02-10,25159.913768778537,Produto A,2019,2
2019-02-11,25047.209829391453,Produto A,2019,2
2019-02-12,18627.974311306687,Produto A,2019,2
2019-02-13,18971.301493176798,Produto A,2019,2
2019-02-14,15957.94312705908,Produto A,2019,2
2019-02-15,14457.967569671298,Produto A,2019,2
2019-02-16,13302.080970256198,Produto A,2019,2
2019-02-17,28069.231045945966,Produto A,2019,2
2019-02-18,18134.024490086824,Produto A,2019,2
2019-02-19,18423.055970094032,Produto A,2019,2
2019-02-20,15133.212336118399,Produto A,2019,2
2019-02-21,23331.50605684925,Produto A,2019,2
2019-02-22,13675.080491560992,Produto A,2019,2
2019-02-23,19332.954748495995,Produto A,2019,2
2019-02-24,16576.10602589994,Produto A,2019,2
2019-02-25,21754.3122863557,Produto A,2019,2
2019-02-26,18129.36885449689,Produto A,2019,2
2019-02-27,15424.6072405137,Produto A,2019,2
2019-02-28,20078.20016196851,Produto A,2019,2
2019-03-01,21922.604093201826,Produto A,2019,3
2019-03-02,20461.596543983233,Produto A,2019,3
2019-03-03,21414.38152307324,Produto A,2019,3
2019-03-04,17631.60738571627,Produto A,2019,3
2019-03-05,18728.251171743934,Produto A,2019,3
2019-03-06,17477.60471188071,Produto A,2019,3
2019-03-07,18741.124333699296,Produto A,2019,3
2019-03-08,16909.515313104494,Produto A,2019,3
2019-03-09,13222.27085178469,Produto A,2019,3
2019-03-10,20909.44676242065,Produto A,2019,3
2019-03-11,18570.60857959104,Produto A,2019,3
2019-03-12,13610.259074951113,Produto A,2019,3
2019-03-13,22061.71474781308,Produto A,2019,3
2019-03-14,16529.329204620466,Produto A,2019,3
2019-03-15,20402.755508224807,Produto A,2019,3
2019-03-16,23137.067690072894,Produto A,2019,3
2019-03-17,20713.832993638425,Produto A,2019,3
2019-03-18,24793.899964185846,Produto A,2019,3
2019-03-19,15206.77333741195,Produto A,2019,3
2019-03-20,21817.655547074944,Produto A,2019,3
2019-03-21,17427.736852783015,Produto A,2019,3
2019-03-22,16676.72111160356,Produto A,2019,3
2019-03-23,17855.605053681287,Produto A,2019,3
2019-03-24,18934.95087526967,Produto A,2019,3
2019-03-25,20419.79565192371,Produto A,2019,3
2019-03-26,15488.124942916807,Produto A,2019,3
2019-03-27,23830.537354321008,Produto A,2019,3
2019-03-28,22073.344931631596,Produto A,2019,3
2019-03-29,13989.64799481257,Produto A,2019,3
2019-03-30,26202.56235854663,Produto A,2019,3
2019-03-31,27848.600492811496,Produto A,2019,3
2019-04-01,24953.91190834267,Produto A,2019,4
2019-04-02,19467.46351298973,Produto A,2019,4
2019-04-03,15870.30091434043,Produto A,2019,4
2019-04-04,24451.876073347932,Produto A,2019,4
2019-04-05,18565.9714881223,Produto A,2019,4
2019-04-06,25130.233194204244,Produto A,2019,4
2019-04-07,21035.014361474365,Produto A,2019,4
2019-04-08,24137.66842932123,Produto A,2019,4
2019-04-09,21633.007511790238,Produto A,2019,4
2019-04-10,23047.142453159086,Produto A,2019,4
2019-04-11,20236.399083670673,Produto A,2019,4
2019-04-12,27405.345054391764,Produto A,2019,4
2019-04-13,20706.471030337216,Produto A,2019,4
2019-04-14,21817.233049589704,Produto A,2019,4
2019-04-15,27798.162514713153,Produto A,2019,4
2019-04-16,14751.7489111068,Produto A,2019,4
2019-04-17,15063.781576114607,Produto A,2019,4
2019-04-18,24108.42390754205,Produto A,2019,4
2019-04-19,15456.927690149023,Produto A,2019,4
2019-04-20,28042.342347651844,Produto A,2019,4
2019-04-21,18523.80655569214,Produto A,2019,4
2019-04-22,17175.77747140222,Produto A,2019,4
2019-04-23,27958.839902927793,Produto A,2019,4
2019-04-24,26172.318727812206,Produto A,2019,4
2019-04-25,27735.20308220249,Produto A,2019,4
2019-04-26,23852.608330116003,Produto A,2019,4
2019-04-27,16716.370683749108,Produto A,2019,4
2019-04-28,27906.8422806139,Produto A,2019,4
2019-04-29,19111.802388098327,Produto A,2019,4
2019-04-30,23434.318926225842,Produto A,2019,4
2019-05-01,24020.003445870392,Produto A,2019,5
2019-05-02,19569.06924409921,Produto A,2019,5
2019-05-03,22674.65249745747,Produto A,2019,5
2019-05-04,23918.870539785636,Produto A,2019,5
2019-05-05,21715.00629480643,Produto A,2019,5
2019-05-06,15755.619607621022,Produto A,2019,5
2019-05-07,21399.285747444053,Produto A,2019,5
2019-05-08,25550.946250822228,Produto A,2019,5
2019-05-09,17390.334982404747,Produto A,2019,5
2019-05-10,19590.775726156866,Produto A,2019,5
2019-05-11,18437.84995814803,Produto A,2019,5
2019-05-12,27662.32693559958,Produto A,2019,5
2019-05-13,22909.726228816216,Produto A,2019,5
2019-05-14,21840.330894741604,Produto A,2019,5
2019-05-15,17086.078891389814,Produto A,2019,5
2019-05-16,22372.488234436358,Produto A,2019,5
2019-05-17,17472.04471626552,Produto A,2019,5
2019-05-18,20323.53179431183,Produto A,2019,5
2019-05-19,17627.45353550608,Produto A,2019,5
2019-05-20,22926.437644993966,Produto A,2019,5
2019-05-21,22523.27371749113,Produto A,2019,5
2019-05-22,19353.88962497606,Produto A,2019,5
2019-05-23,21794.075105727723,Produto A,2019,5
2019-05-24,15781.217627746217,Produto A,2019,5
2019-05-25,14173.301840654765,Produto A,2019,5
2019-05-26,21969.2636897062,Produto A,2019,5
2019-05-27,20868.027574314274,Produto A,2019,5
2019-05-28,22759.256942170327,Produto A,2019,5
2019-05-29,29818.138600900595,Produto A,2019,5
2019-05-30,24008.80816846729,Produto A,2019,5
2019-05-31,16509.023853656487,Produto A,2019,5
2019-06-01,24706.511771331054,Produto A,2019,6
2019-06-02,14882.365876354479,Produto A,2019,6
2019-06-03,18332.121365758205,Produto A,2019,6
2019-06-04,19920.44039769914,Produto A,2019,6
2019-06-05,27114.477910020145,Produto A,2019,6
2019-06-06,17188.680028568397,Produto A,2019,6
2019-06-07,16858.8411808949,Produto A,2019,6
2019-06-08,19798.448706370105,Produto A,2019,6
2019-06-09,17516.87467966981,Produto A,2019,6
2019-06-10,24745.355853466077,Produto A,2019,6
2019-06-11,15835.236569228497,Produto A,2019,6
2019-06-12,15562.521581563968,Produto A,2019,6
2019-06-13,18428.082659321975,Produto A,2019,6
2019-06-14,18184.944964104474,Produto A,2019,6
2019-06-15,27987.450433312988,Produto A,2019,6
2019-06-16,24029.76121836622,Produto A,2019,6
2019-06-17,20549.531912713403,Produto A,2019,6
2019-06-18,15247.69137496378,Produto A,2019,6
2019-06-19,23605.53769870945,Produto A,2019,6
2019-06-20,16157.130427240936,Produto A,2019,6
2019-06-21,13958.214311212005,Produto A,2019,6
2019-06-22,24993.264301518593,Produto A,2019,6
2019-06-23,21475.814266952544,Produto A,2019,6
2019-06-24,23914.427930426944,Produto A,2019,6
2019-06-25,21483.02226258392,Produto A,2019,6
2019-06-26,23655.882010863064,Produto A,2019,6
2019-06-27,17567.15865425401,Produto A,2019,6
2019-06-28,16019.727404874331,Produto A,2019,6
2019-06-29,22948.27866482121,Produto A,2019,6
2019-06-30,16951.83177606603,Produto A,2019,6
2019-07-01,17412.59799744469,Produto A,2019,7
2019-07-02,18357.55975079697,Produto A,2019,7
2019-07-03,20267.58084414318,Produto A,2019,7
2019-07-04,18767.57258635843,Produto A,2019,7
2019-07-05,14644.946677178039,Produto A,2019,7
2019-07-06,17598.068889360788,Produto A,2019,7
2019-07-07,11218.898071317764,Produto A,2019,7
2019-07-08,22721.684599247783,Produto A,2019,7
2019-07-09,13727.891186659952,Produto A,2019,7
2019-07-10,15737.500075387916,Produto A,2019,7
2019-07-11,20407.642590055813,Produto A,2019,7
2019-07-12,17210.644620571875,Produto A,2019,7
2019-07-13,26427.6929362524,Produto A,2019,7
2019-07-14,14976.443798536715,Produto A,2019,7
2019-07-15,21275.351410432002,Produto A,2019,7
2019-07-16,20038.375979997374,Produto A,2019,7
2019-07-17,15480.238456121046,Produto A,2019,7
2019-07-18,22309.99115522722,Produto A,2019,7
2019-07-19,19504.295914524562,Produto A,2019,7
2019-07-20,23313.49024580079,Produto A,2019,7
2019-07-21,23522.309773705547,Produto A,2019,7
2019-07-22,28932.146763195426,Produto A,2019,7
2019-07-23,25593.899859824152,Produto A,2019,7
2019-07-24,18706.243738388413,Produto A,2019,7
2019-07-25,19230.386880948412,Produto A,2019,7
2019-07-26,24637.425448192163,Produto A,2019,7
2019-07-27,22842.95494465785,Produto A,2019,7
2019-07-28,22781.85110238208,Produto A,2019,7
2019-07-29,13667.731493072852,Produto A,2019,7
2019-07-30,20098.771109677098,Produto A,2019,7
2019-07-31,17216.831188627428,Produto A,2019,7
2019-08-01,21328.335530936598,Produto A,2019,8
2019-08-02,19801.668726621734,Produto A,2019,8
2019-08-03,23873.302430877884,Produto A,2019,8
2019-08-04,21478.927152942477,Produto A,2019,8
2019-08-05,23373.192310996048,Produto A,2019,8
2019-08-06,18314.59968738026,Produto A,2019,8
2019-08-07,16384.326018602107,Produto A,2019,8
2019-08-08,18542.21933884811,Produto A,2019,8
2019-08-09,20129.271568827502,Produto A,2019,8
2019-08-10,21729.01470817142,Produto A,2019,8
2019-08-11,29321.089542889662,Produto A,2019,8
2019-08-12,20027.365621594327,Produto A,2019,8
2019-08-13,16337.894088010165,Produto A,2019,8
2019-08-14,18800.925589725877,Produto A,2019,8
2019-08-15,18325.99945437907,Produto A,2019,8
2019-08-16,22142.22219109724,Produto A,2019,8
2019-08-17,13976.261655672606,Produto A,2019,8
2019-08-18,20453.451932580938,Produto A,2019,8
2019-08-19,20829.97340030419,Produto A,2019,8
2019-08-20,21135.54702417671,Produto A,2019,8
2019-08-21,17786.037713517868,Produto A,2019,8
2019-08-22,19237.272055326004,Produto A,2019,8
2019-08-23,14447.642049528537,Produto A,2019,8
2019-08-24,18205.974310983464,Produto A,2019,8
2019-08-25,18005.925359844492,Produto A,2019,8
2019-08-26,21878.010086803635,Produto A,2019,8
2019-08-27,15529.335340303116,Produto A,2019,8
2019-08-28,23352.47793470495,Produto A,2019,8
2019-08-29,26232.72859065615,Produto A,2019,8
2019-08-30,11839.400468995356,Produto A,2019,8
2019-08-31,21919.23275488197,Produto A,2019,8
2019-09-01,22932.35464545213,Produto A,2019,9
2019-09-02,17625.0292908201,Produto A,2019,9
2019-09-03,18594.816413740315,Produto A,2019,9
2019-09-04,19662.428227703873,Produto A,2019,9
2019-09-05,18996.520428975822,Produto A,2019,9
2019-09-06,18951.20563098772,Produto A,2019,9
2019-09-07,13431.296630039555,Produto A,2019,9
2019-09-08,24852.11485859424,Produto A,2019,9
2019-09-09,24558.499874644684,Produto A,2019,9
2019-09-10,16914.635121333427,Produto A,2019,9
2019-09-11,14277.57856433345,Produto A,2019,9
2019-09-12,22303.05997111624,Produto A,2019,9
2019-09-13,17873.96817789484,Produto A,2019,9
2019-09-14,20772.20687348931,Produto A,2019,9
2019-09-15,18909.551851568107,Produto A,2019,9
2019-09-16,22991.433476821414,Produto A,2019,9
2019-09-17,23004.397042082954,Produto A,2019,9
2019-09-18,17269.037785764045,Produto A,2019,9
2019-09-19,14612.976348114766,Produto A,2019,9
2019-09-20,13807.09475156094,Produto A,2019,9
2019-09-21,22663.711932834896,Produto A,2019,9
2019-09-22,15398.386317068092,Produto A,2019,9
2019-09-23,18152.475561341897,Produto A,2019,9
2019-09-24,17791.08391273685,Produto A,2019,9
2019-09-25,19986.73325766357,Produto A,2019,9
2019-09-26,12380.302143991807,Produto A,2019,9
2019-09-27,20961.28797385348,Produto A,2019,9
2019-09-28,22314.471954242523,Produto A,2019,9
2019-09-29,20556.048387486346,Produto A,2019,9
2019-09-30,18943.641638681573,Produto A,2019,9
2019-10-01,20593.301871393345,Produto A,2019,10
2019-10-02,21811.349143694846,Produto A,2019,10
2019-10-03,9004.270449549187,Produto A,2019,10
2019-10-04,28097.9739007163,Produto A,2019,10
2019-10-05,21775.196837013846,Produto A,2019,10
2019-10-06,17565.574144321214,Produto A,2019,10
2019-10-07,18621.330270992465,Produto A,2019,10
2019-10-08,22193.729296936024,Produto A,2019,10
2019-10-09,19731.17229417923,Produto A,2019,10
2019-10-10,12000.096119098325,Produto A,2019,10
2019-10-11,28536.422174168933,Produto A,2019,10
2019-10-12,19753.636826095277,Produto A,2019,10
2019-10-13,24319.4574099084,Produto A,2019,10
2019-10-14,17405.502714646627,Produto A,2019,10
2019-10-15,26403.89054504453,Produto A,2019,10
2019-10-16,21356.255815747027,Produto A,2019,10
2019-10-17,22658.51140361187,Produto A,2019,10
2019-10-18,15979.266907498597,Produto A,2019,10
2019-10-19,25090.604679738746,Produto A,2019,10
2019-10-20,22985.485748391475,Produto A,2019,10
2019-10-21,25456.855074983465,Produto A,2019,10
2019-10-22,17663.782434167304,Produto A,2019,10
2019-10-23,18257.61249565534,Produto A,2019,10
2019-10-24,29503.215625247758,Produto A,2019,10
2019-10-25,15919.656107850393,Produto A,2019,10
2019-10-26,19651.03510866094,Produto A,2019,10
2019-10-27,24790.76732218968,Produto A,2019,10
2019-10-28,20594.613419632584,Produto A,2019,10
2019-10-29,22553.966958843797,Produto A,2019,10
2019-10-30,18587.024819836508,Produto A,2019,10
2019-10-31,21694.28567512828,Produto A,2019,10
2019-11-01,14925.24457269279,Produto A,2019,11
2019-11-02,26896.531684298243,Produto A,2019,11
2019-11-03,19723.853585770838,Produto A,2019,11
2019-11-04,17454.44041226072,Produto A,2019,11
2019-11-05,22891.85488524487,Produto A,2019,11
2019-11-06,18340.61349852502,Produto A,2019,11
2019-11-07,14813.264292475682,Produto A,2019,11
2019-11-08,14762.954711589471,Produto A,2019,11
2019-11-09,23002.455990562758,Produto A,2019,11
2019-11-10,19556.642456765374,Produto A,2019,11
2019-11-11,19661.113102058844,Produto A,2019,11
2019-11-12,24552.929488532147,Produto A,2019,11
2019-11-13,15650.87738424027,Produto A,2019,11
2019-11-14,17250.52323393184,Produto A,2019,11
2019-11-15,18646.85533052601,Produto A,2019,11
2019-11-16,20581.991717662346,Produto A,2019,11
2019-11-17,20030.711679688644,Produto A,2019,11
2019-11-18,19042.54951712955,Produto A,2019,11
2019-11-19,19952.152588337773,Produto A,2019,11
2019-11-20,19767.701294336235,Produto A,2019,11
2019-11-21,17295.23747902786,Produto A,2019,11
2019-11-22,16918.134312218637,Produto A,2019,11
2019-11-23,21309.497052489267,Produto A,2019,11
2019-11-24,16603.484894864057,Produto A,2019,11
2019-11-25,15527.599463387332,Produto A,2019,11
2019-11-26,18939.96388995445,Produto A,2019,11
2019-11-27,19564.340588730513,Produto A,2019,11
2019-11-28,29313.649482090168,Produto A,2019,11
2019-11-29,17355.42028609253,Produto A,2019,11
2019-11-30,24009.88680742682,Produto A,2019,11
2019-12-01,23219.146493518303,Produto A,2019,12
2019-12-02,15401.040270887315,Produto A,2019,12
2019-12-03,23324.3955227517,Produto A,2019,12
2019-12-04,15421.489974899383,Produto A,2019,12
2019-12-05,9464.26250296916,Produto A,2019,12
2019-12-06,22650.31823936318,Produto A,2019,12
2019-12-07,13111.71382407849,Produto A,2019,12
2019-12-08,22022.873356772285,Produto A,2019,12
2019-12-09,17439.96399493712,Produto A,2019,12
2019-12-10,26903.266115014707,Produto A,2019,12
2019-12-11,24516.640954438044,Produto A,2019,12
2019-12-12,18371.228124048095,Produto A,2019,12
2019-12-13,17424.511726666184,Produto A,2019,12
2019-12-14,15299.555446305942,Produto A,2019,12
2019-12-15,18421.554410802517,Produto A,2019,12
2019-12-16,19069.924510444955,Produto A,2019,12
2019-12-17,18729.367467746375,Produto A,2019,12
2019-12-18,20834.770167589806,Produto A,2019,12
2019-12-19,22538.06980782921,Produto A,2019,12
2019-12-20,21613.904697338436,Produto A,2019,12
2019-12-21,17116.386835265785,Produto A,2019,12
2019-12-22,14396.198028789227,Produto A,2019,12
2019-12-23,25711.97960263778,Produto A,2019,12
2019-12-24,17418.00419278735,Produto A,2019,12
2019-12-25,17568.038443462392,Produto A,2019,12
2019-12-26,18097.437556928115,Produto A,2019,12
2019-12-27,12759.685156467453,Produto A,2019,12
2019-12-28,18271.940971684515,Produto A,2019,12
2019-12-29,18265.149823035907,Produto A,2019,12
2019-12-30,22707.006808711107,Produto A,2019,12
2019-12-31,23022.369968095423,Produto A,2019,12
2020-01-01,20216.23439190853,Produto A,2020,1
2020-01-02,23965.667431421785,Produto A,2020,1
2020-01-03,21574.4585345571,Produto A,2020,1
2020-01-04,20137.644269125678,Produto A,2020,1
2020-01-05,20851.14979992482,Produto A,2020,1
2020-01-06,19430.759885931147,Produto A,2020,1
2020-01-07,18605.807963304862,Produto A,2020,1
2020-01-08,19119.356510948375,Produto A,2020,1
2020-01-09,15643.834220861172,Produto A,2020,1
2020-01-10,21333.984489477836,Produto A,2020,1
2020-01-11,16188.780611844495,Produto A,2020,1
2020-01-12,23601.19030685749,Produto A,2020,1
2020-01-13,19193.187336149764,Produto A,2020,1
2020-01-14,20400.959725866367,Produto A,2020,1
2020-01-15,22196.10057617506,Produto A,2020,1
2020-01-16,22799.990438854227,Produto A,2020,1
2020-01-17,13855.68142912085,Produto A,2020,1
2020-01-18,19365.109148297553,Produto A,2020,1
2020-01-19,23756.92280480636,Produto A,2020,1
2020-01-20,13340.652489493692,Produto A,2020,1
2020-01-21,21765.613120596056,Produto A,2020,1
2020-01-22,11088.520513215155,Produto A,2020,1
2020-01-23,16070.072351712162,Produto A,2020,1
2020-01-24,20357.06742943436,Produto A,2020,1
2020-01-25,13507.870986619308,Produto A,2020,1
2020-01-26,16219.53661975603,Produto A,2020,1
2020-01-27,14254.78656984711,Produto A,2020,1
2020-01-28,26859.465126118543,Produto A,2020,1
2020-01-29,20864.480132168832,Produto A,2020,1
2020-01-30,22492.852722524785,Produto A,2020,1
2020-01-31,19301.392593918776,Produto A,2020,1
2020-02-01,18774.135735020915,Produto A,2020,2
2020-02-02,13671.444277849827,Produto A,2020,2
2020-02-03,19022.977054498635,Produto A,2020,2
2020-02-04,17125.57146428104,Produto A,2020,2
2020-02-05,23668.01265414104,Produto A,2020,2
2020-02-06,24812.051541296594,Produto A,2020,2
2020-02-07,26126.97801091968,Produto A,2020,2
2020-02-08,23646.30983542338,Produto A,2020,2
2020-02-09,17783.438094831137,Produto A,2020,2
2020-02-10,15693.776176720006,Produto A,2020,2
2020-02-11,23299.319253846148,Produto A,2020,2
2020-02-12,21641.422982588047,Produto A,2020,2
2020-02-13,13057.104659264796,Produto A,2020,2
2020-02-14,21638.14644268483,Produto A,2020,2
2020-02-15,23492.66008285098,Produto A,2020,2
2020-02-16,20440.059380293784,Produto A,2020,2
2020-02-17,19454.383169122262,Produto A,2020,2
2020-02-18,16939.10011002992,Produto A,2020,2
2020-02-19,14357.999813763912,Produto A,2020,2
2020-02-20,23435.20371533371,Produto A,2020,2
2020-02-21,18953.177643122297,Produto A,2020,2
2020-02-22,19258.794687363483,Produto A,2020,2
2020-02-23,27202.193595153298,Produto A,2020,2
2020-02-24,22967.38447171113,Produto A,2020,2
2020-02-25,21700.133005175652,Produto A,2020,2
2020-02-26,20775.929692956433,Produto A,2020,2
2020-02-27,26342.779237493723,Produto A,2020,2
2020-02-28,27149.14080196143,Produto A,2020,2
2020-02-29,23957.200650377294,Produto A,2020,2
2020-03-01,22555.187349247615,Produto A,2020,3
2020-03-02,11740.803592327175,Produto A,2020,3
2020-03-03,20702.836533503367,Produto A,2020,3
2020-03-04,19677.367905057436,Produto A,2020,3
2020-03-05,20582.571046717698,Produto A,2020,3
2020-03-06,24012.90619278297,Produto A,2020,3
2020-03-07,9134.704244554192,Produto A,2020,3
2020-03-08,17902.979303980454,Produto A,2020,3
2020-03-09,21293.41359396068,Produto A,2020,3
2020-03-10,18316.94399394684,Produto A,2020,3
2020-03-11,14478.699302969912,Produto A,2020,3
2020-03-12,23713.612487063056,Produto A,2020,3
2020-03-13,21321.562499618358,Produto A,2020,3
2020-03-14,16279.737535404282,Produto A,2020,3
2020-03-15,21474.861506243928,Produto A,2020,3
2020-03-16,23522.206276681176,Produto A,2020,3
2020-03-17,20224.382291049416,Produto A,2020,3
2020-03-18,23437.28180586123,Produto A,2020,3
2020-03-19,20519.171107653114,Produto A,2020,3
2020-03-20,18606.27491007641,Produto A,2020,3
2020-03-21,15518.941113744351,Produto A,2020,3
2020-03-22,19855.839701434685,Produto A,2020,3
2020-03-23,20987.94346970492,Produto A,2020,3
2020-03-24,23741.364356812817,Produto A,2020,3
2020-03-25,19737.965827311604,Produto A,2020,3
2020-03-26,22050.9590491328,Produto A,2020,3
2020-03-27,16305.967464515736,Produto A,2020,3
2020-03-28,17041.178210456797,Produto A,2020,3
2020-03-29,19757.027231931374,Produto A,2020,3
2020-03-30,15942.301005500543,Produto A,2020,3
2020-03-31,23516.801262791712,Produto A,2020,3
2020-04-01,22075.046530447173,Produto A,2020,4
2020-04-02,21331.546888145513,Produto A,2020,4
2020-04-03,21573.172665872415,Produto A,2020,4
2020-04-04,28369.01598839858,Produto A,2020,4
2020-04-05,18309.788680614143,Produto A,2020,4
2020-04-06,11310.177206577746,Produto A,2020,4
2020-04-07,21009.17279546172,Produto A,2020,4
2020-04-08,19999.56169451487,Produto A,2020,4
2020-04-09,18113.223068257972,Produto A,2020,4
2020-04-10,16249.52736819057,Produto A,2020,4
2020-04-11,18429.674331919323,Produto A,2020,4
2020-04-12,20936.60725404,Produto A,2020,4
2020-04-13,18172.620529404147,Produto A,2020,4
2020-04-14,29950.312865356744,Produto A,2020,4
2020-04-15,16323.56229820208,Produto A,2020,4
2020-04-16,16999.80585466101,Produto A,2020,4
2020-04-17,10957.975038341305,Produto A,2020,4
2020-04-18,21219.997036687007,Produto A,2020,4
2020-04-19,12057.71722368897,Produto A,2020,4
2020-04-20,18024.603281167016,Produto A,2020,4
2020-04-21,19090.291040375352,Produto A,2020,4
2020-04-22,17336.69901797857,Produto A,2020,4
2020-04-23,27229.045616916224,Produto A,2020,4
2020-04-24,24221.353340914615,Produto A,2020,4
2020-04-25,25533.312980258364,Produto A,2020,4
2020-04-26,16639.027973058328,Produto A,2020,4
2020-04-27,24763.520020638858,Produto A,2020,4
2020-04-28,22207.843823229607,Produto A,2020,4
2020-04-29,23320.480032654454,Produto A,2020,4
2020-04-30,24362.93286828238,Produto A,2020,4
2020-05-01,16533.596486325427,Produto A,2020,5
2020-05-02,18490.756811249277,Produto A,2020,5
2020-05-03,23689.88788576694,Produto A,2020,5
2020-05-04,9476.298864381271,Produto A,2020,5
2020-05-05,26318.845453595746,Produto A,2020,5
2020-05-06,22439.653539398638,Produto A,2020,5
2020-05-07,20020.355998932653,Produto A,2020,5
2020-05-08,21095.85092925898,Produto A,2020,5
2020-05-09,16044.061455431736,Produto A,2020,5
2020-05-10,18791.22880706002,Produto A,2020,5
2020-05-11,24650.14872641031,Produto A,2020,5
2020-05-12,25449.008768197935,Produto A,2020,5
2020-05-13,31097.74517235686,Produto A,2020,5
2020-05-14,19906.344348227125,Produto A,2020,5
2020-05-15,17544.446014107787,Produto A,2020,5
2020-05-16,18127.494777602446,Produto A,2020,5
2020-05-17,16092.110823839048,Produto A,2020,5
2020-05-18,19890.466785998964,Produto A,2020,5
2020-05-19,21751.239017249565,Produto A,2020,5
2020-05-20,20066.661186650905,Produto A,2020,5
2020-05-21,24634.241256489826,Produto A,2020,5
2020-05-22,19258.768162568074,Produto A,2020,5
2020-05-23,18801.299363905804,Produto A,2020,5
2020-05-24,17856.675353484286,Produto A,2020,5
2020-05-25,13609.156514012639,Produto A,2020,5
2020-05-26,13871.218393793846,Produto A,2020,5
2020-05-27,15441.201960223741,Produto A,2020,5
2020-05-28,25462.769409525634,Produto A,2020,5
2020-05-29,23821.851502475318,Produto A,2020,5
2020-05-30,25759.85482822768,Produto A,2020,5
2020-05-31,14822.864915438213,Produto A,2020,5
2020-06-01,12252.756253264477,Produto A,2020,6
2020-06-02,17539.372466658304,Produto A,2020,6
2020-06-03,20916.308571315956,Produto A,2020,6
2020-06-04,22220.708710635703,Produto A,2020,6
2020-06-05,24439.80751011093,Produto A,2020,6
2020-06-06,21354.48987006115,Produto A,2020,6
2020-06-07,27246.38187384875,Produto A,2020,6
2020-06-08,19306.673048968783,Produto A,2020,6
2020-06-09,16517.159959111144,Produto A,2020,6
2020-06-10,13413.878409402489,Produto A,2020,6
2020-06-11,16614.555713294383,Produto A,2020,6
2020-06-12,21184.156562379896,Produto A,2020,6
2020-06-13,16615.570160291332,Produto A,2020,6
2020-06-14,23990.439552682437,Produto A,2020,6
2020-06-15,25911.80393239127,Produto A,2020,6
2020-06-16,10632.868902884524,Produto A,2020,6
2020-06-17,23696.771294010498,Produto A,2020,6
2020-06-18,11157.999603006583,Produto A,2020,6
2020-06-19,21828.05618256476,Produto A,2020,6
2020-06-20,25154.477079342385,Produto A,2020,6
2020-06-21,20468.018669628047,Produto A,2020,6
2020-06-22,15036.055740254871,Produto A,2020,6
2020-06-23,17840.8579347178,Produto A,2020,6
2020-06-24,19148.95239932796,Produto A,2020,6
2020-06-25,19469.73107348863,Produto A,2020,6
2020-06-26,19386.296763302667,Produto A,2020,6
2020-06-27,19762.073571590372,Produto A,2020,6
2020-06-28,21068.459397597082,Produto A,2020,6
2020-06-29,15323.362438917786,Produto A,2020,6
2020-06-30,19228.23988732431,Produto A,2020,6
2020-07-01,26340.77512823705,Produto A,2020,7
2020-07-02,18653.03249050423,Produto A,2020,7
2020-07-03,18413.902183653,Produto A,2020,7
2020-07-04,24562.91710700552,Produto A,2020,7
2020-07-05,9867.893947969851,Produto A,2020,7
2020-07-06,24979.769549204673,Produto A,2020,7
2020-07-07,17654.108817659122,Produto A,2020,7
2020-07-08,20869.27143270845,Produto A,2020,7
2020-07-09,20596.138277921636,Produto A,2020,7
2020-07-10,24014.57120165039,Produto A,2020,7
2020-07-11,19125.917225209192,Produto A,2020,7
2020-07-12,17467.77584247962,Produto A,2020,7
2020-07-13,25450.29699423044,Produto A,2020,7
2020-07-14,10655.737778749632,Produto A,2020,7
2020-07-15,20289.150094089182,Produto A,2020,7
2020-07-16,14761.381292578355,Produto A,2020,7
2020-07-17,17130.243511443503,Produto A,2020,7
2020-07-18,28332.476993111075,Produto A,2020,7
2020-07-19,20026.834477118337,Produto A,2020,7
2020-07-20,20995.08157649158,Produto A,2020,7
2020-07-21,13009.48606294941,Produto A,2020,7
2020-07-22,17261.659578469433,Produto A,2020,7
2020-07-23,21001.09189894429,Produto A,2020,7
2020-07-24,21640.221080177398,Produto A,2020,7
2020-07-25,22699.221679748847,Produto A,2020,7
2020-07-26,20241.85671162701,Produto A,2020,7
2020-07-27,22336.097002156825,Produto A,2020,7
2020-07-28,22040.278927048163,Produto A,2020,7
2020-07-29,12814.848739541692,Produto A,2020,7
2020-07-30,20356.503116517004,Produto A,2020,7
2020-07-31,23309.325727240124,Produto A,2020,7
2020-08-01,22591.11447576746,Produto A,2020,8
2020-08-02,18738.01040771801,Produto A,2020,8
2020-08-03,16953.26890954095,Produto A,2020,8
2020-08-04,15690.019825740606,Produto A,2020,8
2020-08-05,19678.541793372697,Produto A,2020,8
2020-08-06,24785.642713421275,Produto A,2020,8
2020-08-07,12322.711430014328,Produto A,2020,8
2020-08-08,17542.037411892827,Produto A,2020,8
2020-08-09,15603.198080075832,Produto A,2020,8
2020-08-10,23379.22838581162,Produto A,2020,8
2020-08-11,17968.589108651944,Produto A,2020,8
2020-08-12,18306.623861054642,Produto A,2020,8
2020-08-13,19331.52373745594,Produto A,2020,8
2020-08-14,22007.388733614982,Produto A,2020,8
2020-08-15,18622.748447475467,Produto A,2020,8
2020-08-16,7901.582058608296,Produto A,2020,8
2020-08-17,22402.980041205577,Produto A,2020,8
2020-08-18,21981.733548995053,Produto A,2020,8
2020-08-19,19321.054245541898,Produto A,2020,8
2020-08-20,15828.492052485384,Produto A,2020,8
2020-08-21,21629.191647152686,Produto A,2020,8
2020-08-22,21740.11155548377,Produto A,2020,8
2020-08-23,18309.067153888467,Produto A,2020,8
2020-08-24,19332.404858874823,Produto A,2020,8
2020-08-25,16450.167729801742,Produto A,2020,8
2020-08-26,19486.50006796719,Produto A,2020,8
2020-08-27,13944.265445862737,Produto A,2020,8
2020-08-28,21893.968036968614,Produto A,2020,8
2020-08-29,16392.75129706985,Produto A,2020,8
2020-08-30,21169.93671724254,Produto A,2020,8
2020-08-31,14527.909818277685,Produto A,2020,8
2020-09-01,17825.16711068706,Produto A,2020,9
2020-09-02,19762.622803533653,Produto A,2020,9
2020-09-03,13499.772760048176,Produto A,2020,9
2020-09-04,20674.19740748597,Produto A,2020,9
2020-09-05,18677.243845965113,Produto A,2020,9
2020-09-06,13169.880960850709,Produto A,2020,9
2020-09-07,14943.899273386245,Produto A,2020,9
2020-09-08,22653.685139691952,Produto A,2020,9
2020-09-09,23827.04618162735,Produto A,2020,9
2020-09-10,19676.089095288935,Produto A,2020,9
2019-01-05,31102.214098509765,Produto B,2019,1
2019-01-06,30736.940154328768,Produto B,2019,1
2019-01-07,30950.508800915904,Produto B,2019,1
2019-01-08,32881.40171029512,Produto B,2019,1
2019-01-09,27242.370234005386,Produto B,2019,1
2019-01-10,31650.774218638115,Produto B,2019,1
2019-01-11,29513.72391868838,Produto B,2019,1
2019-01-12,29832.22121174594,Produto B,2019,1
2019-01-13,29674.75779421121,Produto B,2019,1
2019-01-14,29527.57797146087,Produto B,2019,1
2019-01-15,27809.309888790085,Produto B,2019,1
2019-01-16,30655.161843301095,Produto B,2019,1
2019-01-17,33658.6339832007,Produto B,2019,1
2019-01-18,30171.667431713962,Produto B,2019,1
2019-01-19,30282.20359871784,Produto B,2019,1
2019-01-20,28897.343243980697,Produto B,2019,1
2019-01-21,30047.818890781833,Produto B,2019,1
2019-01-22,31226.19001416271,Produto B,2019,1
2019-01-23,29537.48051221793,Produto B,2019,1
2019-01-24,29368.76964111601,Produto B,2019,1
2019-01-25,31099.1911065896,Produto B,2019,1
2019-01-26,28431.54836973535,Produto B,2019,1
2019-01-27,30794.790690068206,Produto B,2019,1
2019-01-28,31941.22970867081,Produto B,2019,1
2019-01-29,33030.736105650874,Produto B,2019,1
2019-01-30,30102.518727307845,Produto B,2019,1
2019-01-31,33046.17882716975,Produto B,2019,1
2019-02-01,35610.82091688681,Produto B,2019,2
2019-02-02,31101.0113469999,Produto B,2019,2
2019-02-03,30608.580359602773,Produto B,2019,2
2019-02-04,32636.206256689118,Produto B,2019,2
2019-02-05,35598.662835503914,Produto B,2019,2
2019-02-06,33152.95778490999,Produto B,2019,2
2019-02-07,31979.49963019782,Produto B,2019,2
2019-02-08,36760.87687856985,Produto B,2019,2
2019-02-09,33950.686177406635,Produto B,2019,2
2019-02-10,28159.692172896346,Produto B,2019,2
2019-02-11,34017.882034933435,Produto B,2019,2
2019-02-12,34468.458200900444,Produto B,2019,2
2019-02-13,33814.554260714875,Produto B,2019,2
2019-02-14,34312.265603405234,Produto B,2019,2
2019-02-15,33164.08760014295,Produto B,2019,2
2019-02-16,30385.474613106013,Produto B,2019,2
2019-02-17,32490.2034792477,Produto B,2019,2
2019-02-18,31213.381879649034,Produto B,2019,2
2019-02-19,31241.97571121677,Produto B,2019,2
2019-02-20,30508.35150347876,Produto B,2019,2
2019-02-21,34318.43302584339,Produto B,2019,2
2019-02-22,33530.91754934691,Produto B,2019,2
2019-02-23,32318.16954602242,Produto B,2019,2
2019-02-24,31871.385396303587,Produto B,2019,2
2019-02-25,33261.47962605786,Produto B,2019,2
2019-02-26,35710.28357166504,Produto B,2019,2
2019-02-27,28862.337317448462,Produto B,2019,2
2019-02-28,34150.50506515775,Produto B,2019,2
2019-03-01,29183.207524458096,Produto B,2019,3
2019-03-02,26480.021178986495,Produto B,2019,3
2019-03-03,26356.625475091965,Produto B,2019,3
2019-03-04,28442.090125340845,Produto B,2019,3
2019-03-05,30728.18979314616,Produto B,2019,3
2019-03-06,31078.594063705805,Produto B,2019,3
2019-03-07,28389.19620476355,Produto B,2019,3
2019-03-08,32338.365381663338,Produto B,2019,3
2019-03-09,33158.00367946602,Produto B,2019,3
2019-03-10,31084.698815027295,Produto B,2019,3
2019-03-11,29090.958013695425,Produto B,2019,3
2019-03-12,32555.202333526435,Produto B,2019,3
2019-03-13,31810.14390954428,Produto B,2019,3
2019-03-14,32036.29556352558,Produto B,2019,3
2019-03-15,28959.599840232477,Produto B,2019,3
2019-03-16,24562.034453850374,Produto B,2019,3
2019-03-17,34558.801072375536,Produto B,2019,3
2019-03-18,27032.636503434584,Produto B,2019,3
2019-03-19,30212.78426291421,Produto B,2019,3
2019-03-20,35091.72486411268,Produto B,2019,3
2019-03-21,30952.43447091796,Produto B,2019,3
2019-03-22,32201.528630114077,Produto B,2019,3
2019-03-23,27251.66132641832,Produto B,2019,3
2019-03-24,26695.890418392646,Produto B,2019,3
2019-03-25,29209.47306299328,Produto B,2019,3
2019-03-26,32487.223713823256,Produto B,2019,3
2019-03-27,29585.92236520008,Produto B,2019,3
2019-03-28,28680.629267756645,Produto B,2019,3
2019-03-29,30684.69595839889,Produto B,2019,3
2019-03-30,32469.4272061056,Produto B,2019,3
2019-03-31,27367.665738070864,Produto B,2019,3
2019-04-01,27840.913694864954,Produto B,2019,4
2019-04-02,28692.676775145588,Produto B,2019,4
2019-04-03,32495.07487854371,Produto B,2019,4
2019-04-04,30759.10466089049,Produto B,2019,4
2019-04-05,34589.817735941724,Produto B,2019,4
2019-04-06,32175.683920453022,Produto B,2019,4
2019-04-07,30214.142837900134,Produto B,2019,4
2019-04-08,32839.19215510121,Produto B,2019,4
2019-04-09,30712.01246870566,Produto B,2019,4
2019-04-10,28861.76378928747,Produto B,2019,4
2019-04-11,31657.869210530862,Produto B,2019,4
2019-04-12,28879.116485854473,Produto B,2019,4
2019-04-13,29698.688253476994,Produto B,2019,4
2019-04-14,32965.79326313917,Produto B,2019,4
2019-04-15,30080.512679327072,Produto B,2019,4
2019-04-16,28663.45753895725,Produto B,2019,4
2019-04-17,29347.50220099174,Produto B,2019,4
2019-04-18,32347.99519230353,Produto B,2019,4
2019-04-19,29169.420380371623,Produto B,2019,4
2019-04-20,29503.907760208545,Produto B,2019,4
2019-04-21,29254.718958679703,Produto B,2019,4
2019-04-22,30656.345573073086,Produto B,2019,4
2019-04-23,29506.696173801647,Produto B,2019,4
2019-04-24,27050.89301712445,Produto B,2019,4
2019-04-25,28493.781678414864,Produto B,2019,4
2019-04-26,28401.6989251985,Produto B,2019,4
2019-04-27,32795.26183721496,Produto B,2019,4
2019-04-28,31925.788891018157,Produto B,2019,4
2019-04-29,31470.67668700825,Produto B,2019,4
2019-04-30,29264.681557443157,Produto B,2019,4
2019-05-01,28637.916876714175,Produto B,2019,5
2019-05-02,29260.321962253798,Produto B,2019,5
2019-05-03,28161.25407294817,Produto B,2019,5
2019-05-04,35326.84759061417,Produto B,2019,5
2019-05-05,25751.69559193814,Produto B,2019,5
2019-05-06,31423.733232314018,Produto B,2019,5
2019-05-07,27691.488910353088,Produto B,2019,5
2019-05-08,30074.330490672215,Produto B,2019,5
2019-05-09,28290.224078105148,Produto B,2019,5
2019-05-10,27907.36712474757,Produto B,2019,5
2019-05-11,27982.943668412314,Produto B,2019,5
2019-05-12,33828.317044405216,Produto B,2019,5
2019-05-13,30016.496375356932,Produto B,2019,5
2019-05-14,28739.047269348743,Produto B,2019,5
2019-05-15,31407.13388048332,Produto B,2019,5
2019-05-16,30305.89526610936,Produto B,2019,5
2019-05-17,31738.748160110797,Produto B,2019,5
2019-05-18,26601.82581166152,Produto B,2019,5
2019-05-19,30897.97628310878,Produto B,2019,5
2019-05-20,31845.07087610971,Produto B,2019,5
2019-05-21,26930.233050239698,Produto B,2019,5
2019-05-22,31189.906279250667,Produto B,2019,5
2019-05-23,33709.59059554005,Produto B,2019,5
2019-05-24,30255.002296926854,Produto B,2019,5
2019-05-25,31943.418586853095,Produto B,2019,5
2019-05-26,31638.881739177727,Produto B,2019,5
2019-05-27,28856.545996726145,Produto B,2019,5
2019-05-28,30365.289037130133,Produto B,2019,5
2019-05-29,27121.237678770427,Produto B,2019,5
2019-05-30,29373.819168089998,Produto B,2019,5
2019-05-31,30821.42402145683,Produto B,2019,5
2019-06-01,38093.927876227935,Produto B,2019,6
2019-06-02,36401.63025705064,Produto B,2019,6
2019-06-03,38086.37658139086,Produto B,2019,6
2019-06-04,33669.87882725173,Produto B,2019,6
2019-06-05,36095.607843208454,Produto B,2019,6
2019-06-06,36388.710092798276,Produto B,2019,6
2019-06-07,40823.189672455424,Produto B,2019,6
2019-06-08,35823.117025358435,Produto B,2019,6
2019-06-09,35132.98248946769,Produto B,2019,6
2019-06-10,36393.72974512815,Produto B,2019,6
2019-06-11,34115.1719457691,Produto B,2019,6
2019-06-12,36809.004025515205,Produto B,2019,6
2019-06-13,35457.54422135172,Produto B,2019,6
2019-06-14,32001.97161660582,Produto B,2019,6
2019-06-15,36200.056503912885,Produto B,2019,6
2019-06-16,35572.656592025916,Produto B,2019,6
2019-06-17,32386.964823749688,Produto B,2019,6
2019-06-18,36179.34737019994,Produto B,2019,6
2019-06-19,39950.41162491405,Produto B,2019,6
2019-06-20,37605.0147213224,Produto B,2019,6
2019-06-21,37824.57720254905,Produto B,2019,6
2019-06-22,33091.821733257406,Produto B,2019,6
2019-06-23,37497.42936822476,Produto B,2019,6
2019-06-24,36701.66364576765,Produto B,2019,6
2019-06-25,37623.77080343666,Produto B,2019,6
2019-06-26,37365.94462467614,Produto B,2019,6
2019-06-27,33047.523258249355,Produto B,2019,6
2019-06-28,36241.69411375735,Produto B,2019,6
2019-06-29,34505.8304793619,Produto B,2019,6
2019-06-30,36220.65625636673,Produto B,2019,6
2019-07-01,28473.147528585203,Produto B,2019,7
2019-07-02,32934.87767125767,Produto B,2019,7
2019-07-03,28550.734747730872,Produto B,2019,7
2019-07-04,28470.035786096083,Produto B,2019,7
2019-07-05,30435.589954811432,Produto B,2019,7
2019-07-06,28110.336978873336,Produto B,2019,7
2019-07-07,29427.604792388047,Produto B,2019,7
2019-07-08,28609.301477570854,Produto B,2019,7
2019-07-09,33134.15639699313,Produto B,2019,7
2019-07-10,31871.537926372137,Produto B,2019,7
2019-07-11,30168.96904221837,Produto B,2019,7
2019-07-12,29495.13277166066,Produto B,2019,7
2019-07-13,32184.712663827155,Produto B,2019,7
2019-07-14,31103.10703817191,Produto B,2019,7
2019-07-15,31290.56780505469,Produto B,2019,7
2019-07-16,30232.11787280196,Produto B,2019,7
2019-07-17,26876.46357392948,Produto B,2019,7
2019-07-18,30057.931181212265,Produto B,2019,7
2019-07-19,29209.90285311689,Produto B,2019,7
2019-07-20,31587.36659711549,Produto B,2019,7
2019-07-21,32327.90987221527,Produto B,2019,7
2019-07-22,28956.5968406272,Produto B,2019,7
2019-07-23,31230.66978800537,Produto B,2019,7
2019-07-24,33789.73969632745,Produto B,2019,7
2019-07-25,28936.88801716804,Produto B,2019,7
2019-07-26,33680.799993207664,Produto B,2019,7
2019-07-27,28563.629174562462,Produto B,2019,7
2019-07-28,30331.355746572455,Produto B,2019,7
2019-07-29,30262.49700969132,Produto B,2019,7
2019-07-30,30308.216278837655,Produto B,2019,7
2019-07-31,28593.72803338786,Produto B,2019,7
2019-08-01,29091.401313499617,Produto B,2019,8
2019-08-02,28936.872741840372,Produto B,2019,8
2019-08-03,30945.1374801216,Produto B,2019,8
2019-08-04,30951.340896196318,Produto B,2019,8
2019-08-05,34779.181605779544,Produto B,2019,8
2019-08-06,33053.026803701774,Produto B,2019,8
2019-08-07,29255.626494122407,Produto B,2019,8
2019-08-08,30940.911754292498,Produto B,2019,8
2019-08-09,32298.181203218563,Produto B,2019,8
2019-08-10,30346.78508333947,Produto B,2019,8
2019-08-11,30144.393653115636,Produto B,2019,8
2019-08-12,30389.129809452406,Produto B,2019,8
2019-08-13,32036.031513564216,Produto B,2019,8
2019-08-14,28572.240864456235,Produto B,2019,8
2019-08-15,29627.47334245207,Produto B,2019,8
2019-08-16,31234.804519445046,Produto B,2019,8
2019-08-17,30913.81163746784,Produto B,2019,8
2019-08-18,30768.717592150053,Produto B,2019,8
2019-08-19,29538.37144523262,Produto B,2019,8
2019-08-20,32248.549758278783,Produto B,2019,8
2019-08-21,34593.27999110596,Produto B,2019,8
2019-08-22,31105.55288173226,Produto B,2019,8
2019-08-23,29894.976239570875,Produto B,2019,8
2019-08-24,31810.839643278083,Produto B,2019,8
2019-08-25,29196.491206395713,Produto B,2019,8
2019-08-26,28771.375194044853,Produto B,2019,8
2019-08-27,30351.240861432085,Produto B,2019,8
2019-08-28,25070.33359803368,Produto B,2019,8
2019-08-29,27955.174215786592,Produto B,2019,8
2019-08-30,29582.465012895813,Produto B,2019,8
2019-08-31,27552.507895399765,Produto B,2019,8
2019-09-01,28200.09357727979,Produto B,2019,9
2019-09-02,29403.20510667228,Produto B,2019,9
2019-09-03,26967.8530723617,Produto B,2019,9
2019-09-04,29465.1410433514,Produto B,2019,9
2019-09-05,29204.289537808185,Produto B,2019,9
2019-09-06,30336.293115729346,Produto B,2019,9
2019-09-07,32615.297557567425,Produto B,2019,9
2019-09-08,30633.286416899096,Produto B,2019,9
2019-09-09,30327.524221089625,Produto B,2019,9
2019-09-10,30485.798548745006,Produto B,2019,9
2019-09-11,30744.106012969558,Produto B,2019,9
2019-09-12,28232.204668456878,Produto B,2019,9
2019-09-13,30053.26861928776,Produto B,2019,9
2019-09-14,30908.368757268123,Produto B,2019,9
2019-09-15,27517.435595245563,Produto B,2019,9
2019-09-16,32032.753251165206,Produto B,2019,9
2019-09-17,32468.29821357108,Produto B,2019,9
2019-09-18,29010.251879320684,Produto B,2019,9
2019-09-19,29797.73899905618,Produto B,2019,9
2019-09-20,28511.93369786646,Produto B,2019,9
2019-09-21,31697.0491963638,Produto B,2019,9
2019-09-22,28142.392201646708,Produto B,2019,9
2019-09-23,29835.818916319542,Produto B,2019,9
2019-09-24,28550.84070613631,Produto B,2019,9
2019-09-25,30387.87668528579,Produto B,2019,9
2019-09-26,26662.451100862254,Produto B,2019,9
2019-09-27,32963.126055936336,Produto B,2019,9
2019-09-28,28337.45962952755,Produto B,2019,9
2019-09-29,30405.927365211763,Produto B,2019,9
2019-09-30,29855.915972608746,Produto B,2019,9
2019-10-01,28746.290800428476,Produto B,2019,10
2019-10-02,28492.571904132044,Produto B,2019,10
2019-10-03,32175.58865943242,Produto B,2019,10
2019-10-04,29223.731642527182,Produto B,2019,10
2019-10-05,30832.49260278273,Produto B,2019,10
2019-10-06,28666.777788388757,Produto B,2019,10
2019-10-07,28978.340689099372,Produto B,2019,10
2019-10-08,31238.466996027368,Produto B,2019,10
2019-10-09,32163.494753648345,Produto B,2019,10
2019-10-10,29931.036183701748,Produto B,2019,10
2019-10-11,27414.14377915796,Produto B,2019,10
2019-10-12,34318.87332501526,Produto B,2019,10
2019-10-13,28555.626946675133,Produto B,2019,10
2019-10-14,27172.535040062663,Produto B,2019,10
2019-10-15,35523.143242703896,Produto B,2019,10
2019-10-16,29469.258798714956,Produto B,2019,10
2019-10-17,27333.761702400217,Produto B,2019,10
2019-10-18,28905.13511085365,Produto B,2019,10
2019-10-19,31027.07314506896,Produto B,2019,10
2019-10-20,30669.239034782164,Produto B,2019,10
2019-10-21,28565.358750745003,Produto B,2019,10
2019-10-22,33965.078948658345,Produto B,2019,10
2019-10-23,29231.93063013138,Produto B,2019,10
2019-10-24,27893.11777395908,Produto B,2019,10
2019-10-25,32224.63997149207,Produto B,2019,10
2019-10-26,32968.37788716362,Produto B,2019,10
2019-10-27,28634.48143591284,Produto B,2019,10
2019-10-28,27455.67981535363,Produto B,2019,10
2019-10-29,32365.454861912105,Produto B,2019,10
2019-10-30,26151.453625235976,Produto B,2019,10
2019-10-31,27808.450869678232,Produto B,2019,10
2019-11-01,25790.619021561142,Produto B,2019,11
2019-11-02,24138.59456443424,Produto B,2019,11
2019-11-03,23801.688394553094,Produto B,2019,11
2019-11-04,24797.86938280972,Produto B,2019,11
2019-11-05,23981.238751089455,Produto B,2019,11
2019-11-06,22130.361206362177,Produto B,2019,11
2019-11-07,26289.116898869193,Produto B,2019,11
2019-11-08,26368.162698222786,Produto B,2019,11
2019-11-09,24559.653157014163,Produto B,2019,11
2019-11-10,24300.900461725785,Produto B,2019,11
2019-11-11,28006.9619866836,Produto B,2019,11
2019-11-12,23781.50566873042,Produto B,2019,11
2019-11-13,23808.73125894166,Produto B,2019,11
2019-11-14,24816.710113773268,Produto B,2019,11
2019-11-15,26604.47922356111,Produto B,2019,11
2019-11-16,26800.64332253512,Produto B,2019,11
2019-11-17,23810.35348531568,Produto B,2019,11
2019-11-18,24726.016628473535,Produto B,2019,11
2019-11-19,22002.119583998105,Produto B,2019,11
2019-11-20,23724.096190493736,Produto B,2019,11
2019-11-21,22870.762953221827,Produto B,2019,11
2019-11-22,22601.765353686682,Produto B,2019,11
2019-11-23,26944.08271211499,Produto B,2019,11
2019-11-24,22948.298583850716,Produto B,2019,11
2019-11-25,23369.350137379897,Produto B,2019,11
2019-11-26,24818.91896224331,Produto B,2019,11
2019-11-27,26324.247371215737,Produto B,2019,11
2019-11-28,25005.09715214325,Produto B,2019,11
2019-11-29,28684.91038016766,Produto B,2019,11
2019-11-30,24107.396281528745,Produto B,2019,11
2019-12-01,30807.348492823858,Produto B,2019,12
2019-12-02,30841.43776077381,Produto B,2019,12
2019-12-03,33182.3647119273,Produto B,2019,12
2019-12-04,31309.115442290313,Produto B,2019,12
2019-12-05,30050.332234918344,Produto B,2019,12
2019-12-06,28372.02052688301,Produto B,2019,12
2019-12-07,30778.531337586537,Produto B,2019,12
2019-12-08,33114.31521437846,Produto B,2019,12
2019-12-09,29456.439158604757,Produto B,2019,12
2019-12-10,31352.93716558308,Produto B,2019,12
2019-12-11,30781.9723853547,Produto B,2019,12
2019-12-12,32028.446190271872,Produto B,2019,12
2019-12-13,28660.202197652143,Produto B,2019,12
2019-12-14,35022.880354633126,Produto B,2019,12
2019-12-15,27702.373724909947,Produto B,2019,12
2019-12-16,29546.952349318188,Produto B,2019,12
2019-12-17,32179.008840088496,Produto B,2019,12
2019-12-18,30884.104275265614,Produto B,2019,12
2019-12-19,31960.74205518475,Produto B,2019,12
2019-12-20,29283.369387689207,Produto B,2019,12
2019-12-21,30133.96873996839,Produto B,2019,12
2019-12-22,30309.69637496677,Produto B,2019,12
2019-12-23,33453.33516174799,Produto B,2019,12
2019-12-24,31678.976200229376,Produto B,2019,12
2019-12-25,31893.480986788272,Produto B,2019,12
2019-12-26,28956.647219168208,Produto B,2019,12
2019-12-27,32241.1740472588,Produto B,2019,12
2019-12-28,30740.449378745416,Produto B,2019,12
2019-12-29,33089.68439235374,Produto B,2019,12
2019-12-30,34351.387452780386,Produto B,2019,12
2019-12-31,29665.639898201476,Produto B,2019,12
2020-01-01,29479.267676500975,Produto B,2020,1
2020-01-02,28554.629117973214,Produto B,2020,1
2020-01-03,30009.969386333032,Produto B,2020,1
2020-01-04,29528.308593120226,Produto B,2020,1
2020-01-05,31026.19888713344,Produto B,2020,1
2020-01-06,30007.97502979385,Produto B,2020,1
2020-01-07,29569.569452821128,Produto B,2020,1
2020-01-08,32450.461974978265,Produto B,2020,1
2020-01-09,28405.48193307407,Produto B,2020,1
2020-01-10,31174.878065365716,Produto B,2020,1
2020-01-11,29479.99771107926,Produto B,2020,1
2020-01-12,31763.224379837327,Produto B,2020,1
2020-01-13,33098.228324378906,Produto B,2020,1
2020-01-14,29687.741528083374,Produto B,2020,1
2020-01-15,31190.886472691764,Produto B,2020,1
2020-01-16,30661.161588781022,Produto B,2020,1
2020-01-17,28685.166752922945,Produto B,2020,1
2020-01-18,30786.390769678717,Produto B,2020,1
2020-01-19,30884.0234206632,Produto B,2020,1
2020-01-20,31133.999057301273,Produto B,2020,1
2020-01-21,29899.23422842351,Produto B,2020,1
2020-01-22,30490.268446626495,Produto B,2020,1
2020-01-23,27981.825891416865,Produto B,2020,1
2020-01-24,29576.609567530686,Produto B,2020,1
2020-01-25,31423.044613013793,Produto B,2020,1
2020-01-26,32102.79725240969,Produto B,2020,1
2020-01-27,29446.92405526695,Produto B,2020,1
2020-01-28,30511.522339455234,Produto B,2020,1
2020-01-29,30760.667716750617,Produto B,2020,1
2020-01-30,30706.989492342957,Produto B,2020,1
2020-01-31,31392.36264230679,Produto B,2020,1
2020-02-01,29290.23150528771,Produto B,2020,2
2020-02-02,33220.40191613209,Produto B,2020,2
2020-02-03,33861.13266197032,Produto B,2020,2
2020-02-04,31107.265964624872,Produto B,2020,2
2020-02-05,37049.5962409778,Produto B,2020,2
2020-02-06,33688.98469180321,Produto B,2020,2
2020-02-07,36803.88534345428,Produto B,2020,2
2020-02-08,31573.457845486904,Produto B,2020,2
2020-02-09,31313.979129970725,Produto B,2020,2
2020-02-10,33828.28843498574,Produto B,2020,2
2020-02-11,29599.954457794727,Produto B,2020,2
2020-02-12,33807.65354237118,Produto B,2020,2
2020-02-13,33546.02113351048,Produto B,2020,2
2020-02-14,35586.808255586555,Produto B,2020,2
2020-02-15,34887.71386006885,Produto B,2020,2
2020-02-16,32402.365328555457,Produto B,2020,2
2020-02-17,30891.36243310052,Produto B,2020,2
2020-02-18,37134.7422018248,Produto B,2020,2
2020-02-19,31569.92042430424,Produto B,2020,2
2020-02-20,31006.84443419165,Produto B,2020,2
2020-02-21,30919.449835876672,Produto B,2020,2
2020-02-22,35812.65241112247,Produto B,2020,2
2020-02-23,32177.00374576798,Produto B,2020,2
2020-02-24,31655.26867614671,Produto B,2020,2
2020-02-25,33635.94679315724,Produto B,2020,2
2020-02-26,32870.1688531417,Produto B,2020,2
2020-02-27,31823.27188613296,Produto B,2020,2
2020-02-28,35005.36903962619,Produto B,2020,2
2020-02-29,35697.13102344175,Produto B,2020,2
2020-03-01,32290.34136805853,Produto B,2020,3
2020-03-02,31849.177732715623,Produto B,2020,3
2020-03-03,31113.30357288267,Produto B,2020,3
2020-03-04,26712.706240077106,Produto B,2020,3
2020-03-05,33671.886628881475,Produto B,2020,3
2020-03-06,30910.018204922257,Produto B,2020,3
2020-03-07,31528.4759837533,Produto B,2020,3
2020-03-08,32552.22389235375,Produto B,2020,3
2020-03-09,33195.37205582162,Produto B,2020,3
2020-03-10,31145.16398284457,Produto B,2020,3
2020-03-11,31179.803241777223,Produto B,2020,3
2020-03-12,29089.566959531367,Produto B,2020,3
2020-03-13,30366.841297300296,Produto B,2020,3
2020-03-14,28574.594253155003,Produto B,2020,3
2020-03-15,28845.720125073374,Produto B,2020,3
2020-03-16,28494.979707325332,Produto B,2020,3
2020-03-17,29984.83174018548,Produto B,2020,3
2020-03-18,32419.16823959842,Produto B,2020,3
2020-03-19,36705.369042046164,Produto B,2020,3
2020-03-20,30682.789267846783,Produto B,2020,3
2020-03-21,27576.205562732637,Produto B,2020,3
2020-03-22,32855.26632630964,Produto B,2020,3
2020-03-23,29692.416569518427,Produto B,2020,3
2020-03-24,28965.570640166476,Produto B,2020,3
2020-03-25,30723.895945404573,Produto B,2020,3
2020-03-26,27793.93830889642,Produto B,2020,3
2020-03-27,30749.375591297387,Produto B,2020,3
2020-03-28,30121.48144313771,Produto B,2020,3
2020-03-29,30498.72337176726,Produto B,2020,3
2020-03-30,31070.460833502526,Produto B,2020,3
2020-03-31,30436.334359626428,Produto B,2020,3
2020-04-01,30333.00292990804,Produto B,2020,4
2020-04-02,30874.31532837585,Produto B,2020,4
2020-04-03,31139.109264865678,Produto B,2020,4
2020-04-04,28216.405430163177,Produto B,2020,4
2020-04-05,27411.417657455397,Produto B,2020,4
2020-04-06,30175.491134612126,Produto B,2020,4
2020-04-07,27405.8743103331,Produto B,2020,4
2020-04-08,30476.813571261777,Produto B,2020,4
2020-04-09,32196.268688878266,Produto B,2020,4
2020-04-10,31526.36557727041,Produto B,2020,4
2020-04-11,28182.695778212543,Produto B,2020,4
2020-04-12,28562.269847045813,Produto B,2020,4
2020-04-13,30963.168615901526,Produto B,2020,4
2020-04-14,29489.37843363031,Produto B,2020,4
2020-04-15,29660.356303994744,Produto B,2020,4
2020-04-16,31505.751092120867,Produto B,2020,4
2020-04-17,28305.68087921554,Produto B,2020,4
2020-04-18,29489.50588597941,Produto B,2020,4
2020-04-19,28683.833398309107,Produto B,2020,4
2020-04-20,28192.87841396858,Produto B,2020,4
2020-04-21,28568.702058884246,Produto B,2020,4
2020-04-22,31668.47358207975,Produto B,2020,4
2020-04-23,30404.67718675449,Produto B,2020,4
2020-04-24,28524.095529753147,Produto B,2020,4
2020-04-25,29833.174752662148,Produto B,2020,4
2020-04-26,26989.6092396132,Produto B,2020,4
2020-04-27,28818.708128680995,Produto B,2020,4
2020-04-28,34642.14056043192,Produto B,2020,4
2020-04-29,30117.707423675183,Produto B,2020,4
2020-04-30,31777.951032601395,Produto B,2020,4
2020-05-01,30167.713482208146,Produto B,2020,5
2020-05-02,31003.301855188452,Produto B,2020,5
2020-05-03,31639.78134115193,Produto B,2020,5
2020-05-04,28068.67447299653,Produto B,2020,5
2020-05-05,30237.508760306602,Produto B,2020,5
2020-05-06,33489.307692721304,Produto B,2020,5
2020-05-07,28693.088888892355,Produto B,2020,5
2020-05-08,29155.791495460915,Produto B,2020,5
2020-05-09,29678.463619718656,Produto B,2020,5
2020-05-10,30843.428627816018,Produto B,2020,5
2020-05-11,31360.33408456468,Produto B,2020,5
2020-05-12,32860.17154273368,Produto B,2020,5
2020-05-13,31308.98643160669,Produto B,2020,5
2020-05-14,30174.652685887366,Produto B,2020,5
2020-05-15,32843.517601813845,Produto B,2020,5
2020-05-16,31722.304264725997,Produto B,2020,5
2020-05-17,27278.727377160827,Produto B,2020,5
2020-05-18,35403.26384551912,Produto B,2020,5
2020-05-19,33875.241204157406,Produto B,2020,5
2020-05-20,29960.20727001051,Produto B,2020,5
2020-05-21,31063.37840551172,Produto B,2020,5
2020-05-22,32975.20467499159,Produto B,2020,5
2020-05-23,29952.154398752296,Produto B,2020,5
2020-05-24,31775.31061656158,Produto B,2020,5
2020-05-25,32531.24851661438,Produto B,2020,5
2020-05-26,28250.05166637643,Produto B,2020,5
2020-05-27,29083.28965576262,Produto B,2020,5
2020-05-28,32161.244963577374,Produto B,2020,5
2020-05-29,31230.845243840635,Produto B,2020,5
2020-05-30,32166.069051834173,Produto B,2020,5
2020-05-31,30032.212610399492,Produto B,2020,5
2020-06-01,35659.451368646936,Produto B,2020,6
2020-06-02,31515.297911185902,Produto B,2020,6
2020-06-03,33582.09496614595,Produto B,2020,6
2020-06-04,36474.08821345219,Produto B,2020,6
2020-06-05,38358.726700223706,Produto B,2020,6
2020-06-06,37647.576360482526,Produto B,2020,6
2020-06-07,36049.14145495685,Produto B,2020,6
2020-06-08,35701.22572282655,Produto B,2020,6
2020-06-09,36886.44342951519,Produto B,2020,6
2020-06-10,36549.58390296738,Produto B,2020,6
2020-06-11,39764.61832821386,Produto B,2020,6
2020-06-12,36714.97242763928,Produto B,2020,6
2020-06-13,32769.45978763374,Produto B,2020,6
2020-06-14,33275.319080681664,Produto B,2020,6
2020-06-15,40041.47263279971,Produto B,2020,6
2020-06-16,33521.107041445,Produto B,2020,6
2020-06-17,38213.14182615328,Produto B,2020,6
2020-06-18,35709.46448985246,Produto B,2020,6
2020-06-19,35948.50589558037,Produto B,2020,6
2020-06-20,36034.86213456935,Produto B,2020,6
2020-06-21,39320.637141729094,Produto B,2020,6
2020-06-22,35892.551407609426,Produto B,2020,6
2020-06-23,36279.23405838335,Produto B,2020,6
2020-06-24,32649.332322303628,Produto B,2020,6
2020-06-25,36861.0178003802,Produto B,2020,6
2020-06-26,37647.247036914814,Produto B,2020,6
2020-06-27,36939.68888750477,Produto B,2020,6
2020-06-28,39748.50053687425,Produto B,2020,6
2020-06-29,36493.73536398728,Produto B,2020,6
2020-06-30,37084.7213536325,Produto B,2020,6
2020-07-01,33629.978100741726,Produto B,2020,7
2020-07-02,27168.971337496543,Produto B,2020,7
2020-07-03,29379.232797445275,Produto B,2020,7
2020-07-04,33180.840679078916,Produto B,2020,7
2020-07-05,32190.980879588384,Produto B,2020,7
2020-07-06,31670.32779965775,Produto B,2020,7
2020-07-07,31981.954493718247,Produto B,2020,7
2020-07-08,30960.673742424464,Produto B,2020,7
2020-07-09,33595.826803615186,Produto B,2020,7
2020-07-10,31063.073522856048,Produto B,2020,7
2020-07-11,30784.531553908462,Produto B,2020,7
2020-07-12,30621.096521733798,Produto B,2020,7
2020-07-13,30689.58519021178,Produto B,2020,7
2020-07-14,27962.825092751948,Produto B,2020,7
2020-07-15,31856.75957001595,Produto B,2020,7
2020-07-16,30036.51173775768,Produto B,2020,7
2020-07-17,33980.268497678015,Produto B,2020,7
2020-07-18,30147.186049411386,Produto B,2020,7
2020-07-19,31150.254934034823,Produto B,2020,7
2020-07-20,30798.136416247897,Produto B,2020,7
2020-07-21,29036.37478907931,Produto B,2020,7
2020-07-22,32304.116393607383,Produto B,2020,7
2020-07-23,34148.22855393123,Produto B,2020,7
2020-07-24,30270.150016287113,Produto B,2020,7
2020-07-25,29693.032853117445,Produto B,2020,7
2020-07-26,29582.841963268147,Produto B,2020,7
2020-07-27,26477.42897549897,Produto B,2020,7
2020-07-28,29940.817449719914,Produto B,2020,7
2020-07-29,30807.016194336815,Produto B,2020,7
2020-07-30,32430.611008864173,Produto B,2020,7
2020-07-31,32239.296437122855,Produto B,2020,7
2020-08-01,29458.67185347788,Produto B,2020,8
2020-08-02,29740.817550556745,Produto B,2020,8
2020-08-03,32570.288717341165,Produto B,2020,8
2020-08-04,29949.602927912783,Produto B,2020,8
2020-08-05,29269.740329693654,Produto B,2020,8
2020-08-06,33112.88726785723,Produto B,2020,8
2020-08-07,32395.923047442284,Produto B,2020,8
2020-08-08,30337.959419384,Produto B,2020,8
2020-08-09,29100.569555487094,Produto B,2020,8
2020-08-10,26236.00175512569,Produto B,2020,8
2020-08-11,31491.201283260943,Produto B,2020,8
2020-08-12,28489.333160444596,Produto B,2020,8
2020-08-13,26335.281341535683,Produto B,2020,8
2020-08-14,33501.337465245015,Produto B,2020,8
2020-08-15,31608.894937839974,Produto B,2020,8
2020-08-16,27999.203449903733,Produto B,2020,8
2020-08-17,27846.909206422297,Produto B,2020,8
2020-08-18,32059.342799986673,Produto B,2020,8
2020-08-19,28526.49935459754,Produto B,2020,8
2020-08-20,32918.22273240633,Produto B,2020,8
2020-08-21,31545.247811504832,Produto B,2020,8
2020-08-22,31383.92497154498,Produto B,2020,8
2020-08-23,31117.484820340887,Produto B,2020,8
2020-08-24,30686.730761488303,Produto B,2020,8
2020-08-25,32078.632622337762,Produto B,2020,8
2020-08-26,29382.75766771848,Produto B,2020,8
2020-08-27,30473.622986337457,Produto B,2020,8
2020-08-28,31818.932107107936,Produto B,2020,8
2020-08-29,31437.23923154398,Produto B,2020,8
2020-08-30,27886.126653357307,Produto B,2020,8
2020-08-31,29289.172472045386,Produto B,2020,8
2020-09-01,30810.66308094669,Produto B,2020,9
2020-09-02,29475.81028773941,Produto B,2020,9
2020-09-03,33884.810293166134,Produto B,2020,9
2020-09-04,29505.83054659669,Produto B,2020,9
2020-09-05,29972.31873589508,Produto B,2020,9
2020-09-06,31854.248959918154,Produto B,2020,9
2020-09-07,30967.67614133453,Produto B,2020,9
2020-09-08,30006.545596446365,Produto B,2020,9
2020-09-09,28771.88307166089,Produto B,2020,9
2020-09-10,30909.058395941465,Produto B,2020,9
2019-01-05,14039.096440378393,Produto C,2019,1
2019-01-06,13529.556788757844,Produto C,2019,1
2019-01-07,12314.617644967973,Produto C,2019,1
2019-01-08,14900.726059683675,Produto C,2019,1
2019-01-09,11730.589146637978,Produto C,2019,1
2019-01-10,11636.727145118784,Produto C,2019,1
2019-01-11,14274.014040152571,Produto C,2019,1
2019-01-12,13574.988456134335,Produto C,2019,1
2019-01-13,12829.514913717143,Produto C,2019,1
2019-01-14,12311.949840541221,Produto C,2019,1
2019-01-15,15889.589699146956,Produto C,2019,1
2019-01-16,13663.597549936125,Produto C,2019,1
2019-01-17,14147.334767547556,Produto C,2019,1
2019-01-18,13973.391893792375,Produto C,2019,1
2019-01-19,14146.699969235337,Produto C,2019,1
2019-01-20,14308.657154071912,Produto C,2019,1
2019-01-21,14563.038041442644,Produto C,2019,1
2019-01-22,13445.829859443416,Produto C,2019,1
2019-01-23,13583.378049749603,Produto C,2019,1
2019-01-24,12092.261753285129,Produto C,2019,1
2019-01-25,13161.147497533839,Produto C,2019,1
2019-01-26,14333.580349253643,Produto C,2019,1
2019-01-27,15215.428745390764,Produto C,2019,1
2019-01-28,14789.585750453953,Produto C,2019,1
2019-01-29,13827.709645668792,Produto C,2019,1
2019-01-30,12878.234711679906,Produto C,2019,1
2019-01-31,11279.699768785142,Produto C,2019,1
2019-02-01,15603.477509819495,Produto C,2019,2
2019-02-02,13755.077040615895,Produto C,2019,2
2019-02-03,13958.571421579905,Produto C,2019,2
2019-02-04,14646.352908663011,Produto C,2019,2
2019-02-05,13001.82198560141,Produto C,2019,2
2019-02-06,14217.069411146467,Produto C,2019,2
2019-02-07,16902.53098022594,Produto C,2019,2
2019-02-08,15270.14078944175,Produto C,2019,2
2019-02-09,15160.2115247181,Produto C,2019,2
2019-02-10,13037.019180714671,Produto C,2019,2
2019-02-11,17384.438366789087,Produto C,2019,2
2019-02-12,13309.775682403282,Produto C,2019,2
2019-02-13,17140.339888604365,Produto C,2019,2
2019-02-14,12618.448740591231,Produto C,2019,2
2019-02-15,16669.46043817108,Produto C,2019,2
2019-02-16,16969.291456419913,Produto C,2019,2
2019-02-17,14230.622147683162,Produto C,2019,2
2019-02-18,15712.182856849297,Produto C,2019,2
2019-02-19,15909.939124908979,Produto C,2019,2
2019-02-20,14391.450103195904,Produto C,2019,2
2019-02-21,13704.848551176168,Produto C,2019,2
2019-02-22,13905.150931767495,Produto C,2019,2
2019-02-23,16120.471947287271,Produto C,2019,2
2019-02-24,15442.924782521844,Produto C,2019,2
2019-02-25,14933.407716654692,Produto C,2019,2
2019-02-26,16785.758342159996,Produto C,2019,2
2019-02-27,16300.90723546474,Produto C,2019,2
2019-02-28,14860.270136527237,Produto C,2019,2
2019-03-01,14381.616905609235,Produto C,2019,3
2019-03-02,16483.995041053695,Produto C,2019,3
2019-03-03,15272.259988320966,Produto C,2019,3
2019-03-04,16086.556166753566,Produto C,2019,3
2019-03-05,17915.029648519616,Produto C,2019,3
2019-03-06,16680.13364488804,Produto C,2019,3
2019-03-07,15086.400381535695,Produto C,2019,3
2019-03-08,16377.007469254531,Produto C,2019,3
2019-03-09,15077.927064003532,Produto C,2019,3
2019-03-10,18251.333963053014,Produto C,2019,3
2019-03-11,15657.227587836958,Produto C,2019,3
2019-03-12,16652.2986806242,Produto C,2019,3
2019-03-13,16830.78167027212,Produto C,2019,3
2019-03-14,16702.933757524883,Produto C,2019,3
2019-03-15,14137.289139585862,Produto C,2019,3
2019-03-16,14820.133971418836,Produto C,2019,3
2019-03-17,16106.613709286288,Produto C,2019,3
2019-03-18,17122.917333442492,Produto C,2019,3
2019-03-19,16606.318056458847,Produto C,2019,3
2019-03-20,15631.75202513768,Produto C,2019,3
2019-03-21,15190.340637041845,Produto C,2019,3
2019-03-22,16436.05357368212,Produto C,2019,3
2019-03-23,16404.775089683397,Produto C,2019,3
2019-03-24,17704.556327994724,Produto C,2019,3
2019-03-25,16692.56141939684,Produto C,2019,3
2019-03-26,17933.43617654298,Produto C,2019,3
2019-03-27,16456.81199530181,Produto C,2019,3
2019-03-28,16945.161247625707,Produto C,2019,3
2019-03-29,16880.97204307791,Produto C,2019,3
2019-03-30,16373.902333864113,Produto C,2019,3
2019-03-31,18250.741654161255,Produto C,2019,3
2019-04-01,16438.757868581342,Produto C,2019,4
2019-04-02,16872.030049016244,Produto C,2019,4
2019-04-03,17512.21324894202,Produto C,2019,4
2019-04-04,15962.944693337002,Produto C,2019,4
2019-04-05,17292.504524443306,Produto C,2019,4
2019-04-06,16837.966335316134,Produto C,2019,4
2019-04-07,17318.692975299255,Produto C,2019,4
2019-04-08,17808.645311337146,Produto C,2019,4
2019-04-09,16880.8159704878,Produto C,2019,4
2019-04-10,17707.336647932934,Produto C,2019,4
2019-04-11,19807.127709738925,Produto C,2019,4
2019-04-12,18079.187277935664,Produto C,2019,4
2019-04-13,19710.42607093725,Produto C,2019,4
2019-04-14,18694.336366933698,Produto C,2019,4
2019-04-15,19330.740862617095,Produto C,2019,4
2019-04-16,17290.528848290527,Produto C,2019,4
2019-04-17,18540.327450753004,Produto C,2019,4
2019-04-18,18637.29631209474,Produto C,2019,4
2019-04-19,17674.04621956795,Produto C,2019,4
2019-04-20,17440.6435257788,Produto C,2019,4
2019-04-21,16576.978065838513,Produto C,2019,4
2019-04-22,20746.58013616212,Produto C,2019,4
2019-04-23,17396.39129387785,Produto C,2019,4
2019-04-24,20665.07813182214,Produto C,2019,4
2019-04-25,18206.026849634272,Produto C,2019,4
2019-04-26,17711.155978663402,Produto C,2019,4
2019-04-27,19841.756672207128,Produto C,2019,4
2019-04-28,18144.329791882345,Produto C,2019,4
2019-04-29,19886.26439454839,Produto C,2019,4
2019-04-30,18675.936038778073,Produto C,2019,4
2019-05-01,19882.24335001212,Produto C,2019,5
2019-05-02,17888.948759945826,Produto C,2019,5
2019-05-03,20501.08183984348,Produto C,2019,5
2019-05-04,20073.224529425577,Produto C,2019,5
2019-05-05,18121.89167212544,Produto C,2019,5
2019-05-06,23281.846358808027,Produto C,2019,5
2019-05-07,20329.20901789155,Produto C,2019,5
2019-05-08,22911.791393630185,Produto C,2019,5
2019-05-09,21982.31351493013,Produto C,2019,5
2019-05-10,19455.63443907279,Produto C,2019,5
2019-05-11,19189.190302227486,Produto C,2019,5
2019-05-12,19259.332269064194,Produto C,2019,5
2019-05-13,17233.392824226954,Produto C,2019,5
2019-05-14,18946.11061708401,Produto C,2019,5
2019-05-15,20386.534281132364,Produto C,2019,5
2019-05-16,22330.018342980016,Produto C,2019,5
2019-05-17,19002.026766258805,Produto C,2019,5
2019-05-18,21507.757432317463,Produto C,2019,5
2019-05-19,18402.680704982355,Produto C,2019,5
2019-05-20,19448.739189637374,Produto C,2019,5
2019-05-21,19698.047633694106,Produto C,2019,5
2019-05-22,20996.840342538566,Produto C,2019,5
2019-05-23,21186.374482644926,Produto C,2019,5
2019-05-24,22007.65904780273,Produto C,2019,5
2019-05-25,21782.674472359322,Produto C,2019,5
2019-05-26,21047.95531513546,Produto C,2019,5
2019-05-27,21332.204103898042,Produto C,2019,5
2019-05-28,23215.2301987362,Produto C,2019,5
2019-05-29,20082.197714581765,Produto C,2019,5
2019-05-30,22105.08669793985,Produto C,2019,5
2019-05-31,18211.39764892628,Produto C,2019,5
2019-06-01,21674.06364545276,Produto C,2019,6
2019-06-02,20358.497312058385,Produto C,2019,6
2019-06-03,21167.43907814664,Produto C,2019,6
2019-06-04,22834.571668911256,Produto C,2019,6
2019-06-05,21540.644127338448,Produto C,2019,6
2019-06-06,22723.681686091062,Produto C,2019,6
2019-06-07,23706.730653197792,Produto C,2019,6
2019-06-08,22076.79912012927,Produto C,2019,6
2019-06-09,23366.11267762797,Produto C,2019,6
2019-06-10,21076.854917118482,Produto C,2019,6
2019-06-11,21638.804415361883,Produto C,2019,6
2019-06-12,20886.946253374495,Produto C,2019,6
2019-06-13,23427.708408448507,Produto C,2019,6
2019-06-14,22494.19142872936,Produto C,2019,6
2019-06-15,21089.68079588208,Produto C,2019,6
2019-06-16,22206.564153385752,Produto C,2019,6
2019-06-17,23689.29124397355,Produto C,2019,6
2019-06-18,22020.12677405751,Produto C,2019,6
2019-06-19,20617.65022475336,Produto C,2019,6
2019-06-20,22420.033931980877,Produto C,2019,6
2019-06-21,19064.80501518848,Produto C,2019,6
2019-06-22,23578.47218417635,Produto C,2019,6
2019-06-23,21708.537201494702,Produto C,2019,6
2019-06-24,21690.902131804134,Produto C,2019,6
2019-06-25,23949.878963320298,Produto C,2019,6
2019-06-26,20343.86528000775,Produto C,2019,6
2019-06-27,25842.490475509025,Produto C,2019,6
2019-06-28,21915.25794871803,Produto C,2019,6
2019-06-29,21904.975913466165,Produto C,2019,6
2019-06-30,24522.42029679527,Produto C,2019,6
2019-07-01,24070.9189677742,Produto C,2019,7
2019-07-02,27036.19178587017,Produto C,2019,7
2019-07-03,22668.48011225398,Produto C,2019,7
2019-07-04,22882.57520065721,Produto C,2019,7
2019-07-05,20667.111369255173,Produto C,2019,7
2019-07-06,22652.289900782365,Produto C,2019,7
2019-07-07,22058.28005647582,Produto C,2019,7
2019-07-08,22579.26177197203,Produto C,2019,7
2019-07-09,20447.250878068196,Produto C,2019,7
2019-07-10,26283.55960894145,Produto C,2019,7
2019-07-11,21117.276546892343,Produto C,2019,7
2019-07-12,18811.021738329473,Produto C,2019,7
2019-07-13,21623.13721403801,Produto C,2019,7
2019-07-14,22684.369201900616,Produto C,2019,7
2019-07-15,21807.773101459446,Produto C,2019,7
2019-07-16,25740.446898607166,Produto C,2019,7
2019-07-17,23673.925911093145,Produto C,2019,7
2019-07-18,24020.2584304216,Produto C,2019,7
2019-07-19,25100.300301049265,Produto C,2019,7
2019-07-20,24602.809629148174,Produto C,2019,7
2019-07-21,25876.79248969089,Produto C,2019,7
2019-07-22,22293.713015192025,Produto C,2019,7
2019-07-23,23338.84314027739,Produto C,2019,7
2019-07-24,25533.998151484615,Produto C,2019,7
2019-07-25,19962.72788682665,Produto C,2019,7
2019-07-26,22064.353901207814,Produto C,2019,7
2019-07-27,25445.22966839319,Produto C,2019,7
2019-07-28,23770.867183492814,Produto C,2019,7
2019-07-29,26353.933294833714,Produto C,2019,7
2019-07-30,26196.83188045515,Produto C,2019,7
2019-07-31,22676.790408766014,Produto C,2019,7
2019-08-01,25613.109124468097,Produto C,2019,8
2019-08-02,27108.74334709497,Produto C,2019,8
2019-08-03,25280.77862973446,Produto C,2019,8
2019-08-04,23316.151810429103,Produto C,2019,8
2019-08-05,26738.04139038316,Produto C,2019,8
2019-08-06,26365.076183889345,Produto C,2019,8
2019-08-07,26264.92926024212,Produto C,2019,8
2019-08-08,26649.209967916187,Produto C,2019,8
2019-08-09,19937.92825544354,Produto C,2019,8
2019-08-10,27089.847433706553,Produto C,2019,8
2019-08-11,28862.37581949469,Produto C,2019,8
2019-08-12,26412.273961851173,Produto C,2019,8
2019-08-13,26030.519713443548,Produto C,2019,8
2019-08-14,27029.35164844016,Produto C,2019,8
2019-08-15,26434.849257436766,Produto C,2019,8
2019-08-16,27085.594400811515,Produto C,2019,8
2019-08-17,25943.7792472502,Produto C,2019,8
2019-08-18,24576.18476612359,Produto C,2019,8
2019-08-19,24194.839983080372,Produto C,2019,8
2019-08-20,24268.748093519393,Produto C,2019,8
2019-08-21,23626.325639814877,Produto C,2019,8
2019-08-22,24262.732781279596,Produto C,2019,8
2019-08-23,29670.503846570664,Produto C,2019,8
2019-08-24,27838.030526165127,Produto C,2019,8
2019-08-25,25290.46964967461,Produto C,2019,8
2019-08-26,25801.525129711055,Produto C,2019,8
2019-08-27,26826.567312928928,Produto C,2019,8
2019-08-28,25426.01376991439,Produto C,2019,8
2019-08-29,26876.3831162889,Produto C,2019,8
2019-08-30,28308.429517218818,Produto C,2019,8
2019-08-31,26813.60599779957,Produto C,2019,8
2019-09-01,27598.783749701717,Produto C,2019,9
2019-09-02,28733.144286728766,Produto C,2019,9
2019-09-03,26558.498984224734,Produto C,2019,9
2019-09-04,27707.785558592972,Produto C,2019,9
2019-09-05,26619.70136628613,Produto C,2019,9
2019-09-06,27234.946983700665,Produto C,2019,9
2019-09-07,26723.388861606803,Produto C,2019,9
2019-09-08,26389.8180784674,Produto C,2019,9
2019-09-09,27837.428632049658,Produto C,2019,9
2019-09-10,28681.036662582166,Produto C,2019,9
2019-09-11,27922.062875849482,Produto C,2019,9
2019-09-12,28689.28497775049,Produto C,2019,9
2019-09-13,26305.966094412157,Produto C,2019,9
2019-09-14,25444.831165844258,Produto C,2019,9
2019-09-15,28739.90709106254,Produto C,2019,9
2019-09-16,29352.126678438093,Produto C,2019,9
2019-09-17,28146.381561880728,Produto C,2019,9
2019-09-18,30822.173928114542,Produto C,2019,9
2019-09-19,30011.566498860295,Produto C,2019,9
2019-09-20,33660.91729935409,Produto C,2019,9
2019-09-21,27917.805515276013,Produto C,2019,9
2019-09-22,26369.38157708266,Produto C,2019,9
2019-09-23,26959.744319807265,Produto C,2019,9
2019-09-24,27381.453796155507,Produto C,2019,9
2019-09-25,29573.45049261099,Produto C,2019,9
2019-09-26,24259.26925786823,Produto C,2019,9
2019-09-27,31444.33781039778,Produto C,2019,9
2019-09-28,28320.450932687265,Produto C,2019,9
2019-09-29,28373.96541446892,Produto C,2019,9
2019-09-30,26725.00781682875,Produto C,2019,9
2019-10-01,28786.20089872402,Produto C,2019,10
2019-10-02,29120.18773642797,Produto C,2019,10
2019-10-03,28909.7833506994,Produto C,2019,10
2019-10-04,29939.596599639746,Produto C,2019,10
2019-10-05,28073.610298215975,Produto C,2019,10
2019-10-06,27501.028809384195,Produto C,2019,10
2019-10-07,30594.96184687183,Produto C,2019,10
2019-10-08,29723.55804880553,Produto C,2019,10
2019-10-09,30002.33767276348,Produto C,2019,10
2019-10-10,31893.170912631198,Produto C,2019,10
2019-10-11,27566.075100938888,Produto C,2019,10
2019-10-12,27987.05831867884,Produto C,2019,10
2019-10-13,32542.645998380074,Produto C,2019,10
2019-10-14,26784.808099836173,Produto C,2019,10
2019-10-15,27219.329123791096,Produto C,2019,10
2019-10-16,31834.80740409687,Produto C,2019,10
2019-10-17,30667.53130906536,Produto C,2019,10
2019-10-18,30454.55662929584,Produto C,2019,10
2019-10-19,30102.74326742114,Produto C,2019,10
2019-10-20,30439.33463838295,Produto C,2019,10
2019-10-21,30244.442786319076,Produto C,2019,10
2019-10-22,33453.76997008828,Produto C,2019,10
2019-10-23,29722.56928150556,Produto C,2019,10
2019-10-24,30308.244098016676,Produto C,2019,10
2019-10-25,34647.435291540496,Produto C,2019,10
2019-10-26,30864.117282343388,Produto C,2019,10
2019-10-27,35768.27269879058,Produto C,2019,10
2019-10-28,30718.029659694545,Produto C,2019,10
2019-10-29,34031.31441622276,Produto C,2019,10
2019-10-30,27441.5259795864,Produto C,2019,10
2019-10-31,31505.947701189543,Produto C,2019,10
2019-11-01,27727.84094058813,Produto C,2019,11
2019-11-02,33187.03980107753,Produto C,2019,11
2019-11-03,28685.142499132406,Produto C,2019,11
2019-11-04,32090.424558392813,Produto C,2019,11
2019-11-05,30899.677349393438,Produto C,2019,11
2019-11-06,29008.92783933461,Produto C,2019,11
2019-11-07,28041.09781131768,Produto C,2019,11
2019-11-08,30600.158956944753,Produto C,2019,11
2019-11-09,35748.25526500145,Produto C,2019,11
2019-11-10,31233.526537876125,Produto C,2019,11
2019-11-11,34047.442782792146,Produto C,2019,11
2019-11-12,31914.33250314735,Produto C,2019,11
2019-11-13,34111.55600323875,Produto C,2019,11
2019-11-14,28026.889070952897,Produto C,2019,11
2019-11-15,31343.963015931447,Produto C,2019,11
2019-11-16,34512.299580526116,Produto C,2019,11
2019-11-17,32038.29429159509,Produto C,2019,11
2019-11-18,32288.106326597866,Produto C,2019,11
2019-11-19,31569.19026262909,Produto C,2019,11
2019-11-20,35289.14129075073,Produto C,2019,11
2019-11-21,33397.931096772176,Produto C,2019,11
2019-11-22,32885.94142746712,Produto C,2019,11
2019-11-23,34352.686805572404,Produto C,2019,11
2019-11-24,34302.714757697024,Produto C,2019,11
2019-11-25,33503.568837032195,Produto C,2019,11
2019-11-26,36700.31819583832,Produto C,2019,11
2019-11-27,33015.570285298716,Produto C,2019,11
2019-11-28,33884.86478486696,Produto C,2019,11
2019-11-29,31793.26849740201,Produto C,2019,11
2019-11-30,33735.72349706621,Produto C,2019,11
2019-12-01,37209.836319813345,Produto C,2019,12
2019-12-02,32008.13239440899,Produto C,2019,12
2019-12-03,30916.183839751437,Produto C,2019,12
2019-12-04,36053.55499399886,Produto C,2019,12
2019-12-05,33403.19595943454,Produto C,2019,12
2019-12-06,34062.65446582982,Produto C,2019,12
2019-12-07,33800.87121194062,Produto C,2019,12
2019-12-08,34174.31687933982,Produto C,2019,12
2019-12-09,36104.91188394579,Produto C,2019,12
2019-12-10,32114.512774618364,Produto C,2019,12
2019-12-11,31769.345610219338,Produto C,2019,12
2019-12-12,34493.40593847631,Produto C,2019,12
2019-12-13,30469.46104463437,Produto C,2019,12
2019-12-14,31104.397107846067,Produto C,2019,12
2019-12-15,39060.474362978464,Produto C,2019,12
2019-12-16,36440.31297748305,Produto C,2019,12
2019-12-17,34644.240139220354,Produto C,2019,12
2019-12-18,37777.98279956094,Produto C,2019,12
2019-12-19,32267.322958633733,Produto C,2019,12
2019-12-20,34122.01309050701,Produto C,2019,12
2019-12-21,36511.84878731775,Produto C,2019,12
2019-12-22,37251.8507796925,Produto C,2019,12
2019-12-23,36398.209617922796,Produto C,2019,12
2019-12-24,28902.31871043095,Produto C,2019,12
2019-12-25,32876.34834793331,Produto C,2019,12
2019-12-26,36547.79184147178,Produto C,2019,12
2019-12-27,34548.35924039582,Produto C,2019,12
2019-12-28,41866.90978564281,Produto C,2019,12
2019-12-29,37913.307986877575,Produto C,2019,12
2019-12-30,37070.14212552979,Produto C,2019,12
2019-12-31,32935.4284001681,Produto C,2019,12
2020-01-01,35734.67367535724,Produto C,2020,1
2020-01-02,36510.76697742107,Produto C,2020,1
2020-01-03,38834.48413426737,Produto C,2020,1
2020-01-04,38292.33147375104,Produto C,2020,1
2020-01-05,38760.841485280725,Produto C,2020,1
2020-01-06,33858.93457759784,Produto C,2020,1
2020-01-07,39895.44377268292,Produto C,2020,1
2020-01-08,32837.71046698651,Produto C,2020,1
2020-01-09,35073.30224756275,Produto C,2020,1
2020-01-10,37631.552419754924,Produto C,2020,1
2020-01-11,36217.770030479674,Produto C,2020,1
2020-01-12,34087.58445945641,Produto C,2020,1
2020-01-13,34637.54158649434,Produto C,2020,1
2020-01-14,32830.18608228428,Produto C,2020,1
2020-01-15,38297.90917113273,Produto C,2020,1
2020-01-16,40273.6143752873,Produto C,2020,1
2020-01-17,36813.728654378516,Produto C,2020,1
2020-01-18,36109.13416509096,Produto C,2020,1
2020-01-19,33382.21214206131,Produto C,2020,1
2020-01-20,39705.525725552594,Produto C,2020,1
2020-01-21,43198.41476438856,Produto C,2020,1
2020-01-22,32740.779962586254,Produto C,2020,1
2020-01-23,34745.94183645948,Produto C,2020,1
2020-01-24,35833.777046053176,Produto C,2020,1
2020-01-25,36214.79581167696,Produto C,2020,1
2020-01-26,38391.26661859405,Produto C,2020,1
2020-01-27,42158.27929374406,Produto C,2020,1
2020-01-28,40633.597466277344,Produto C,2020,1
2020-01-29,39435.19484410288,Produto C,2020,1
2020-01-30,36171.514507977976,Produto C,2020,1
2020-01-31,35187.45687826104,Produto C,2020,1
2020-02-01,36128.18890944996,Produto C,2020,2
2020-02-02,42511.21654307025,Produto C,2020,2
2020-02-03,38260.97055180288,Produto C,2020,2
2020-02-04,37300.94616397762,Produto C,2020,2
2020-02-05,38090.74573621997,Produto C,2020,2
2020-02-06,40904.10136785295,Produto C,2020,2
2020-02-07,35182.39154502403,Produto C,2020,2
2020-02-08,42680.67294397123,Produto C,2020,2
2020-02-09,39336.853074003855,Produto C,2020,2
2020-02-10,38399.61173317565,Produto C,2020,2
2020-02-11,40284.19017175714,Produto C,2020,2
2020-02-12,39751.69150434087,Produto C,2020,2
2020-02-13,38287.32652719896,Produto C,2020,2
2020-02-14,38618.4948749276,Produto C,2020,2
2020-02-15,36997.85516621042,Produto C,2020,2
2020-02-16,41291.87479632814,Produto C,2020,2
2020-02-17,38084.24751979064,Produto C,2020,2
2020-02-18,36984.98347311475,Produto C,2020,2
2020-02-19,40182.30567202293,Produto C,2020,2
2020-02-20,43506.59439406399,Produto C,2020,2
2020-02-21,39749.11345164924,Produto C,2020,2
2020-02-22,38264.49344119461,Produto C,2020,2
2020-02-23,41179.74422137934,Produto C,2020,2
2020-02-24,45568.90142177313,Produto C,2020,2
2020-02-25,36125.5329601,Produto C,2020,2
2020-02-26,41370.96854477778,Produto C,2020,2
2020-02-27,40954.7851381737,Produto C,2020,2
2020-02-28,43745.299538738065,Produto C,2020,2
2020-02-29,43350.020924625715,Produto C,2020,2
2020-03-01,40091.607156844024,Produto C,2020,3
2020-03-02,35908.76923845743,Produto C,2020,3
2020-03-03,43087.71624239736,Produto C,2020,3
2020-03-04,38482.62222174593,Produto C,2020,3
2020-03-05,38241.24617986155,Produto C,2020,3
2020-03-06,44329.55253656676,Produto C,2020,3
2020-03-07,38499.4847476105,Produto C,2020,3
2020-03-08,45240.868116346595,Produto C,2020,3
2020-03-09,42252.67998688593,Produto C,2020,3
2020-03-10,42289.21960051682,Produto C,2020,3
2020-03-11,42339.76971090309,Produto C,2020,3
2020-03-12,36777.90346926198,Produto C,2020,3
2020-03-13,36450.916750478355,Produto C,2020,3
2020-03-14,42327.53339873188,Produto C,2020,3
2020-03-15,43440.93535766988,Produto C,2020,3
2020-03-16,42108.10370123877,Produto C,2020,3
2020-03-17,39543.006161778154,Produto C,2020,3
2020-03-18,42089.3303060373,Produto C,2020,3
2020-03-19,41876.26073667867,Produto C,2020,3
2020-03-20,39380.85750006969,Produto C,2020,3
2020-03-21,45278.887194640505,Produto C,2020,3
2020-03-22,37251.20392212989,Produto C,2020,3
2020-03-23,44198.121108084124,Produto C,2020,3
2020-03-24,43678.62201230485,Produto C,2020,3
2020-03-25,45625.40626597125,Produto C,2020,3
2020-03-26,39709.81013121842,Produto C,2020,3
2020-03-27,43093.240126034456,Produto C,2020,3
2020-03-28,49370.2940113391,Produto C,2020,3
2020-03-29,44943.88911889439,Produto C,2020,3
2020-03-30,43346.12458508107,Produto C,2020,3
2020-03-31,44750.9076916789,Produto C,2020,3
2020-04-01,43473.340756665064,Produto C,2020,4
2020-04-02,49914.73726033011,Produto C,2020,4
2020-04-03,46359.44957555474,Produto C,2020,4
2020-04-04,43208.908235866176,Produto C,2020,4
2020-04-05,44319.83961578408,Produto C,2020,4
2020-04-06,42449.68560880551,Produto C,2020,4
2020-04-07,47411.93118141492,Produto C,2020,4
2020-04-08,39515.15082297733,Produto C,2020,4
2020-04-09,38984.81845836578,Produto C,2020,4
2020-04-10,48451.73485287463,Produto C,2020,4
2020-04-11,50678.19929379409,Produto C,2020,4
2020-04-12,45592.37616120989,Produto C,2020,4
2020-04-13,44584.76736544416,Produto C,2020,4
2020-04-14,46352.855184214495,Produto C,2020,4
2020-04-15,42407.04083551854,Produto C,2020,4
2020-04-16,45025.760295511405,Produto C,2020,4
2020-04-17,44701.85189167738,Produto C,2020,4
2020-04-18,46616.49809942938,Produto C,2020,4
2020-04-19,39897.27339671225,Produto C,2020,4
2020-04-20,43256.397927731334,Produto C,2020,4
2020-04-21,47569.55626637092,Produto C,2020,4
2020-04-22,42895.10306921288,Produto C,2020,4
2020-04-23,41979.97440824602,Produto C,2020,4
2020-04-24,51609.458047286804,Produto C,2020,4
2020-04-25,45392.51343784322,Produto C,2020,4
2020-04-26,43531.357726528295,Produto C,2020,4
2020-04-27,40092.93779946703,Produto C,2020,4
2020-04-28,47844.15718797433,Produto C,2020,4
2020-04-29,47839.49781343056,Produto C,2020,4
2020-04-30,44756.87479423292,Produto C,2020,4
2020-05-01,42282.22967617521,Produto C,2020,5
2020-05-02,45803.13850185135,Produto C,2020,5
2020-05-03,43295.83492031715,Produto C,2020,5
2020-05-04,43038.020088450445,Produto C,2020,5
2020-05-05,45812.476977822924,Produto C,2020,5
2020-05-06,42850.657586165034,Produto C,2020,5
2020-05-07,47113.495840418436,Produto C,2020,5
2020-05-08,48368.76825981286,Produto C,2020,5
2020-05-09,43780.01501147534,Produto C,2020,5
2020-05-10,42150.9022177011,Produto C,2020,5
2020-05-11,51736.25558761447,Produto C,2020,5
2020-05-12,43702.02808416133,Produto C,2020,5
2020-05-13,44697.503684079515,Produto C,2020,5
2020-05-14,47629.70632817282,Produto C,2020,5
2020-05-15,48981.92820052393,Produto C,2020,5
2020-05-16,46272.230144256464,Produto C,2020,5
2020-05-17,48711.28728462111,Produto C,2020,5
2020-05-18,45970.81607807201,Produto C,2020,5
2020-05-19,44180.121512258986,Produto C,2020,5
2020-05-20,52169.29564040986,Produto C,2020,5
2020-05-21,55775.373052282746,Produto C,2020,5
2020-05-22,53256.22959043841,Produto C,2020,5
2020-05-23,48202.40936677641,Produto C,2020,5
2020-05-24,53910.86180247665,Produto C,2020,5
2020-05-25,49093.89619551445,Produto C,2020,5
2020-05-26,46408.570658240984,Produto C,2020,5
2020-05-27,49646.112383463704,Produto C,2020,5
2020-05-28,47862.3165041066,Produto C,2020,5
2020-05-29,44972.89117521692,Produto C,2020,5
2020-05-30,45341.18201494541,Produto C,2020,5
2020-05-31,51143.91173993191,Produto C,2020,5
2020-06-01,42315.0621774773,Produto C,2020,6
2020-06-02,50664.892790245576,Produto C,2020,6
2020-06-03,43205.99933953976,Produto C,2020,6
2020-06-04,41621.072365500106,Produto C,2020,6
2020-06-05,42656.267279996806,Produto C,2020,6
2020-06-06,55670.68763587014,Produto C,2020,6
2020-06-07,48407.51524625087,Produto C,2020,6
2020-06-08,49461.24139256862,Produto C,2020,6
2020-06-09,54105.88661820985,Produto C,2020,6
2020-06-10,52544.33264204368,Produto C,2020,6
2020-06-11,44665.32303891176,Produto C,2020,6
2020-06-12,52512.67772132696,Produto C,2020,6
2020-06-13,50251.89981460406,Produto C,2020,6
2020-06-14,48530.92113540831,Produto C,2020,6
2020-06-15,49883.4122367044,Produto C,2020,6
2020-06-16,54317.692400105894,Produto C,2020,6
2020-06-17,46911.03612638883,Produto C,2020,6
2020-06-18,51463.94529418882,Produto C,2020,6
2020-06-19,50129.76827731447,Produto C,2020,6
2020-06-20,43993.84331920521,Produto C,2020,6
2020-06-21,47546.10528226401,Produto C,2020,6
2020-06-22,51112.49168336242,Produto C,2020,6
2020-06-23,55071.606392010865,Produto C,2020,6
2020-06-24,54132.585678471514,Produto C,2020,6
2020-06-25,52810.13783447614,Produto C,2020,6
2020-06-26,47933.16748454403,Produto C,2020,6
2020-06-27,57246.47765574909,Produto C,2020,6
2020-06-28,51746.93411761173,Produto C,2020,6
2020-06-29,47517.390728131795,Produto C,2020,6
2020-06-30,50522.089065935834,Produto C,2020,6
2020-07-01,54444.888164210235,Produto C,2020,7
2020-07-02,51381.66662514909,Produto C,2020,7
2020-07-03,54606.76368730061,Produto C,2020,7
2020-07-04,55478.40982175161,Produto C,2020,7
2020-07-05,53063.445556226005,Produto C,2020,7
2020-07-06,48651.86946133823,Produto C,2020,7
2020-07-07,52302.29174404029,Produto C,2020,7
2020-07-08,52071.22366695694,Produto C,2020,7
2020-07-09,58695.408778771605,Produto C,2020,7
2020-07-10,46229.329360247604,Produto C,2020,7
2020-07-11,51700.09704851395,Produto C,2020,7
2020-07-12,50166.403795311475,Produto C,2020,7
2020-07-13,53587.74435654667,Produto C,2020,7
2020-07-14,43615.120979246465,Produto C,2020,7
2020-07-15,56614.535082282084,Produto C,2020,7
2020-07-16,52702.555735944916,Produto C,2020,7
2020-07-17,46013.12791814881,Produto C,2020,7
2020-07-18,51518.94034181603,Produto C,2020,7
2020-07-19,55162.738153579296,Produto C,2020,7
2020-07-20,47188.07038533712,Produto C,2020,7
2020-07-21,53131.616329836346,Produto C,2020,7
2020-07-22,49321.023932678814,Produto C,2020,7
2020-07-23,51257.25739875737,Produto C,2020,7
2020-07-24,53499.87406772529,Produto C,2020,7
2020-07-25,54173.76380421993,Produto C,2020,7
2020-07-26,51844.53510904348,Produto C,2020,7
2020-07-27,54695.85498622617,Produto C,2020,7
2020-07-28,56818.99759306676,Produto C,2020,7
2020-07-29,52832.721307502354,Produto C,2020,7
2020-07-30,59307.222043091024,Produto C,2020,7
2020-07-31,59525.18710540781,Produto C,2020,7
2020-08-01,52549.95255108233,Produto C,2020,8
2020-08-02,51857.56456477419,Produto C,2020,8
2020-08-03,48093.010630633165,Produto C,2020,8
2020-08-04,53962.60652072391,Produto C,2020,8
2020-08-05,53163.88593511121,Produto C,2020,8
2020-08-06,57569.647609001324,Produto C,2020,8
2020-08-07,49014.631631558994,Produto C,2020,8
2020-08-08,53767.841456689326,Produto C,2020,8
2020-08-09,58589.36296357646,Produto C,2020,8
2020-08-10,52233.12921163806,Produto C,2020,8
2020-08-11,52201.942919931214,Produto C,2020,8
2020-08-12,49681.959829321044,Produto C,2020,8
2020-08-13,65304.762751504706,Produto C,2020,8
2020-08-14,52530.708390766275,Produto C,2020,8
2020-08-15,50502.71540128705,Produto C,2020,8
2020-08-16,52496.056882916404,Produto C,2020,8
2020-08-17,52700.3402227213,Produto C,2020,8
2020-08-18,54735.918436652755,Produto C,2020,8
2020-08-19,59053.67454229869,Produto C,2020,8
2020-08-20,54812.600636536175,Produto C,2020,8
2020-08-21,52489.48306630433,Produto C,2020,8
2020-08-22,50530.58677711606,Produto C,2020,8
2020-08-23,56338.818868554874,Produto C,2020,8
2020-08-24,56515.73874891311,Produto C,2020,8
2020-08-25,62411.86084587021,Produto C,2020,8
2020-08-26,56903.96644020222,Produto C,2020,8
2020-08-27,56252.665669828784,Produto C,2020,8
2020-08-28,52622.26002420087,Produto C,2020,8
2020-08-29,55633.08201974374,Produto C,2020,8
2020-08-30,55207.278866152374,Produto C,2020,8
2020-08-31,55570.14020839472,Produto C,2020,8
2020-09-01,53342.75933298071,Produto C,2020,9
2020-09-02,59346.14102408583,Produto C,2020,9
2020-09-03,56754.60623273168,Produto C,2020,9
2020-09-04,56621.51151196361,Produto C,2020,9
2020-09-05,50711.929349086335,Produto C,2020,9
2020-09-06,59571.49074385843,Produto C,2020,9
2020-09-07,59645.75320043,Produto C,2020,9
2020-09-08,54459.12618089724,Produto C,2020,9
2020-09-09,61856.35777819993,Produto C,2020,9
2020-09-10,52540.96707967027,Produto C,2020,9
